Product Code,Description,UoM,Category,Image,Brand
2905,BUDWEISER 330ML BOTTLE,Pcs,Beer,/files/media/product/BUDWEISER 330ML BOTTLE.webp,Budweiser
2906,BUDWEISER 500ML CAN,Pcs,Beer,/files/media/product/BUDWEISER 500ML CAN.webp,Budweiser
2902,EMBER PINE POA 250 ML,Pcs,Gin,/files/media/product/EMBER PINE POA 250 ML.webp,EMBER
2903,EMBER PINE POA 750 ML,Pcs,Gin,/files/media/product/EMBER PINE POA 750 ML.avif,EMBER
2408,GUINESS CAN SMOOTH 330ML CAN,Pcs,Beer,/files/media/product/GUINESS CAN SMOOTH 330ML CAN.webp,Guiness
2834,JINRO BLUE SOJU 360ML,Pcs,Soju,/files/media/product/JINRO BLUE SOJU 360ML.webp,Jinro
2832,JINRO CHAMISUL FRESH SOJU 360 ML,Pcs,Soju,/files/media/product/JINRO CHAMISUL FRESH SOJU 360 ML.jpg,Jinro
2833,JINRO CHAMISUL ORIGINAL SOJU 350 ML,Pcs,Soju,/files/media/product/JINRO CHAMISUL ORIGINAL SOJU 350 ML.jpg,Jinro
2413,JINRO GRAPE FRUIT SOJU 360,Pcs,Soju,/files/media/product/JINRO GRAPE FRUIT SOJU 360.jpg,Jinro
2410,JINRO GREEN GRAPE 360ML,Pcs,Soju,/files/media/product/JINRO GREEN GRAPE 360ML.jpg,Jinro
2900,JINRO LEMON SOJU 350ML,Pcs,Soju,/files/media/product/JINRO LEMON SOJU 350ML.jpg,Jinro
2411,JINRO PEACH 360ML,Pcs,Soju,/files/media/product/JINRO PEACH 360ML.jpg,Jinro
2412,JINRO PLUM SOJU 360ML,Pcs,Soju,/files/media/product/JINRO PLUM SOJU 360ML.png,Jinro
2414,JINRO STRAWBERRY 360ML,Pcs,Soju,/files/media/product/JINRO STRAWBERRY 360ML.webp,Jinro
2904,KO LIME AND GINGER 330 ML CAN,Pcs,Breezer,/files/media/product/KO LIME AND GINGER 330 ML CAN.jpg,Kenyan Originals
2482,OJ 20% BEER,Pcs,Beer,/files/media/product/OJ 20% BEER.webp,OJ
2911,ROYAL CIRCLE WHISKY COLA 330ML,Pcs,whisky,/files/media/product/ROYAL CIRCLE WHISKY COLA 330ML.avif,ROYAL CIRCLE
2430,SMIRNOFF - ICE GUARANA 330ML,Pcs,Breezer,/files/media/product/SMIRNOFF - ICE GUARANA 330ML.webp,Smirnoff
2845,SMIRNOFF ICE RASBERRY CAN 330ML,Pcs,Breezer,/files/media/product/SMIRNOFF ICE RASBERRY CAN 330ML.jpg,Smirnoff
2922,TUBORG GREEN BOTTLE 330ML,Pcs,Beer,/files/media/product/TUBORG GREEN BOTTLE 330ML.jpg,Tuborg
2020,TUBORG GREEN CAN 500ML,Pcs,Beer,/files/media/product/TUBORG GREEN CAN 500ML.webp,Tuborg
2126,WINDHOEK LAGER 33OML,Pcs,Beer,/files/media/product/WINDHOEK LAGER 33OML.jpg,Windhoek
174,BARDINET BRANDY VSOP 1ltr,Pcs,Brandy,/files/media/product/BARDINET BRANDY VSOP 1ltr.jpg,BARDINET
2388,CICERO BRANDY 250ML,Pcs,Brandy,/files/media/product/CICERO BRANDY 250ML.webp,CICERO
2477,JP CHENET VS 700ML,Pcs,Cognac,/files/media/product/JP CHENET VS 700ML.jpeg,JP CHENET
2415,LIBERTY SPIRIT 250ML,Pcs,Spirit,/files/media/product/LIBERTY SPIRIT 250ML.webp,LIBERTY
1267,LAURENT- PERRIER ROSE CHAMPAGNE 750ML,Pcs,Wine,/files/media/product/LAURENT- PERRIER ROSE CHAMPAGNE 750ML.jpg,Laurent Perrier
2305,LUC BELAIRE RARE BRUT 750ML,Pcs,Wine,/files/media/product/LUC BELAIRE RARE BRUT 750ML.jpg,Luc Belaire
1323,LUC BELAIRE RARE ROSE 750ML,Pcs,Wine,/files/media/product/LUC BELAIRE RARE ROSE 750ML.jpeg,Luc Belaire
2374,LUC BELAIRE ROSE 1.5LTR,Pcs,Wine,/files/media/product/LUC BELAIRE ROSE 1.5LTR.jpg,Luc Belaire
1450,MOET & CHANDON BRUT IMPERIAL 750ML,Pcs,Wine,/files/media/product/MOET & CHANDON BRUT IMPERIAL 750ML.jpeg,Moet & Chandon
1444,MOET & CHANDON ICE IMPERIAL 750ML,Pcs,Wine,/files/media/product/MOET & CHANDON ICE IMPERIAL 750ML.jpeg,Moet & Chandon
1454,MOET & CHANDON NECTAR IMPERIAL 750ml,Pcs,Wine,/files/media/product/MOET & CHANDON NECTAR IMPERIAL 750ml.webp,Moet & Chandon
1449,MOET & CHANDON NECTAR IMPERIAL ROSE 750ML,Pcs,Wine,/files/media/product/MOET & CHANDON NECTAR IMPERIAL ROSE 750ML.webp,Moet & Chandon
1453,MOET & CHANDON ROSE IMPERIAL 750ml,Pcs,Wine,/files/media/product/MOET & CHANDON ROSE IMPERIAL 750ml.jpg,Moet & Chandon
2580,KO DRY CIDER 500ML,Pcs,Cider,/files/media/product/KO DRY CIDER 500ML.jpg,Kenyan Originals
2407,KO HONEY & LEMON 330ML,Pcs,Cider,/files/media/product/KO HONEY & LEMON 330ML.jpeg,Kenyan Originals
2406,KO PASSION FRUIT & LIME CAN 330ML,Pcs,Cider,/files/media/product/KO PASSION FRUIT & LIME CAN 330ML.png,Kenyan Originals
2405,KO PINEAPPLE & MINT CAN 330ML,Pcs,Cider,/files/media/product/KO PINEAPPLE & MINT CAN 330ML.jpg,Kenyan Originals
2399,MANYATTA CAN PINEAPPLE & MINT 330ML,Pcs,Cider,/files/media/product/MANYATTA CAN PINEAPPLE & MINT 330ML.webp,MANYATTA
2329,Snapp Dry Cider 330ml,Pcs,cider,/files/media/product/Snapp Dry Cider 330ml.png,SNAPP
2368,DUNHILL SINGLE SWITCH,Pcs,Cigarette,/files/media/product/DUNHILL SINGLE SWITCH.jpg,DUNHILL
1864,SPORTSMAN KING SIZE,Pcs,Cigarette,/files/media/product/SPORTSMAN KING SIZE.jpeg,SPORTSMAN
2846,CHATEAU MONTIFAUD VSOP 700ML,Pcs,cognac,/files/media/product/CHATEAU MONTIFAUD VSOP 700ML.jpeg,CHATEAU
2848,GLENMORANGIE 18YRS THE INFINITA 700ML,Pcs,whisky,/files/media/product/GLENMORANGIE 18YRS THE INFINITA 700ML.png,GLENMORANGIE
2804,HENNESSY PURE WHITE 700ML,Pcs,cognac,/files/media/product/HENNESSY PURE WHITE 700ML.webp,Hennessy
2847,JACK DANIEL'S APPLE 350ML,Pcs,whisky,/files/media/product/JACK DANIEL'S APPLE 350ML.webp,Jack daniel's
2851,MARTEL NOBLIGE 1 LITRE,Pcs,cognac,/files/media/product/MARTEL NOBLIGE 1 LITRE.webp,MARTELL
2455,MARTEL XO 1LTR,Pcs,cognac,/files/media/product/MARTEL XO 1LTR.jpeg,MARTELL
2810,MENARD VSOP 700ML,Pcs,cognac,/files/media/product/MENARD VSOP 700ML.webp,MENARD
2808,MONTIFAUD VSOP 700ML,Pcs,cognac,/files/media/product/MONTIFAUD VSOP 700ML.jpg,MONTIFAUD
2809,MOULLON VSOP 700ML,Pcs,cognac,/files/media/product/MOULLON VSOP 700ML.jpeg,MOULLON
2843,AMARULA RASPBERRY CHOCOLATE 750ML,Pcs,Cream,/files/media/product/AMARULA RASPBERRY CHOCOLATE 750ML.webp,AMARULA
749,FOUR COUSINS MARULA CREAM 500ML,Pcs,Cream,/files/media/product/FOUR COUSINS MARULA CREAM 500ML.webp,FOUR COUSINS
2874,AVALON GIN 250ML,Pcs,Gin,/files/media/product/AVALON GIN 250ML.jpg,AVALON
2876,AVALON GIN 750ML,Pcs,Gin,/files/media/product/AVALON GIN 750ML.avif,AVALON
2811,BOMBAY SAPPHIRE PREMIER CRU 700ML,Pcs,Gin,/files/media/product/BOMBAY SAPPHIRE PREMIER CRU 700ML.webp,BOMBAY
2812,BOMBAY SAPPHIRE SUNSET SPERCIAL 500ML,Pcs,Gin,/files/media/product/BOMBAY SAPPHIRE SUNSET SPERCIAL 500ML.webp,BOMBAY
2713,CARIBIA GIN 250ML,Pcs,Gin,/files/media/product/CARIBIA GIN 250ML.jpeg,CARIBIA
2714,CARIBIA GIN 750ML,Pcs,Gin,/files/media/product/CARIBIA GIN 750ML.jpg,CARIBIA
2404,CRUXLAND TUFFLE GIN 750ML,Pcs,Gin,/files/media/product/CRUXLAND TUFFLE GIN 750ML.png,CRUXLAND
2840,DRUMSHANBO GUN POWDER ORANGE CITRUS 700ML,Pcs,Gin,/files/media/product/DRUMSHANBO GUN POWDER ORANGE CITRUS 700ML.webp,DRUMSHANBO
2841,DRUMSHANBO GUN POWDER ORIENTAL BOTANICAL 700ML,Pcs,Gin,/files/media/product/DRUMSHANBO GUN POWDER ORIENTAL BOTANICAL 700ML.webp,DRUMSHANBO
2839,DRUMSHANBO GUN POWDER SARDINIAN CITRUS 700ML,Pcs,Gin,/files/media/product/DRUMSHANBO GUN POWDER SARDINIAN CITRUS 700ML.jpg,DRUMSHANBO
819,GIBSON ORANGE 700ml,Pcs,Gin,/files/media/product/GIBSON ORANGE 700ml.webp,Gibson's
2867,GILBEYS BERRY 750ML,Pcs,Gin,/files/media/product/GILBEYS BERRY 750ML.webp,GILBEYS
2223,GILBEYS PINK 250ML,Pcs,Gin,/files/media/product/GILBEYS PINK 250ML.png,GILBEYS
2192,GORDONS LEMON 1LTR,Pcs,Gin,/files/media/product/GORDONS LEMON 1LTR.jpeg,Gordon's
2817,HAYMAN'S LONDON DRY GIN 700ML,Pcs,Gin,/files/media/product/HAYMAN'S LONDON DRY GIN 700ML.jpg,Haymans
2818,HAYMAN'S OLD TOM 700ML,Pcs,Gin,/files/media/product/HAYMAN'S OLD TOM 700ML.png,Haymans
2819,HAYMAN'S SLOE GIN 700ML,Pcs,Gin,/files/media/product/HAYMAN'S SLOE GIN 700ML.webp,Haymans
2576,HENKES GIN 750ML,Pcs,Gin,/files/media/product/HENKES GIN 750ML.png,HENKES
1087,JJ WHITLEY NEIL LONDON DRY GIN 750ML,Pcs,Gin,/files/media/product/JJ WHITLEY NEIL LONDON DRY GIN 750ML.jpg,WHITLEY NEIL
1088,JJ WHITLEY NEIL PINK CHERRY GIN 750ML,Pcs,Gin,/files/media/product/JJ WHITLEY NEIL PINK CHERRY GIN 750ML.jpg,WHITLEY NEIL
2835,KO LEMON CELLO 10% GIN COCKTAIL 330ML CAN,Pcs,Breezer,/files/media/product/KO LEMON CELLO 10% GIN COCKTAIL 330ML CAN.jpg,Kenyan Originals
1481,MR. BOSTON GIN 1ltr,Pcs,Gin,/files/media/product/MR. BOSTON GIN 1ltr.jpeg,MR BOSTON
2279,MUSGRAVE PINK GIN 750ML,Pcs,Gin,/files/media/product/MUSGRAVE PINK GIN 750ML.jpeg,MUSGRAVE
2549,PERIGANS LONDON 700ML,Pcs,Gin,/files/media/product/PERIGANS LONDON 700ML.jpeg,PERIGANS
2570,SIX DOGS KAROO 750ML,Pcs,Gin,/files/media/product/SIX DOGS KAROO 750ML.png,SIX DOGS
1933,TANQUERAY - IMPORTED 1LT,Pcs,Gin,/files/media/product/TANQUERAY - IMPORTED 1LT.jpg,Tanqueray
2317,TANQUERAY MALACCA 700ML,Pcs,Gin,/files/media/product/TANQUERAY MALACCA 700ML.webp,Tanqueray
1934,TANQUERAY SEVILLA GIN 1LTR,Pcs,Gin,/files/media/product/TANQUERAY SEVILLA GIN 1LTR.jpg,Tanqueray
1935,TANQUERAY STERLING 1LTR,Pcs,Gin,/files/media/product/TANQUERAY STERLING 1LTR.webp,Tanqueray
2447,VALE PINK GIN 750ML,Pcs,Gin,/files/media/product/VALE PINK GIN 750ML.jpeg,VALE
2492,VICTORIA STAG GIN 750ML,Pcs,Gin,/files/media/product/VICTORIA STAG GIN 750ML.jpg,VICTORIA STAG
2318,WHITLEY NEIL PARMA VIOLET 1LTR,Pcs,Gin,/files/media/product/WHITLEY NEIL PARMA VIOLET 1LTR.jpg,WHITLEY NEIL
2353,BARDINET BLUE CURACAO 750ML,Pcs,Liqueur,/files/media/product/BARDINET BLUE CURACAO 750ML.jpeg,BARDINET
2352,BARDINET CHERRY 750ML,Pcs,Liqueur,/files/media/product/BARDINET CHERRY 750ML.jpg,BARDINET
2350,BARDINET CREME DE BANANA 750ML,Pcs,Liqueur,/files/media/product/BARDINET CREME DE BANANA 750ML.png,BARDINET
2440,BARDINET CREME DE CAFE 750ML,Pcs,Liqueur,/files/media/product/BARDINET CREME DE CAFE 750ML.jpg,BARDINET
2351,BARDINET TRIPLE SEC 750ML,Pcs,Liqueur,/files/media/product/BARDINET TRIPLE SEC 750ML.jpg,BARDINET
250,BLUE CURACAO LIQUEUR 750ML,Pcs,Liqueur,/files/media/product/BLUE CURACAO LIQUEUR 750ML.jpg,BLUE CURACAO
684,FERNET BRANCA LIQUEUR 1LTR,Pcs,Liqueur,/files/media/product/FERNET BRANCA LIQUEUR 1LTR.jpg,FERNET BRANCA
2824,JAGERMEISTER 1.75ML,Pcs,Liqueur,/files/media/product/JAGERMEISTER 1.75ML.webp,Jagermeister
1048,JAGERMEISTER 750ML,Pcs,Liqueur,/files/media/product/JAGERMEISTER 750ML.jpg,Jagermeister
2398,JAGERMEISTER COLD BREW 1LTR,Pcs,Liqueur,/files/media/product/JAGERMEISTER COLD BREW 1LTR.jpg,Jagermeister
1051,JAGERMEISTER WITH CORK 750ML,Pcs,Liqueur,/files/media/product/JAGERMEISTER WITH CORK 750ML.jpg,Jagermeister
2619,ORIJIN BITTERS 250ML,Pcs,Bitters,/files/media/product/ORIJIN BITTERS 250ML.jpeg,ORIJIN
2855,ORIJIN BITTERS 750ml,Pcs,Bitters,/files/media/product/ORIJIN BITTERS 750ml.jpg,ORIJIN
1617,PERNOD LIQUEUR 700ML,Pcs,Liqueur,/files/media/product/PERNOD LIQUEUR 700ML.png,PERNOD
2854,TORRERO 700ML,Pcs,Liqueur,/files/media/product/TORRERO 700ML.jpg,TORRERO
2831,KO MUKHOMBERO 10% GIN COCTAIL 330ML CAN,Pcs,Breezer,/files/media/product/KO MUKHOMBERO 10% GIN COCTAIL 330ML CAN.jpg,Kenyan Originals
995,BOTTLES DEPOSIT,Pcs,Others,/files/media/product/BOTTLES DEPOSIT.jpg,
996,CRATES DEPOSIT,Pcs,Others,/files/media/product/CRATES DEPOSIT.png,
2820,APPLETON ESTATE 12 YEARS LITRE,Pcs,Rum,/files/media/product/APPLETON ESTATE 12 YEARS LITRE.webp,APPLETON
2380,BUMBU XO 700ML,Pcs,cognac,/files/media/product/BUMBU XO 700ML.jpeg,BUMBU
2651,CAPTAIN MORGAN MUCKPIT 750ML,Pcs,Liqueur,/files/media/product/CAPTAIN MORGAN MUCKPIT 750ML.webp,Captain Morgan
2652,CAPTAIN MUCK PIT 250ML,Pcs,Liqueur,/files/media/product/CAPTAIN MUCK PIT 250ML.webp,Captain Morgan
2813,DON PAPA SINGLE ISLAND RUM 700ML,Pcs,Rum,/files/media/product/DON PAPA SINGLE ISLAND RUM 700ML.jpg,DON PAPA
2475,HAVANA CLUB RHUM ANEJO 3YRS LITRE,Pcs,whisky,/files/media/product/HAVANA CLUB RHUM ANEJO 3YRS LITRE.png,HAVANA CLUB
2476,HAVANA CLUB RHUM ESPECIA LITRE,Pcs,whisky,/files/media/product/HAVANA CLUB RHUM ESPECIA LITRE.webp,HAVANA CLUB
1987,THREE MONKEYS RED 750ML,Pcs,Gin,/files/media/product/THREE MONKEYS RED 750ML.webp,THREE MONKEYS
2836,COKE 1LITRE,Pcs,Beverage,/files/media/product/COKE 1LITRE.webp,COKE
2493,DAWA DRINK 500ML,Pcs,Beverage,/files/media/product/DAWA DRINK 500ML.jpeg,DAWA
590,DELMONTE PASSION 1LTR,Pcs,Juice,/files/media/product/DELMONTE PASSION 1LTR.webp,Delmonte
2634,FANTA BLACK CURRENT 1.25L,Pcs,Beverage,/files/media/product/FANTA BLACK CURRENT 1.25L.webp,FANTA
2635,FANTA BLACK CURRENT 2L,Pcs,Beverage,/files/media/product/FANTA BLACK CURRENT 2L.jpeg,FANTA
2865,Fanta Black Current 350ML,Pcs,Beverage,/files/media/product/Fanta Black Current 350ML.jpeg,FANTA
2636,FANTA BLACK CURRENT 500ML,Pcs,Beverage,/files/media/product/FANTA BLACK CURRENT 500ML.jpg,FANTA
679,FANTA ORANGE 1.25L,Pcs,Beverage,/files/media/product/FANTA ORANGE 1.25L.jpeg,FANTA
680,FANTA ORANGE 2L,Pcs,Beverage,/files/media/product/FANTA ORANGE 2L.avif,FANTA
2861,Fanta Orange 350ml,Pcs,Beverage,/files/media/product/Fanta Orange 350ml.webp,FANTA
681,FANTA ORANGE 500ML,Pcs,Beverage,/files/media/product/FANTA ORANGE 500ML.jpg,FANTA
2637,FANTA PASSION 2L,Pcs,Beverage,/files/media/product/FANTA PASSION 2L.jpeg,FANTA
2638,FANTA PASSION 500ML,Pcs,Beverage,/files/media/product/FANTA PASSION 500ML.jpeg,FANTA
2639,MINUTE MAID APPLE 400ML,Pcs,Juice,/files/media/product/MINUTE MAID APPLE 400ML.jpeg,MINUTE MAID
2827,MINUTE MAID APPPLE 1 LTR,Pcs,Juice,/files/media/product/MINUTE MAID APPPLE 1 LTR.jpg,MINUTE MAID
2826,MINUTE MAID MANGO 1 LTR,Pcs,Juice,/files/media/product/MINUTE MAID MANGO 1 LTR.jpeg,MINUTE MAID
2641,MINUTE MAID TROPICAL 400ML,Pcs,Juice,/files/media/product/MINUTE MAID TROPICAL 400ML.avif,MINUTE MAID
2828,MINUTE MAID TROPICAL MIXED FRUIT 1 LTR,Pcs,Juice,/files/media/product/MINUTE MAID TROPICAL MIXED FRUIT 1 LTR.jpg,MINUTE MAID
2829,MINUTE MANGO 400ML,Pcs,Juice,/files/media/product/MINUTE MANGO 400ML.jpg,MINUTE MAID
2868,NOVIDA 350ML,Pcs,Beverage,/files/media/product/NOVIDA 350ML.jpg,NOVIDA
2615,POWER PLAY,Pcs,Beverage,/files/media/product/POWER PLAY.avif,POWER PLAY
2616,PREDATOR ENERGY,Pcs,Beverage,/files/media/product/PREDATOR ENERGY.avif,PREDATOR
2456,SCHWEEPES BITTER LEMON 500ML,Pcs,beverage,/files/media/product/SCHWEEPES BITTER LEMON 500ML.webp,SCHWEEPES
2838,SPRITE 1 LITRE,Pcs,beverage,/files/media/product/SPRITE 1 LITRE.jpg,SPRITE
2862,Sprite 350ml,Pcs,beverage,/files/media/product/Sprite 350ml.webp,SPRITE
2863,Stoney 350ml,Pcs,beverage,/files/media/product/Stoney 350ml.avif,STONEY
2873,DALLAS BRANDY 250ML,Pcs,brandy,/files/media/product/DALLAS BRANDY 250ML.avif,DALLAS
2864,KANE EXTRA 250ML,Pcs,Spirit,/files/media/product/KANE EXTRA 250ML.avif,KANE EXTRA
2452,KANE EXTRA 750ML,Pcs,Spirit,/files/media/product/KANE EXTRA 750ML.jpg,KANE EXTRA
2403,KENYA CANE LEMON & GINGER 750ML,Pcs,Liqueur,/files/media/product/KENYA CANE LEMON & GINGER 750ML.webp,KENYA CANE
1229,KONYAGI 250 ML,Pcs,Spirit,/files/media/product/KONYAGI 250 ML.avif,KONYAGI
1230,KONYAGI 500 ML,Pcs,Spirit,/files/media/product/KONYAGI 500 ML.jpg,KONYAGI
2481,1800 REPOSADO RF LITRE,Pcs,Tequila,/files/media/product/1800 REPOSADO RF LITRE.jpg,1800 Tequila
2468,CASA MIGOS ANEJO 700ML,Pcs,Tequila,/files/media/product/CASA MIGOS ANEJO 700ML.webp,CASA MIGOS
2469,CASA MIGOS BLANCO 700ML,Pcs,Tequila,/files/media/product/CASA MIGOS BLANCO 700ML.jpg,CASA MIGOS
623,DON JULIO BLANCO 750ML,Pcs,Tequila,/files/media/product/DON JULIO BLANCO 750ML.webp,DON JULIO
1557,OLMECA ALTOS REPOSADO 38% 750ML,Pcs,Tequila,/files/media/product/OLMECA ALTOS REPOSADO 38% 750ML.jpeg,OLMECA
1609,PEPE LOPEZ TEQUILA 1LTR,Pcs,Tequila,/files/media/product/PEPE LOPEZ TEQUILA 1LTR.jpg,PEPE LOPEZ
2485,VOLCAN REPOSADO 700ML,Pcs,Tequila,/files/media/product/VOLCAN REPOSADO 700ML.webp,VOLCAN
2891,"13000 PASSION FRUIT KIWI GUAVA , 88004",Pcs,Vape,"/files/media/product/13000 PASSION FRUIT KIWI GUAVA , 88004.jpeg",
2887,"13000 PEACH GRAPE , 88006",Pcs,Vape,"/files/media/product/13000 PEACH GRAPE , 88006.webp",
2890,"13000 PEACH MANGO ICE, 84957",Pcs,Vape,"/files/media/product/13000 PEACH MANGO ICE, 84957.jpeg",
2883,"6500 PUFFS GRAPE ICE COLOUR , 18694",Pcs,Vape,"/files/media/product/6500 PUFFS GRAPE ICE COLOUR , 18694.webp",
2885,"6500 PUFFS LIME MINT, 94867",Pcs,Vape,"/files/media/product/6500 PUFFS LIME MINT, 94867.webp",
2886,"6500 PUFFS PEACH MANGO ICE COLOUR, 18801",Pcs,Vape,"/files/media/product/6500 PUFFS PEACH MANGO ICE COLOUR, 18801.webp",
2884,"6500 PUFFS PINEAPPLE PASSION FRUIT COLOUR , 18800",Pcs,Vape,"/files/media/product/6500 PUFFS PINEAPPLE PASSION FRUIT COLOUR , 18800.webp",
2882,"6500 PUFFS WATERMELON ICE COLOUR, 18687",Pcs,Vape,"/files/media/product/6500 PUFFS WATERMELON ICE COLOUR, 18687.webp",
2920,BLUEBERRY ICE 1800 PUFFS,Pcs,Vape,/files/media/product/BLUEBERRY ICE 1800 PUFFS.jpeg,
2915,BLUE RAZZ 9000 PUFFS,Pcs,Vape,/files/media/product/BLUE RAZZ 9000 PUFFS.jpg,
2919,COLA LIME 1800 PUFFS,Pcs,Vape,/files/media/product/COLA LIME 1800 PUFFS.webp,
2916,COLA LIME 9000 PUFFS,Pcs,Vape,/files/media/product/COLA LIME 9000 PUFFS.jpg,
2889,"JUPITER 13000 GRAPE ICE , 74363",Pcs,Vape,"/files/media/product/JUPITER 13000 GRAPE ICE , 74363.webp",
2888,"JUPITER 13000 RASPBERRY LEMON , 29716",Pcs,Vape,"/files/media/product/JUPITER 13000 RASPBERRY LEMON , 29716.jpeg",
2918,SUN KISSED GRAPE 9000 PUFFS,Pcs,Vape,/files/media/product/SUN KISSED GRAPE 9000 PUFFS.webp,
2892,"VAPENGIN BATTERY , 96800",Pcs,Vape,"/files/media/product/VAPENGIN BATTERY , 96800.jpeg",
2917,WATERMELON ICE 9000 PUFFS,Pcs,Vape,/files/media/product/WATERMELON ICE 9000 PUFFS.jpeg,
2533,IRIS VERMOUTH BLANCO LITRE,Pcs,Vermouth,/files/media/product/IRIS VERMOUTH BLANCO LITRE.webp,IRIS VERMOUTH
2534,IRIS VERMOUTH ROJO LITRE,Pcs,Vermouth,/files/media/product/IRIS VERMOUTH ROJO LITRE.jpg,IRIS VERMOUTH
2457,ABSOLUT LIME LITRE,Pcs,Vodka,/files/media/product/ABSOLUT LIME LITRE.webp,Absolut
36,ABSOLUT PEACH 1LTR,Pcs,Vodka,/files/media/product/ABSOLUT PEACH 1LTR.webp,Absolut
2878,AVALON VODKA 250ML,Pcs,Vodka,/files/media/product/AVALON VODKA 250ML.jpg,AVALON
2879,AVALON VODKA 750ML,Pcs,Vodka,/files/media/product/AVALON VODKA 750ML.jpg,AVALON
2265,BLUE MOON 750ML,Pcs,Spirit,/files/media/product/BLUE MOON 750ML.avif,BLUE MOON
479,CIROC APPLE 750ML,Pcs,Vodka,/files/media/product/CIROC APPLE 750ML.jpg,CIROC
2470,CIROC COCONUT 700ML,Pcs,Vodka,/files/media/product/CIROC COCONUT 700ML.jpg,CIROC
2471,CIROC LIMONATA 700ML,Pcs,Vodka,/files/media/product/CIROC LIMONATA 700ML.png,CIROC
2472,CIROC PEACH 700ML,Pcs,Vodka,/files/media/product/CIROC PEACH 700ML.jpg,CIROC
485,CIROC PINEAPPLE VODKA 1LTR,Pcs,Vodka,/files/media/product/CIROC PINEAPPLE VODKA 1LTR.png,CIROC
2458,CIROC RED BERRY LITRE,Pcs,Vodka,/files/media/product/CIROC RED BERRY LITRE.jpeg,CIROC
2381,CIROC SNAP FOREST 1LTR,Pcs,Vodka,/files/media/product/CIROC SNAP FOREST 1LTR.webp,CIROC
2579,FLIRT STRAWBERRY 700ML,Pcs,Vodka,/files/media/product/FLIRT STRAWBERRY 700ML.webp,FLIRT
2581,FLIRT VODKA CHOCOLATE 700ML,Pcs,Vodka,/files/media/product/FLIRT VODKA CHOCOLATE 700ML.jpeg,FLIRT
820,GIBSON'S GIN 1LTR,Pcs,Gin,/files/media/product/GIBSON'S GIN 1LTR.webp,Gibson's
2409,MR BOSTON VODKA 1LTR,Pcs,Vodka,/files/media/product/MR BOSTON VODKA 1LTR.png,MR BOSTON
2567,PEROVSKAIA CHOCOLATE VODKA LITRE,Pcs,Vodka,/files/media/product/PEROVSKAIA CHOCOLATE VODKA LITRE.jpeg,PEROVSKAIA
2568,PEROVSKAIA CRANBERRY VODKA LITRE,Pcs,Vodka,/files/media/product/PEROVSKAIA CRANBERRY VODKA LITRE.jpeg,PEROVSKAIA
2569,PEROVSKAIA PLATIMUM VODKA LITRE,Pcs,Vodka,/files/media/product/PEROVSKAIA PLATIMUM VODKA LITRE.jpeg,PEROVSKAIA
2852,PLATINUM VODKA LITRE,Pcs,Vodka,/files/media/product/PLATINUM VODKA LITRE.webp,PLATINUM
2393,RUSSIAN BEAR ENERGY FUDION EXPORT 750ML,Pcs,vodka,/files/media/product/RUSSIAN BEAR ENERGY FUDION EXPORT 750ML.jpg,RUSSIAN BEAR
2395,RUSSIAN BEAR PASSION FRUIT 750ML,Pcs,vodka,/files/media/product/RUSSIAN BEAR PASSION FRUIT 750ML.jpeg,RUSSIAN BEAR
2394,RUSSIAN BEAR VODKA 750ML,Pcs,vodka,/files/media/product/RUSSIAN BEAR VODKA 750ML.webp,RUSSIAN BEAR
2396,RUSSIAN BEAR WILD BERRY EXPORT 750ML,Pcs,vodka,/files/media/product/RUSSIAN BEAR WILD BERRY EXPORT 750ML.webp,RUSSIAN BEAR
825,SMIRNOFF,Pcs,Others,/files/media/product/SMIRNOFF.png,Smirnoff
2866,SMIRNOFF COSMO COCKTAIL 750ML,Pcs,Liqueur,/files/media/product/SMIRNOFF COSMO COCKTAIL 750ML.webp,Smirnoff
2360,STOLICHNAYA HOT 750ML,Pcs,vodka,/files/media/product/STOLICHNAYA HOT 750ML.jpg,Stolichnaya
2856,DALALI SPARKLING WATER 1L,Pcs,beverage,,DALALI
2921,DALALI WATER MINERAL 500ml,Pcs,beverage,,DALALI
567,DALALI WATER STILL MINERAL 1LTR,Pcs,beverage,,DALALI
2859,100 Strokes Whisky 375ML,Pcs,whisky,/files/media/product/100 Strokes Whisky 375ML.jpeg,100 STROKES
2858,100 Strokes Whisky 750ML,Pcs,whisky,/files/media/product/100 Strokes Whisky 750ML.webp,100 STROKES
2530,44 BLENDED SCOTCH 700ML,Pcs,whisky,/files/media/product/44 BLENDED SCOTCH 700ML.png,44 BLENDED
2795,6TH SENSE LONDON DRY GIN 1 LITRE,Pcs,Gin,/files/media/product/6TH SENSE LONDON DRY GIN 1 LITRE.png,6TH SENSE
27,8PM BLENDED WHISKY FIRE 750ML,Pcs,whisky,/files/media/product/8PM BLENDED WHISKY FIRE 750ML.png,8Pm
28,8PM WHISKY HONEY 750ML,Pcs,whisky,/files/media/product/8PM WHISKY HONEY 750ML.jpg,8Pm
2459,ABERLOUR 12YRS DOUBLE CASK LITRE,Pcs,whisky,/files/media/product/ABERLOUR 12YRS DOUBLE CASK LITRE.jpeg,Aberlour
78,ALL SEASONS 375ML,Pcs,whisky,/files/media/product/ALL SEASONS 375ML.avif,ALL SEASONS
2871,AMRUT SINGLE MALT WHISKY 700ML,Pcs,whisky,/files/media/product/AMRUT SINGLE MALT WHISKY 700ML.webp,AMRUT
2796,ARMAND DE BRIGNAC BRUT GOLD 750ML,Pcs,wine,/files/media/product/ARMAND DE BRIGNAC BRUT GOLD 750ML.jpg,ARMAND DE BRIGNAC
2875,AVALON PREMIUM WHISKY 250ML,Pcs,whisky,/files/media/product/AVALON PREMIUM WHISKY 250ML.jpg,AVALON
2877,AVALON PREMIUM WHISKY 750ML,Pcs,whisky,/files/media/product/AVALON PREMIUM WHISKY 750ML.avif,AVALON
2575,BALLANTINE BRASIL 750ML,Pcs,whisky,/files/media/product/BALLANTINE BRASIL 750ML.webp,Ballantine's
169,BALLANTINES 375ML,Pcs,whisky,/files/media/product/BALLANTINES 375ML.jpg,Ballantine's
2794,BLACK RAM APPLE 1 LITRE,Pcs,whisky,/files/media/product/BLACK RAM APPLE 1 LITRE.png,BLACK RAM
2791,BLACK RAM BOURBON FINISH 1 LITRE,Pcs,whisky,/files/media/product/BLACK RAM BOURBON FINISH 1 LITRE.png,BLACK RAM
2792,BLACK RAM BOURBON FINISH 700 ML,Pcs,whisky,/files/media/product/BLACK RAM BOURBON FINISH 700 ML.png,BLACK RAM
2793,BLACK RAM HONEY 1 LITRE,Pcs,whisky,/files/media/product/BLACK RAM HONEY 1 LITRE.jpeg,BLACK RAM
2515,BLUE WARRIOR WHISY LITRE,Pcs,whisky,/files/media/product/BLUE WARRIOR WHISY LITRE.png,BLUE WARRIOR
2821,CARDHU AMBER ROCK 700ML,Pcs,whisky,/files/media/product/CARDHU AMBER ROCK 700ML.jpeg,Cardhu
468,CHIVAS REGAL XV 15YRS WHISKY 750ML,Pcs,whisky,/files/media/product/CHIVAS REGAL XV 15YRS WHISKY 750ML.jpeg,CHIVAS REGAL
2215,CLEN BACK CANADIAN 750ML,Pcs,whisky,/files/media/product/CLEN BACK CANADIAN 750ML.png,CLEN BACK
2801,CROWN ROYAL FINE DE LUXE LITRE,Pcs,whisky,/files/media/product/CROWN ROYAL FINE DE LUXE LITRE.jpeg,CROWN ROYAL
2473,DALMORE 12YRS SHERRY CASK SELECT 700ML,Pcs,whisky,/files/media/product/DALMORE 12YRS SHERRY CASK SELECT 700ML.jpeg,Dalmore
571,DALWHINNE 15YRS WHISKY 750ML,Pcs,whisky,/files/media/product/DALWHINNE 15YRS WHISKY 750ML.png,DALWHINNE
2802,DEWARS 18YEARS LITRE,Pcs,whisky,/files/media/product/DEWARS 18YEARS LITRE.jpeg,Dewar's
2453,FIRE BALL 1LTR,Pcs,whisky,/files/media/product/FIRE BALL 1LTR.jpeg,FIRE BALL
2200,GENTLEMAN JACK 1LTR,Pcs,whisky,/files/media/product/GENTLEMAN JACK 1LTR.jpg,Jack daniel's
2474,GLENFIDDICH RESERVE 18YRS 700ML,Pcs,whisky,/files/media/product/GLENFIDDICH RESERVE 18YRS 700ML.jpg,Glenfiddich
837,GLENFIDDICH SOLERA 15YRS 700ML,Pcs,whisky,/files/media/product/GLENFIDDICH SOLERA 15YRS 700ML.webp,Glenfiddich
873,GLENMORANGIE 10YRS ORIGINAL WHISKY 750ML,Pcs,whisky,/files/media/product/GLENMORANGIE 10YRS ORIGINAL WHISKY 750ML.webp,GLENMORANGIE
869,GLENMORANGIE 18YRS WHISKY EXTREME 700ML,Pcs,whisky,/files/media/product/GLENMORANGIE 18YRS WHISKY EXTREME 700ML.jpg,GLENMORANGIE
2354,GLENMORANGIE LASANTA 12YRS 750ML,Pcs,whisky,/files/media/product/GLENMORANGIE LASANTA 12YRS 750ML.jpg,GLENMORANGIE
2803,GLEN SCANLAN LITRE,Pcs,whisky,/files/media/product/GLEN SCANLAN LITRE.jpg,GLEN SCANLAN
912,GRANTS TRIPPLE WOOD (WITH GLASS) 1LTR,Pcs,whisky,/files/media/product/GRANTS TRIPPLE WOOD (WITH GLASS) 1LTR.webp,Grants
2454,GRANTS WITHOUT GLASS 1LTR,Pcs,whisky,/files/media/product/GRANTS WITHOUT GLASS 1LTR.jpg,Grants
908,GRANT'S WITHOUT GLASS 750ML,Pcs,whisky,/files/media/product/GRANT'S WITHOUT GLASS 750ML.jpg,Grants
2577,INDEPENDENCE BLENDED IRISH 700ML,Pcs,whisky,/files/media/product/INDEPENDENCE BLENDED IRISH 700ML.jpg,INDEPENDENCE
2849,JAMESON 18YRS 700ML,Pcs,whisky,/files/media/product/JAMESON 18YRS 700ML.jpeg,JAMESON
2797,JAMESON COLD BREW 700ML,Pcs,whisky,/files/media/product/JAMESON COLD BREW 700ML.jpg,JAMESON
2798,JAMESON ORANGE 700ML,Pcs,whisky,/files/media/product/JAMESON ORANGE 700ML.jpg,JAMESON
2574,JAMESON SINGLE POT STILL 750ML,Pcs,whisky,/files/media/product/JAMESON SINGLE POT STILL 750ML.webp,JAMESON
2788,JIM BEAM BLACK CHERRY 700ML,Pcs,whisky,/files/media/product/JIM BEAM BLACK CHERRY 700ML.jpeg,Jim Beam
1107,JOHNNIE WALKER BLACK LABEL WHISKY 750ML,Pcs,whisky,/files/media/product/JOHNNIE WALKER BLACK LABEL WHISKY 750ML.webp,Johnnie Walker
2488,JOHNNIE WALKER GHOST & RARE 750ML,Pcs,whisky,/files/media/product/JOHNNIE WALKER GHOST & RARE 750ML.webp,Johnnie Walker
2355,JOHNNIE WALKER GREEN LABEL AGED 15YRS 750ML,Pcs,whisky,/files/media/product/JOHNNIE WALKER GREEN LABEL AGED 15YRS 750ML.jpeg,Johnnie Walker
1121,JOHNNIE WALKER RED LABEL WHISKY 375ML,Pcs,whisky,/files/media/product/JOHNNIE WALKER RED LABEL WHISKY 375ML.jpg,Johnnie Walker
1125,JOHNNIE WALKER SWING 750ML,Pcs,whisky,/files/media/product/JOHNNIE WALKER SWING 750ML.jpeg,Johnnie Walker
2799,LAPHROAIG 10YEARS 700ML,Pcs,whisky,/files/media/product/LAPHROAIG 10YEARS 700ML.png,Laphroaig
2370,LAPHROAIG FOUR OAK 1LTR,Pcs,whisky,/files/media/product/LAPHROAIG FOUR OAK 1LTR.jpeg,Laphroaig
1261,LAPHROAIG QUARTER CASK 750ML,Pcs,whisky,/files/media/product/LAPHROAIG QUARTER CASK 750ML.png,Laphroaig
2870,MAKER'S MARK 101 1L,Pcs,whisky,/files/media/product/MAKER'S MARK 101 1L.webp,Maker's Mark
2278,MR DOWELS 750ML,Pcs,whisky,/files/media/product/MR DOWELS 750ML.avif,MR DOWELS
1495,NAKED MALT 750ml,Pcs,whisky,/files/media/product/NAKED MALT 750ml.jpg,NAKED MALT
1545,OFFICER'S CHOICE WHISKY LITRE,Pcs,whisky,/files/media/product/OFFICER'S CHOICE WHISKY LITRE.jpeg,Officer's Choice
2383,OLD PULLTENEY WHISKY 1LTR,Pcs,whisky,/files/media/product/OLD PULLTENEY WHISKY 1LTR.jpeg,OLD PULLTENEY
2842,ROYAL CIRCLE HONEY 750ML,Pcs,whisky,/files/media/product/ROYAL CIRCLE HONEY 750ML.jpg,ROYAL CIRCLE
2825,SAZERAC RYE 700ML,Pcs,whisky,/files/media/product/SAZERAC RYE 700ML.webp,SAZERAC
1772,SCOTTISH STAG 1LTR,Pcs,whisky,/files/media/product/SCOTTISH STAG 1LTR.jpeg,SCOTTISH STAG
1802,SINGLETON DUFFTOWN 18YRS WHISKY 750ML,Pcs,whisky,/files/media/product/SINGLETON DUFFTOWN 18YRS WHISKY 750ML.jpg,SINGLETON
1809,SIR EDWARDS WHISKY 700ML,Pcs,whisky,/files/media/product/SIR EDWARDS WHISKY 700ML.jpeg,Sir edward's
1856,SOUTHERN COMFORT BLACK 1LT,Pcs,whisky,/files/media/product/SOUTHERN COMFORT BLACK 1LT.webp,SOUTHERN COMFORT
1860,SOUTHERN COMFORT LIME 700ML,Pcs,whisky,/files/media/product/SOUTHERN COMFORT LIME 700ML.jpeg,SOUTHERN COMFORT
2384,TALISKER SKYE 700ML,Pcs,whisky,/files/media/product/TALISKER SKYE 700ML.jpeg,TALISKER
2271,THE FAMOUS GROUSE BOURBON CASK 750ML,Pcs,whisky,/files/media/product/THE FAMOUS GROUSE BOURBON CASK 750ML.jpeg,Famous grouse
2489,THE FAMOUS GROUSE BOURBON CASK LITRE,Pcs,whisky,/files/media/product/THE FAMOUS GROUSE BOURBON CASK LITRE.webp,Famous grouse
2270,THE FAMOUS GROUSE CHERRY CASK 700ML,Pcs,whisky,/files/media/product/THE FAMOUS GROUSE CHERRY CASK 700ML.jpg,Famous grouse
2451,THE GLENLIVET DOUBLE OAK 12 YO 750ML,Pcs,whisky,/files/media/product/THE GLENLIVET DOUBLE OAK 12 YO 750ML.jpg,Glenlivet
1967,THE GLENLIVET DOUBLE OAK 12 YO WITH GLASS 750ML,Pcs,whisky,/files/media/product/THE GLENLIVET DOUBLE OAK 12 YO WITH GLASS 750ML.webp,Glenlivet
2450,THE GLENLIVET GEORGE SMITH 12 YO 750ML,Pcs,whisky,/files/media/product/THE GLENLIVET GEORGE SMITH 12 YO 750ML.png,Glenlivet
1338,THE MACALLAN 12YR 700ML,Pcs,whisky,/files/media/product/THE MACALLAN 12YR 700ML.webp,Macallan
1339,THE MACALLAN 15YR 700ML,Pcs,whisky,/files/media/product/THE MACALLAN 15YR 700ML.jpg,Macallan
1341,THE MACALLAN AMBER 1LTR,Pcs,whisky,/files/media/product/THE MACALLAN AMBER 1LTR.webp,Macallan
1342,THE MACALLAN ENIGMA 700ml,Pcs,whisky,/files/media/product/THE MACALLAN ENIGMA 700ml.png,Macallan
2881,THE WILSHIRE BLENDED WHISKY 750ML,Pcs,whisky,/files/media/product/THE WILSHIRE BLENDED WHISKY 750ML.webp,WILSHIRE
2025,TULLAMORE DEW WHISKY 700ML,Pcs,whisky,/files/media/product/TULLAMORE DEW WHISKY 700ML.webp,TULLAMORE DEW
2880,UPRISE WHISKY & COLA 500ML,Pcs,whisky,/files/media/product/UPRISE WHISKY & COLA 500ML.jpeg,UPRISE WHISKY
2730,URBAN WHISKY 750ML,Pcs,whisky,/files/media/product/URBAN WHISKY 750ML.jpg,URBAN WHISKY
2090,WHYTEHALL FIRE(CINAMON) 1LT,Pcs,whisky,/files/media/product/WHYTEHALL FIRE(CINAMON) 1LT.jpg,WHYTEHALL
2853,WILD TURKEY 101 LITRE,Pcs,whisky,/files/media/product/WILD TURKEY 101 LITRE.jpg,WILD TURKEY
5,18 MERLOT 750ML,Pcs,wine,/files/media/product/18 MERLOT 750ML.png,18
2536,ALPACA CAB SAUVIGNON 750ML,Pcs,wine,/files/media/product/ALPACA CAB SAUVIGNON 750ML.webp,ALPACA
2537,ALPACA CHARDONNAY 750ML,Pcs,wine,/files/media/product/ALPACA CHARDONNAY 750ML.jpeg,ALPACA
2538,ALPACA MERLOT 750ML,Pcs,wine,/files/media/product/ALPACA MERLOT 750ML.webp,ALPACA
2539,ALPACA SAUVIGNON BLANC 750ML,Pcs,wine,/files/media/product/ALPACA SAUVIGNON BLANC 750ML.jpeg,ALPACA
2175,AMA LA VIDA SIGNATURE SWT RED 750ML,Pcs,wine,/files/media/product/AMA LA VIDA SIGNATURE SWT RED 750ML.jpg,AMA LA VIDA
2588,AMARONE VALPOLI RED 750ML,Pcs,wine,/files/media/product/AMARONE VALPOLI RED 750ML.jpg,AMARONE
2385,ANDRE MOSCATO SPUMANTE 750ML,Pcs,wine,/files/media/product/ANDRE MOSCATO SPUMANTE 750ML.jpg,ANDRE
104,ANGOVE SAV BLANC 750ML,Pcs,wine,/files/media/product/ANGOVE SAV BLANC 750ML.webp,ANGOVE
2178,ARCADIA DEMI SEC 750ML,Pcs,wine,/files/media/product/ARCADIA DEMI SEC 750ML.jpg,ARCADIA
111,ARGENTO RESERVA MALBEC 750ml,Pcs,wine,/files/media/product/ARGENTO RESERVA MALBEC 750ml.jpg,ARGENTO
2498,ARNISTON BAY ROSE 750ML,Pcs,wine,/files/media/product/ARNISTON BAY ROSE 750ML.avif,ARNISTON BAY
2500,ARNISTON BAY SAUVIGNON 750ML,Pcs,wine,/files/media/product/ARNISTON BAY SAUVIGNON 750ML.jpg,ARNISTON BAY
2499,ARNISTON BAY SHIRAZ 750ML,Pcs,wine,/files/media/product/ARNISTON BAY SHIRAZ 750ML.jpeg,ARNISTON BAY
2514,ARTHUR METS CREMANT DALSACE ROSE 750ML,Pcs,wine,/files/media/product/ARTHUR METS CREMANT DALSACE ROSE 750ML.jpg,ARTHUR METS CREMANT DALSACE
118,ASCONI AGOR LUX 750ML,Pcs,wine,/files/media/product/ASCONI AGOR LUX 750ML.jpg,ASCONI
120,ASCONI KISS ME NOW MERLOT 750ML,Pcs,wine,/files/media/product/ASCONI KISS ME NOW MERLOT 750ML.jpg,ASCONI
2378,ASCONI MOSCATO SWEET WHITE 750ML,Pcs,wine,/files/media/product/ASCONI MOSCATO SWEET WHITE 750ML.jpg,ASCONI
2377,ASCONI MUSCAT SWEET WHITE 750ML,Pcs,wine,/files/media/product/ASCONI MUSCAT SWEET WHITE 750ML.webp,ASCONI
2894,Asconi Prestige Red Semisweet Wine,Pcs,wine,/files/media/product/Asconi Prestige Red Semisweet Wine.webp,ASCONI
2893,Asconi Prestige White Semisweet Wine,Pcs,wine,/files/media/product/Asconi Prestige White Semisweet Wine.jpeg,ASCONI
2895,Asconi Sweet Flavored Chocolate Red Wine,Pcs,wine,/files/media/product/Asconi Sweet Flavored Chocolate Red Wine.jpg,ASCONI
2896,Asconi Sweet Flavored Grapefruit Red Wine,Pcs,wine,/files/media/product/Asconi Sweet Flavored Grapefruit Red Wine.webp,ASCONI
2897,Asconi Sweet Flavored Passion Fruit White Wine,Pcs,wine,/files/media/product/Asconi Sweet Flavored Passion Fruit White Wine.webp,ASCONI
2898,Asconi Sweet Flavored Peach White Wine,Pcs,wine,/files/media/product/Asconi Sweet Flavored Peach White Wine.webp,ASCONI
2899,Asconi Sweet Flavored Strawberry Rose Wine,Pcs,wine,/files/media/product/Asconi Sweet Flavored Strawberry Rose Wine.webp,ASCONI
2467,BACARDI LIMON LITRE,Pcs,Rum,/files/media/product/BACARDI LIMON LITRE.jpg,BACARDI
177,BAREFOOT MERLOT 750ML,Pcs,wine,/files/media/product/BAREFOOT MERLOT 750ML.png,BAREFOOT
2483,BARON DE RUBI CAB SAV SWEET RED 750ML,Pcs,wine,/files/media/product/BARON DE RUBI CAB SAV SWEET RED 750ML.jpg,BARON DE RUBI
2484,BARON DE RUBI SPARKLING WHITE BRUT 750ML,Pcs,wine,/files/media/product/BARON DE RUBI SPARKLING WHITE BRUT 750ML.jpg,BARON DE RUBI
2210,BELLINGHAM HOMESTEAD GRAND CRU 750ML,Pcs,wine,/files/media/product/BELLINGHAM HOMESTEAD GRAND CRU 750ML.jpg,BELLINGHAM
2486,BELLINGHAM PREMIER GRANC CRU 750ML,Pcs,wine,/files/media/product/BELLINGHAM PREMIER GRANC CRU 750ML.avif,BELLINGHAM
2262,BENARD LANCLAS BRUT 750ML,Pcs,wine,/files/media/product/BENARD LANCLAS BRUT 750ML.avif,BENARD
2460,B&G AOP CHATEAUNEUF DU PAPE 750ML,Pcs,wine,/files/media/product/B&G AOP CHATEAUNEUF DU PAPE 750ML.jpeg,B&G
2461,B&G BISTRO SAUVIGNON BLANC 750ML,Pcs,wine,/files/media/product/B&G BISTRO SAUVIGNON BLANC 750ML.png,B&G
2462,B&G BORDEAUX MEDOC 750ML,Pcs,wine,/files/media/product/B&G BORDEAUX MEDOC 750ML.webp,B&G
2463,B&G BORDEAUX ROUGE 750ML,Pcs,wine,/files/media/product/B&G BORDEAUX ROUGE 750ML.webp,B&G
2464,B&G CAB SAV IGP PAYS DOC 750ML,Pcs,wine,/files/media/product/B&G CAB SAV IGP PAYS DOC 750ML.jpg,B&G
2465,B&G MALBEC IGP PAYS DOC 750ML,Pcs,wine,/files/media/product/B&G MALBEC IGP PAYS DOC 750ML.jpeg,B&G
2466,B&G MERLOT IGP PAYS DOC 750ML,Pcs,wine,/files/media/product/B&G MERLOT IGP PAYS DOC 750ML.jpeg,B&G
2416,BIANCO NOBILE VANILLA 750ML,Pcs,wine,/files/media/product/BIANCO NOBILE VANILLA 750ML.jpg,BIANCO NOBILE
228,BITOLA RED 750ML,Pcs,wine,/files/media/product/BITOLA RED 750ML.jpg,BITOLA
2264,BLACK STALLION 750ML,Pcs,wine,/files/media/product/BLACK STALLION 750ML.jpeg,BLACK STALLION
2595,BOTTEGA VERMOUTH 750ML,Pcs,Vermouth,/files/media/product/BOTTEGA VERMOUTH 750ML.webp,Bottega
2523,BUSHMANSPAD SAUV BLANC 750ML,Pcs,wine,/files/media/product/BUSHMANSPAD SAUV BLANC 750ML.webp,BUSHMANSPAD
2660,CANDY FLOSS SWEET RED WINE 750ML,Pcs,wine,/files/media/product/CANDY FLOSS SWEET RED WINE 750ML.webp,CANDY FLOSS
2626,CANDY FLOSS SWEET WHITE WINE 750ML,Pcs,wine,/files/media/product/CANDY FLOSS SWEET WHITE WINE 750ML.webp,CANDY FLOSS
2292,CAPE VELVET CREAM 750ML,Pcs,cream,/files/media/product/CAPE VELVET CREAM 750ML.webp,CAPE VELVET
408,CASALDOMO CUVEE BRUT 750ML,Pcs,wine,/files/media/product/CASALDOMO CUVEE BRUT 750ML.jpg,CASALDOMO
407,CASAL MENDES RED 750ML,Pcs,wine,/files/media/product/CASAL MENDES RED 750ML.webp,CASAL MENDES
1751,CASAL MENDES SANGRIA 750ML,Pcs,wine,/files/media/product/CASAL MENDES SANGRIA 750ML.jpg,CASAL MENDES
409,CASILELLERO DEL DIABLO 750ML,Pcs,wine,/files/media/product/CASILELLERO DEL DIABLO 750ML.jpg,CASILELLERO DEL DIABLO
2540,CASTILLO DE FERRER BRUT SPARKLING 750ML,Pcs,wine,/files/media/product/CASTILLO DE FERRER BRUT SPARKLING 750ML.png,CASTILLO DE FERRER 
2542,CASTILLO DE FERRER RED DRY 750ML,Pcs,wine,/files/media/product/CASTILLO DE FERRER RED DRY 750ML.jpeg,CASTILLO DE FERRER 
2541,CASTILLO DE FERRER RED SWEET 750ML,Pcs,wine,/files/media/product/CASTILLO DE FERRER RED SWEET 750ML.jpeg,CASTILLO DE FERRER 
2543,CASTILLO DE FERRER WHITE SWEET 750ML 750ML,Pcs,wine,/files/media/product/CASTILLO DE FERRER WHITE SWEET 750ML 750ML.jpeg,CASTILLO DE FERRER 
2181,CASTILLO DEL CHARDONNAY 750ML,Pcs,wine,/files/media/product/CASTILLO DEL CHARDONNAY 750ML.jpg,CASTILLO DE FERRER 
2182,CASTILLO DEL DIABLO MERLOT 750ML,Pcs,wine,/files/media/product/CASTILLO DEL DIABLO MERLOT 750ML.jpg,CASTILLO DE FERRER 
2521,CHALK ROAD CHARDONAY 750ML,Pcs,wine,/files/media/product/CHALK ROAD CHARDONAY 750ML.jpg,CHALK ROAD
2522,CHALK ROAD SAV BLANC 750ML,Pcs,wine,/files/media/product/CHALK ROAD SAV BLANC 750ML.png,CHALK ROAD
2373,CHARLES HEIDESECK ROSE 750ML,Pcs,wine,/files/media/product/CHARLES HEIDESECK ROSE 750ML.jpeg,CHARLES HEIDESECK
2387,CHILINERO RED 750ML,Pcs,wine,/files/media/product/CHILINERO RED 750ML.avif,CHILINERO
2662,CH VALAC MEDIUM SWEET RED 750ML,Pcs,wine,/files/media/product/CH VALAC MEDIUM SWEET RED 750ML.jpeg,CH VALAC
2663,CH VALAC MEDIUM SWEET WHITE 750ML,Pcs,wine,/files/media/product/CH VALAC MEDIUM SWEET WHITE 750ML.jpeg,CH VALAC
2664,CH VALAC RED 750ML,Pcs,wine,/files/media/product/CH VALAC RED 750ML.webp,CH VALAC
2442,DURBANVILLE HILLS SAUV BLANC 750ML,Pcs,wine,/files/media/product/DURBANVILLE HILLS SAUV BLANC 750ML.png,DURBANVILLE HILLS
2389,ELECTIO CAB SAUV 750ML,Pcs,wine,/files/media/product/ELECTIO CAB SAUV 750ML.jpg,ELECTIO
2390,ELECTIO MERLOT 750ML,Pcs,wine,/files/media/product/ELECTIO MERLOT 750ML.png,ELECTIO
2494,EXPRESION BRUT SPARKLING 750ML,Pcs,wine,/files/media/product/EXPRESION BRUT SPARKLING 750ML.jpg,Expression
2495,EXPRESION SWEET ROSE 750ML,Pcs,wine,/files/media/product/EXPRESION SWEET ROSE 750ML.jpg,Expression
2594,EXPRESSION MIMOSA 750ML,Pcs,wine,/files/media/product/EXPRESSION MIMOSA 750ML.jpg,Expression
2601,EXPRESSION MOJITO 750ML,Pcs,wine,/files/media/product/EXPRESSION MOJITO 750ML.png,Expression
670,EXPRESSION SWEET RED 750ml,Pcs,wine,/files/media/product/EXPRESSION SWEET RED 750ml.jpg,Expression
2448,FOOTPRINT RED 5LTR,Pcs,wine,/files/media/product/FOOTPRINT RED 5LTR.webp,FOOTPRINT
2372,FOUR COUSINS CAB SAUV 750ML,Pcs,wine,/files/media/product/FOUR COUSINS CAB SAUV 750ML.webp,FOUR COUSINS
747,FOUR COUSINS COLLECTION CAB SAUV 750ml,Pcs,wine,/files/media/product/FOUR COUSINS COLLECTION CAB SAUV 750ml.webp,FOUR COUSINS
2397,FOUR COUSINS DRY RED 5LTR,Pcs,wine,/files/media/product/FOUR COUSINS DRY RED 5LTR.webp,FOUR COUSINS
782,FRONTERA CAB BLUSH 750ML,Pcs,wine,/files/media/product/FRONTERA CAB BLUSH 750ML.jpg,FRONTERA
799,FRONTERA SWEET ROSE 750ML,Pcs,wine,/files/media/product/FRONTERA SWEET ROSE 750ML.jpg,FRONTERA
2402,GATO NEGRO CAB SAUV 1.5L,Pcs,wine,/files/media/product/GATO NEGRO CAB SAUV 1.5L.webp,GATO NEGRO
2441,GATO NEGRO CAB SAUV MERLOT 750ML,Pcs,wine,/files/media/product/GATO NEGRO CAB SAUV MERLOT 750ML.jpg,GATO NEGRO
2548,GINBERYS LONDON DRY GIN 700ML,Pcs,wine,/files/media/product/GINBERYS LONDON DRY GIN 700ML.webp,GINBERYS
2805,GRAHAM'S FINE RUBY,Pcs,wine,/files/media/product/GRAHAM'S FINE RUBY.webp,GRAHAM'S
2806,GRAHAM'S FINE TAWNY 750ML,Pcs,wine,/files/media/product/GRAHAM'S FINE TAWNY 750ML.jpg,GRAHAM'S
2807,GRAHAM'S FINE WHITE 750ML,Pcs,wine,/files/media/product/GRAHAM'S FINE WHITE 750ML.jpg,GRAHAM'S
905,GRANDE FRANCE SEMI SWEET WHITE 750ML,Pcs,wine,/files/media/product/GRANDE FRANCE SEMI SWEET WHITE 750ML.jpeg,GRANDE FRANCE
2518,HAMSINI SWEET RED 750ML,Pcs,wine,/files/media/product/HAMSINI SWEET RED 750ML.jpg,HAMSINI
2519,HAMSINI SWEET WHITE750ML,Pcs,wine,/files/media/product/HAMSINI SWEET WHITE750ML.avif,HAMSINI
2512,HAUTE CABRIERE CHARDONNAY PINOT 750ML750ML,Pcs,wine,/files/media/product/HAUTE CABRIERE CHARDONNAY PINOT 750ML750ML.webp,HAUTE CABRIERE
2497,HAUTE CABRIERE UNWOODED CHARDONNAY 750ML,Pcs,wine,/files/media/product/HAUTE CABRIERE UNWOODED CHARDONNAY 750ML.webp,HAUTE CABRIERE
2517,HAUTE CABRIERE UNWOODED PINOTNOIR 750ML,Pcs,wine,/files/media/product/HAUTE CABRIERE UNWOODED PINOTNOIR 750ML.webp,HAUTE CABRIERE
2439,JACOB'S CREEK CABERNET SAUVIGNON 750ML,Pcs,wine,/files/media/product/JACOB'S CREEK CABERNET SAUVIGNON 750ML.jpg,Jacob's creek
2443,JACOB'S CREEK RESERVE SHIRAZ 750ML,Pcs,wine,/files/media/product/JACOB'S CREEK RESERVE SHIRAZ 750ML.jpg,Jacob's creek
2382,JAM JAR SWEET SHIRAZ 750ML,Pcs,wine,/files/media/product/JAM JAR SWEET SHIRAZ 750ML.png,JAM JAR
2590,JP AZEITAO RED 750ML,Pcs,wine,/files/media/product/JP AZEITAO RED 750ML.webp,JP AZEITAO
2591,JP AZEITAO WHITE 750ML,Pcs,wine,/files/media/product/JP AZEITAO WHITE 750ML.webp,JP AZEITAO
2438,JURA 18YEARS 700ML,Pcs,whisky,/files/media/product/JURA 18YEARS 700ML.jpg,JURA
1165,KANONKOP KADETTE PINOTAGE ROSE 750ml,Pcs,wine,/files/media/product/KANONKOP KADETTE PINOTAGE ROSE 750ml.webp,Kanonkop
2392,KWV CLASSIC ROSE 750ML,Pcs,wine,/files/media/product/KWV CLASSIC ROSE 750ML.jpg,KWV
2491,LA CAPRA SAUV BLANC 750ML,Pcs,wine,/files/media/product/LA CAPRA SAUV BLANC 750ML.jpg,LA CAPRA
1281,LEGENDE BLACK 750ML,Pcs,whisky,/files/media/product/LEGENDE BLACK 750ML.png,Legende
2511,LEOPARDS LEAP CAB SAuv 750ML,Pcs,wine,/files/media/product/LEOPARDS LEAP CAB SAuv 750ML.webp,LEOPARDS LEAP
2510,LEOPARDS LEAP CAB SAUV MERLOT 750ML,Pcs,wine,/files/media/product/LEOPARDS LEAP CAB SAUV MERLOT 750ML.png,LEOPARDS LEAP
2509,LEOPARDS LEAP CHARDONNAY PINOT NOIR 750ML,Pcs,wine,/files/media/product/LEOPARDS LEAP CHARDONNAY PINOT NOIR 750ML.webp,LEOPARDS LEAP
2507,LEOPARDS LEAP CHENIN BLANC750ML,Pcs,wine,/files/media/product/LEOPARDS LEAP CHENIN BLANC750ML.png,LEOPARDS LEAP
2506,LEOPARDS LEAP MERLOT 750ML,Pcs,wine,/files/media/product/LEOPARDS LEAP MERLOT 750ML.jpg,LEOPARDS LEAP
2505,LEOPARDS LEAP SAUV BLANC 750ML,Pcs,wine,/files/media/product/LEOPARDS LEAP SAUV BLANC 750ML.webp,LEOPARDS LEAP
2572,LIONS DRY WHITE 750ML,Pcs,wine,/files/media/product/LIONS DRY WHITE 750ML.jpg,LIONS
2571,LIONS SWEET WHITE 750ML,Pcs,wine,,LIONS
1297,LOLIE SWEET RED 750ML,Pcs,wine,/files/media/product/LOLIE SWEET RED 750ML.avif,LOLIE
2520,LOLIE SWEET WHITE 750ML,Pcs,wine,/files/media/product/LOLIE SWEET WHITE 750ML.avif,LOLIE
2235,MAISON CASTEL MENDOZA 750ML,Pcs,wine,/files/media/product/MAISON CASTEL MENDOZA 750ML.jpg,MAISON CASTEL
2400,MAISON CASTEL MERLOT 750ML,Pcs,wine,/files/media/product/MAISON CASTEL MERLOT 750ML.jpg,MAISON CASTEL
2513,MAJESTY SEMI-SWEET RED WINE,Pcs,wine,/files/media/product/MAJESTY SEMI-SWEET RED WINE.png,MAJESTY
2526,MARQUES CAVA BRUT 750ML,Pcs,wine,/files/media/product/MARQUES CAVA BRUT 750ML.png,MARQUES
2527,MARQUES SEGUNDO ANO 750ML,Pcs,wine,/files/media/product/MARQUES SEGUNDO ANO 750ML.webp,MARQUES
2356,MIRADOR DARK BLEND 750ML,Pcs,wine,/files/media/product/MIRADOR DARK BLEND 750ML.jpg,MIRADOR
2600,MIRADO RESERVA 750ML,Pcs,wine,/files/media/product/MIRADO RESERVA 750ML.png,MIRADOR
2596,MURVIEDRO CAB SAV 750ML,Pcs,wine,/files/media/product/MURVIEDRO CAB SAV 750ML.jpg,MURVIEDRO
2597,MURVIEDRO CHARDONNAY 750ML,Pcs,wine,/files/media/product/MURVIEDRO CHARDONNAY 750ML.png,MURVIEDRO
2598,MURVIEDRO TEMPRANILO 750ML,Pcs,wine,/files/media/product/MURVIEDRO TEMPRANILO 750ML.png,MURVIEDRO
1501,NAMAQUA SWEET WHITE 5LTR,Pcs,wine,/files/media/product/NAMAQUA SWEET WHITE 5LTR.jpg,NAMAQUA
2850,NEDERBURG CUVEE BRUT 750ML,Pcs,wine,/files/media/product/NEDERBURG CUVEE BRUT 750ML.jpg,NEDERBURG
2545,OLENAISHU RED DRY 750ML,Pcs,wine,/files/media/product/OLENAISHU RED DRY 750ML.webp,OLENAISHU
2546,OLENAISHU RED SWEET 750ML,Pcs,wine,/files/media/product/OLENAISHU RED SWEET 750ML.jpg,OLENAISHU
2547,OLENAISHU WHITE SWEET 750ML,Pcs,wine,/files/media/product/OLENAISHU WHITE SWEET 750ML.jpg,OLENAISHU
2550,OLEPASU DRY RED 750ML,Pcs,wine,/files/media/product/OLEPASU DRY RED 750ML.jpg,OLEPASU
2532,OLEPASU ROSSO AL CIOCCOLATO 750ML,Pcs,wine,/files/media/product/OLEPASU ROSSO AL CIOCCOLATO 750ML.png,OLEPASU
2551,OLEPASU SWEET RED 750ML,Pcs,wine,/files/media/product/OLEPASU SWEET RED 750ML.jpg,OLEPASU
2552,OLEPASU SWEET WHITE750ML,Pcs,wine,/files/media/product/OLEPASU SWEET WHITE750ML.jpg,OLEPASU
2490,OVEERMEER CELLAR NATURAL SWEET ROSE 5LITRES,Pcs,wine,/files/media/product/OVEERMEER CELLAR NATURAL SWEET ROSE 5LITRES.webp,Overmeer
2357,PEARLY BAY CHENIN BLANC 750ML,Pcs,wine,/files/media/product/PEARLY BAY CHENIN BLANC 750ML.png,PEARLY BAY
2358,PENASOL MEDIUM SWEET WHITE 750ML,Pcs,wine,/files/media/product/PENASOL MEDIUM SWEET WHITE 750ML.webp,Penasol
2501,PIERRE JOURDAN TRANQUILLE 750ML,Pcs,wine,/files/media/product/PIERRE JOURDAN TRANQUILLE 750ML.jpg,PIERRE JOURDAN
2869,PIERRE MARCEL SPARKLING WHITE 750ML,Pcs,wine,/files/media/product/PIERRE MARCEL SPARKLING WHITE 750ML.jpg,PIERRE MARCEL
2359,POMMERY ROYAL BRUT ROSE 750ML,Pcs,wine,/files/media/product/POMMERY ROYAL BRUT ROSE 750ML.png,POMMERY
2589,QUINTA DOS TAWNY PORT 750ML,Pcs,wine,/files/media/product/QUINTA DOS TAWNY PORT 750ML.jpg,QUINTA DOS
1675,ROBERTSON SWEET ROSE 1.5LT,Pcs,wine,/files/media/product/ROBERTSON SWEET ROSE 1.5LT.webp,ROBERTSON WINERY
2487,ROBERTSON WINERY CHENIN BLANC 750ML,Pcs,wine,/files/media/product/ROBERTSON WINERY CHENIN BLANC 750ML.webp,ROBERTSON WINERY
1688,ROOIBERG WINERY RED MUSCADEL 750ML,Pcs,wine,/files/media/product/ROOIBERG WINERY RED MUSCADEL 750ML.png,ROOIBERG WINERY
2584,ROSSO NOBILE BOIS BANDE PHILTRE 750ML 750ML,Pcs,wine,/files/media/product/ROSSO NOBILE BOIS BANDE PHILTRE 750ML 750ML.webp,ROSSO NOBILE
2583,ROSSO NOBILE DARK CHOCOLATE 750ML,Pcs,wine,/files/media/product/ROSSO NOBILE DARK CHOCOLATE 750ML.jpg,ROSSO NOBILE
2582,ROSSO NOBILE DUBAI CHOCOLATE 750ML,Pcs,wine,/files/media/product/ROSSO NOBILE DUBAI CHOCOLATE 750ML.webp,ROSSO NOBILE
2401,SAINT CLAIRE 750ML,Pcs,wine,/files/media/product/SAINT CLAIRE 750ML.jpg,ST CLAIRE
2913,SAINT CLAIRE NATURAL SWEET ROSE 750ML,Pcs,wine,/files/media/product/SAINT CLAIRE NATURAL SWEET ROSE 750ML.jpg,ST CLAIRE
2912,SAINT RAPHAEL SMOOTH RED 750ML,Pcs,wine,/files/media/product/SAINT RAPHAEL SMOOTH RED 750ML.jpeg,ST RAPHAEL
2872,SAN FELIPE CLASSIC CAB SAUV 750ML,Pcs,wine,/files/media/product/SAN FELIPE CLASSIC CAB SAUV 750ML.png,SAN FELIPE
2478,SILK &SPICE 750ML,Pcs,wine,/files/media/product/SILK &SPICE 750ML.jpg,SILK & SPICE
2449,SIMONSIG CAB SAUV 750ML,Pcs,wine,/files/media/product/SIMONSIG CAB SAUV 750ML.jpg,Simonsig
2375,SUNRISE 3LTR,Pcs,wine,,SUNRISE
1926,TALL HORSE - CHARDONNAY 750ML,Pcs,wine,/files/media/product/TALL HORSE - CHARDONNAY 750ML.webp,TALL HORSE
2573,TASSENBERG 750ML,Pcs,wine,/files/media/product/TASSENBERG 750ML.png,TASSENBERG
2914,TERRA LINDA GARNACHA RED 750ML,Pcs,wine,/files/media/product/TERRA LINDA GARNACHA RED 750ML.avif,TERRA LINDA
2708,TERRA LINDA SYRAH RED 750ML,Pcs,wine,/files/media/product/TERRA LINDA SYRAH RED 750ML.jpeg,TERRA LINDA
2337,THE GUV'NOR WHITE 750ML,Pcs,wine,/files/media/product/THE GUV'NOR WHITE 750ML.jpg,guv nor
2528,THREE MONKEYS SEMI SWEET RED 750ML,Pcs,wine,/files/media/product/THREE MONKEYS SEMI SWEET RED 750ML.png,THREE MONKEYS
2446,THREE MONKEY'S WHITE 750ML,Pcs,wine,/files/media/product/THREE MONKEY'S WHITE 750ML.webp,THREE MONKEYS
2361,TOMMASI BARDOLINO 750ML,Pcs,wine,/files/media/product/TOMMASI BARDOLINO 750ML.png,TOMMASI
2362,TOMMASI PINOT GRIGIO 750ML,Pcs,wine,/files/media/product/TOMMASI PINOT GRIGIO 750ML.jpg,TOMMASI
2364,TOMMASI RIPASO 750ML,Pcs,wine,/files/media/product/TOMMASI RIPASO 750ML.webp,TOMMASI
2004,TOMMASI SOAVE CLASSICO 750ML,Pcs,wine,/files/media/product/TOMMASI SOAVE CLASSICO 750ML.webp,TOMMASI
2363,TOMMASI VALIPOLICELLA 750ML,Pcs,wine,/files/media/product/TOMMASI VALIPOLICELLA 750ML.webp,TOMMASI
2585,TONS DE DUORUM RED 750ML,Pcs,wine,/files/media/product/TONS DE DUORUM RED 750ML.webp,TONS DE DUORUM
2587,TONS DE DUORUM ROSE 750,Pcs,wine,/files/media/product/TONS DE DUORUM ROSE 750.jpg,TONS DE DUORUM
2586,TONS DE DUORUM WHITE 750ML,Pcs,wine,/files/media/product/TONS DE DUORUM WHITE 750ML.webp,TONS DE DUORUM
2016,TRUMPETER PINOT NOIR 750ml,Pcs,wine,/files/media/product/TRUMPETER PINOT NOIR 750ml.png,TRUMPETER
2445,TRUMPETER RESERVE MALBEC 750ML,Pcs,wine,/files/media/product/TRUMPETER RESERVE MALBEC 750ML.png,TRUMPETER
2032,TUSSOCK JUMPER MALBEC 750ml,Pcs,wine,/files/media/product/TUSSOCK JUMPER MALBEC 750ml.jpg,TUSSOCK JUMPER
2830,UNDURRAGA CAB SAUV 750ML,Pcs,wine,/files/media/product/UNDURRAGA CAB SAUV 750ML.webp,UNDURRAGA
2437,UNDURRAGA CARMENERE,Pcs,wine,/files/media/product/UNDURRAGA CARMENERE.webp,UNDURRAGA
2436,UNDURRAGA MERLOT,Pcs,wine,/files/media/product/UNDURRAGA MERLOT.webp,UNDURRAGA
2371,UPPER VALLEY DRY RED 750ML,Pcs,wine,/files/media/product/UPPER VALLEY DRY RED 750ML.jpg,UPPER VALLEY
2553,VAN AFRICAN JAVA PINOTAGE 750ML,Pcs,wine,/files/media/product/VAN AFRICAN JAVA PINOTAGE 750ML.webp,VAN
2554,VAN BLANC DE BLANC 750ML,Pcs,wine,/files/media/product/VAN BLANC DE BLANC 750ML.png,VAN
2555,VAN BRUT SPARKLING 750ML,Pcs,wine,/files/media/product/VAN BRUT SPARKLING 750ML.webp,VAN
2557,VAN CHENIN BLANC NO 5 750ML,Pcs,wine,/files/media/product/VAN CHENIN BLANC NO 5 750ML.png,VAN
2558,VAN GEWURZTRAMINER 750ML,Pcs,wine,/files/media/product/VAN GEWURZTRAMINER 750ML.png,VAN
2559,VAN MOSCATO ROSE PERLE 750ML,Pcs,wine,/files/media/product/VAN MOSCATO ROSE PERLE 750ML.jpg,VAN
2560,VAN RIVER RED SHIRAZ PINOTAGE 750ML,Pcs,wine,/files/media/product/VAN RIVER RED SHIRAZ PINOTAGE 750ML.png,VAN
2531,VAN SAUVIGNON BLANC 750ML,Pcs,wine,/files/media/product/VAN SAUVIGNON BLANC 750ML.jpg,VAN
2535,VINO DE MISA SWEET RED SUPERIOR 750ML,Pcs,wine,/files/media/product/VINO DE MISA SWEET RED SUPERIOR 750ML.webp,VINO DE MISA
2529,VINUM 1L ROSSO DABRUZZO ORGANIC 750ML,Pcs,wine,/files/media/product/VINUM 1L ROSSO DABRUZZO ORGANIC 750ML.png,VINUM
2524,VINUM CHIANTI RESERVA 750ML,Pcs,wine,/files/media/product/VINUM CHIANTI RESERVA 750ML.webp,VINUM
2525,VINUM MOSCATO DASTI 750ML,Pcs,wine,/files/media/product/VINUM MOSCATO DASTI 750ML.webp,VINUM
2365,WATERFORD PEBBLE HILL 750ML,Pcs,wine,/files/media/product/WATERFORD PEBBLE HILL 750ML.avif,WATERFORD
2071,WATERFORD SAUV BLANC 750ML,Pcs,wine,/files/media/product/WATERFORD SAUV BLANC 750ML.webp,WATERFORD
2503,WELMOED PINOTAGE 750ML,Pcs,wine,/files/media/product/WELMOED PINOTAGE 750ML.jpg,WELMOED
2366,ZACAPPA 1LTR,Pcs,Rum,/files/media/product/ZACAPPA 1LTR.jpg,ZACAPPA
2789,ZAPALLARES CAB SAUV 1500ML,Pcs,wine,/files/media/product/ZAPALLARES CAB SAUV 1500ML.jpg,ZAPALLARES
2790,ZAPALLARES MERLOT 1500ML,Pcs,wine,/files/media/product/ZAPALLARES MERLOT 1500ML.webp,ZAPALLARES
2479,ZONIN MERLOT FRIULI DOC AQUIEIA 750ML,Pcs,wine,/files/media/product/ZONIN MERLOT FRIULI DOC AQUIEIA 750ML.jpg,ZONIN
2480,ZONIN OG BARBERA VENTO 750ML,Pcs,wine,/files/media/product/ZONIN OG BARBERA VENTO 750ML.webp,ZONIN
1681,ROCHE MAZET CHARDONNAY 750ML,Pcs,wine,/files/media/product/ROCHE MAZET CHARDONNAY 750ML.webp,ROCHE MAZET
1680,ROCHE MAZET CAB SAUV 750ml,Pcs,wine,/files/media/product/ROCHE MAZET CAB SAUV 750ml.webp,ROCHE MAZET
1381,MANDALA MALBEC 750ml,Pcs,wine,/files/media/product/ALAMOS MALBEC 750ML.webp,MANDALA
1314,LUC BELAIRE BRUT GOLD 1.5LTR,Pcs,wine,/files/media/product/LUC BELAIRE BRUT GOLD 1.5LTR.webp,Luc Belaire
2197,GREENALLS WILDBERRIES ROSEA 1LTR,Pcs,Gin,/files/media/product/GREENALLS WILD BERRY PINK 700ML.webp,GREENALLS
897,GRAHAM BECK BRUT ROSE 750ML,Pcs,wine,/files/media/product/GRAHAM BECK BRUT ROSE 750ML.jpg,GRAHAM BECK
665,ERISTOFF 750ML,Pcs,Vodka,/files/media/product/ERISTOFF 750ML.jpeg,ERISTOFF
493,CLASE AZUL ANEJO 700ML,Pcs,Tequila,/files/media/product/CLASE AZUL ANEJO 700ML.jpeg,CLASE AZUL
410,CASTEL SYRAH 750ML,Pcs,wine,/files/media/product/CASTEL SYRAH 750ML.webp,MAISON CASTEL
389,CARLO ROSSI DRY WHITE 3LTR,Pcs,wine,/files/media/product/CARLO ROSSI DRY WHITE 3LTR.webp,CARLO ROSSI
320,BUTLERS ESPRESSO 750ML,Pcs,Liqueur,/files/media/product/BUTLERS ESPRESSO 750ML.jpeg,BUTLERS
2176,ANGOVE RIESLING 750ML,Pcs,wine,/files/media/product/ANGOVE 750ML.webp,ANGOVE
121,ASCONI MOSCATO 750ML,Pcs,Wine,/files/media/product/ASCONI MOSCATO 750ML.webp,ASCONI
227,BIRDS N BEES SWEET WHITE 750ML,Pcs,Wine,/files/media/product/BIRDS N BEES SWEET WHITE 750ML.jpg,Birds N Bees
235,BLACK BIRD SWEET WHITE 750ML,Pcs,Wine,/files/media/product/blackbird.jpeg,Black bird
370,CAPRICE NATURAL SWT WHITE 1LTR,Pcs,Wine,/files/media/product/capricenaturalswtwhite1ltr.jpg,Caprice
743,FORMENTERA WHITE OCEAN SWEET 750ML,Pcs,Wine,/files/media/product/formentera-white-ocean.webp,Formentera
755,FOUR COUSINS SWEET WHITE 1.5LTR,Pcs,Wine,/files/media/product/fourcousins1.5l.png,Four cousins
1285,LELESHWA SWEET WHITE WINE 750ML,Pcs,Wine,/files/media/product/leleshwa sweetwhitewine.jpg,Leleshwa
1458,MOHANS RESERVE - WHITE SWEET 750ML,Pcs,Wine,/files/media/product/mohansreservewhitesweet750ml.jpg,Mohans
2163,NAMAQUA SWEET WHITE 750ML,Pcs,Wine,/files/media/product/NAMAQUA SWEET WHITE 750ML.webp,NAMAQUA
1689,ROOIBERG WINERY SWEET WHITE 750ML,Pcs,Wine,/files/media/product/rooibergwinerysweetwhite750ml.jpeg,Rooiberg winery
2040,UPPER VALLEY SWEET WHITE 750ML,Pcs,Wine,/files/media/product/upper valley.png,Upper valley
2256,WAVE DANCER SWT WHITE 700ML,Pcs,Wine,/files/media/product/WAVE DANCER SWT WHITE 700ML.webp,WAVE DANCER
2253,TIA MARIA VANILLA 1LTR,Pcs,Wine,/files/media/product/TIA MARIA VANILLA 1LTR.jpg,TIA MARIA
182,BARON DE VALLS SPARKLING WHITE WINE 750ML,Pcs,Wine,/files/media/product/BARON DE VALLS Sparkling White Wine 750ML.jpg,Baron
1606,PENASOL TEMPRANILLO SAUV 750ML,Pcs,Wine,/files/media/product/penasol.png,Penasol
1213,KLEINE RUST SAVIGNON BLANC 1.5LTR,Pcs,Wine,/files/media/product/kleinerustsavignonblanc1.5ltr.jpeg,Kleine rust
2170,7EVEN BOUQUET BLANC 750ML,Pcs,Wine,/files/media/product/7EVEN BOUQUET BLANC 750ML.webp,7EVEN
806,GATO NEGRO SEMI SWEET WHITE 750ML,Pcs,Wine,/files/media/product/gato nagro whit.webp,GATO NEGRO
2079,WELMOED PINOT GRIGIO 750ML,Pcs,Wine,/files/media/product/Welmoed-Pinot-Grigio-600x600.png,Welmoed
2260,BARON DE LIRONDEAU BLANC 750ML,Pcs,Wine,/files/media/product/BARON DE LIRONDEAU BLANC 750ML.webp,BARON
372,CAPRICE WHITE DRY TETRA 1LTR,Pcs,Wine,/files/media/product/capricewhitedrytetra1ltr.jpg,Caprice
640,DROSTDY HOF WHITE 375ML,Pcs,Wine,/files/media/product/DROSTDY HOF WHITE 375ML.ashx,Drostdy hof
759,FOUR COUSINS WHITE DRY 1.5LTR,Pcs,Wine,/files/media/product/fourcousinswhitedry15ltr.jpg,Four cousins
2183,MAISON CASTEL CHABLIS 2022 750ML,Pcs,Wine,/files/media/product/MAISON CASTEL CHABLIS 2022 750ML.webp,MAISON CASTEL
115,ARNEGUI VIURA BLANC 750ML,Pcs,Wine,/files/media/product/ARNEGUI VIURA BLANC 750ML.jpeg,ARNEGUI
2314,PERRIER JOUET BLANC 750ML,Pcs,Wine,/files/media/product/PERRIER JOUET BLANC 750ML.webp,PERRIER JOUET
443,CHARLES HEIDSECK BLANC DE BLANC 750ml,Pcs,Wine,/files/media/product/CHARLES HEIDSECK BLANC DE BLANC 750ml.jpeg,CHARLES HEIDSECK
2316,SANTA HELENA BLANCO 750ML,Pcs,Wine,/files/media/product/SANTA HELENA BLANCO 750ML.jpg,SANTA HELENA
783,FRONTERA BRUT 750ML,Pcs,Wine,/files/media/product/FRONTERA BRUT 750ML.png,FRONTERA
2194,GRANDE FRANCE BRUT 750ML,Pcs,Wine,/files/media/product/GRANDE FRANCE BRUT 750ML.avif,GRANDE FRANCE
1403,MARTINI BRUT 750ML,Pcs,Wine,/files/media/product/MARTINI BRUT 750ML.webp,MARTINI
413,CATENA CAB SAUV 750ML,Pcs,Wine,/files/media/product/catenacarbanetsauvignon750ml.webp,Catena
1992,TILIA CAB SAUV 750ML,Pcs,Wine,/files/media/product/tiliacarbanetsauvignon750ml.webp,Tilia
2174,ALAMOS CHARDONNAY 750ML,Pcs,Wine,/files/media/product/ALAMOS CHARDONNAY 750ML.webp,ALAMOS
132,AUSTRALIAN BUSH CHARDONNAY 750ML,Pcs,Wine,/files/media/product/AUSTRALIAN BUSH CHARDONNAY 750ML.webp,AUSTRALIAN BUSH
176,BAREFOOT CHARDONNAY 750ML,Pcs,Wine,/files/media/product/BAREFOOT CHARDONNAY 750ML.jpeg,BAREFOOT
2214,CASA SOLIS CHARDONNAY 750ML,Pcs,Wine,/files/media/product/CASA SOLIS CHARDONNAY 750ML.webp,CASA SOLIS
414,CATENA CHARDONNAY 750ML,Pcs,Wine,/files/media/product/catena-alta-chardonnay.webp,Catena
523,CONSIGNIA CHARDONNAY 750ML,Pcs,Wine,/files/media/product/CONSIGNIA CHARDONNAY 750ML.jpeg,CONSIGNIA
1993,TILIA CHARDONNAY 750ML,Pcs,Wine,/files/media/product/tilia-chardonnay.webp,Tilia
1430,MICHEL TORINO MALBEC 750ML,Pcs,Wine,/files/media/product/MICHEL TORINO MALBEC 750ML.jpeg,MICHEL TORINO
127,ASCONI WINERY MOSCAT 700ML,Pcs,Wine,/files/media/product/ASCONI WINERY MOSCAT 700ML.webp,ASCONI
96,ANDRE MOSCATO 750ML,Pcs,Wine,/files/media/product/ANDRE MOSCATO 750ML.jpeg,ANDRE
406,CASA SOLIS SAUV BLANC 750ML,Pcs,Wine,/files/media/product/CASA SOLIS SAUV BLANC 750ML.jpeg,CASA SOLIS
411,CASTILLO DEL MOLINA SAUV BLANC 750ML,Pcs,Wine,/files/media/product/CASTILLO DEL MOLINA SAUV BLANC 750ML.jpeg,CASTILLO DEL MOLINA
672,FAIRVIEW DARLING SAUV BLANC 750ml,Pcs,Wine,/files/media/product/FAIRVIEW DARLING SAUV BLANC 750ml.jpeg,FAIRVIEW
814,GATONEGRO SAUV BLANC 1.5LTR,Pcs,Wine,/files/media/product/GATONEGRO SAUV BLANC 1.5LTR.jpeg,GATO NEGRO
1521,NEDERBURG - SAUV. BLANC 750 ML,Pcs,Wine,/files/media/product/NEDERBURG - SAUV. BLANC 750 ML.webp,NEDERBURG
2243,ROBERTSON SAUV BLANC 750ML,Pcs,Wine,/files/media/product/ROBERTSON SAUV BLANC 750ML.png,ROBERTSON WINERY
1684,ROCHE MAZET SAUVIGNON 750ML,Pcs,Wine,/files/media/product/ROCHE MAZET SAUVIGNON 750ML.jpeg,ROCHE MAZET
1903,SUNRISE SAUV BLANC 1.5LTR,Pcs,Wine,/files/media/product/SUNRISE SAUV BLANC 1.5LTR.jpeg,SUNRISE
2249,SWARTLAND SAUV BLANC 750ML,Pcs,Wine,/files/media/product/SWARTLAND SAUV BLANC 750ML.webp,SWARTLAND
2286,THE DEN SAUVIGNON BLANC 700ML,Pcs,Wine,/files/media/product/THE DEN SAUVIGNON BLANC 700ML.jpeg,THE DEN
2033,TUSSOCK JUMPER SAUV BLANC 750ml,Pcs,Wine,/files/media/product/TUSSOCK JUMPER SAUV BLANC 750ml.webp,TUSSOCK
2036,TWO OCEANS SAUV BLANC 750ML,Pcs,Wine,/files/media/product/TWO OCEANS SAUV BLANC 750ML.jpeg,TWO OCEANS
1363,MAISON CASTEL ICE CUVEE BLANC 750ML,Pcs,Wine,/files/media/product/MAISON CASTEL ICE CUVEE BLANC 750ML.jpg,MAISON CASTEL
2228,LA CAPRA CHENIN BLANC 750ML,Pcs,Wine,/files/media/product/LA CAPRA CHENIN BLANC 750ML.webp,LA CAPRA
2342,LELESHWA CHENIN BLANC 750ML,Pcs,Wine,/files/media/product/LELESHWA CHENIN BLANC 750ML.png,LELESHWA
2288,TWIGA HILL CHENIN BLANC 700ML,Pcs,Wine,/files/media/product/TWIGA HILL CHENIN BLANC 700ML.jpg,TWIGA HILL
2257,VAN LOVEREN CHENIN BLANC 750ML,Pcs,Wine,/files/media/product/VAN LOVEREN CHENIN BLANC 750ML.jpg,VAN LOVEREN
2386,AUSTRALIAN BUSH CHARDONNAY 3LTR,Pcs,Wine,/files/media/product/australianbushchardonnay3ltr.webp,Australian bush
12,35 SOUTH ASSORTED 750ML,Pcs,Wine,/files/media/product/35south750ml.jpg,35 South
20,4TH STREET WHITE 750ML,Pcs,Wine,/files/media/product/4thstreetwhite750ml.jpeg,4Th Street
19,4TH STREET WHITE 5LTR,Pcs,Wine,/files/media/product/4thstreetwhite5ltr.jpeg,4Th Street
25,5TH CARINO SWEET WHITE 750ML,Pcs,Wine,/files/media/product/5thcarinosweetwhite750ml.jpeg,5Th carino
26,7 HILLS SWEET WHITE 750ml,Pcs,Wine,/files/media/product/7HILLS SWEET WHITE 750ml.jpeg,7Hills
88,AMANI BAY NATURAL SWEET WHITE 750ML,Pcs,Wine,/files/media/product/amanibay.webp,Amani bay
85,AMANI BAY FRESH WHITE 750ML,Pcs,Wine,/files/media/product/amani_bay-fresh_white-min.png,Amani bay
2207,ARGENTO TORRONTES 750ML,Pcs,Wine,/files/media/product/ARGENTO TORRONTES 750ML.jpg,ARGENTO
178,BARON D' ARIGNAC ASSORTED 5LTRS,Pcs,Wine,/files/media/product/BARON D' AGNAC 5LTTRS.jpg,Baron
396,CARLO ROSSI WHITE 750ML,Pcs,Wine,/files/media/product/CARLO ROSSI WHITE 750ML.jpeg,CARLO ROSSI
395,CARLO ROSSI WHITE 1.5LTR,Pcs,Wine,/files/media/product/carlorossiwhite15ltr.jpg,Carlo rossi
400,CASA BUENA SWEET WHITE 1LTR,Pcs,Wine,/files/media/product/casabuenasweetwhite1ltr.png,Casa buena
426,CELLAR J'BURG WHITE 750ML,Pcs,Wine,/files/media/product/cellarjburg.jpg,Cellar j'burg
425,CELLAR J'BURG WHITE 5LTR,Pcs,Wine,/files/media/product/cellarj'burgwhite5ltr.jpeg,Cellar j'burg
430,CHAMDOR WHITE 750ML,Pcs,Wine,/files/media/product/chamdor-white-grape-sparkling.png,Chamdor
2184,CHILINERO WHITE 750ML,Pcs,Wine,/files/media/product/CHILINERO WHITE 750ML.avif,CHILINERO
598,DELUSH SWEET WHITE 750ML,Pcs,Wine,/files/media/product/delush-white.webp,Delush
2188,DEWARS WHITE LABEL 1LTR,Pcs,Wine,/files/media/product/Dewar_sWhiteLabelScratchedCaskBlendedScotch.webp,Dewar's
645,DROSTDY-HOF G/CRU 750ML,Pcs,Wine,/files/media/product/Drostdy_Hof_Premier_Grand_Cru_750ml.jpg,Drostdy hof
644,DROSTDY-HOF G/CRU 5LTR,Pcs,Wine,/files/media/product/drostdy-hofgrandcru5ltr.jpeg,Drostdy hof
648,DUCHESALIA FRAGOLINO WHITE 750ML,Pcs,Wine,/files/media/product/fragolinowhite.jpg,Duchesa lia
671,EXPRESSION SWEET WHITE 750ml,Pcs,Wine,/files/media/product/EXPRESSION SWEET WHITE 750ML.jpeg,Expression
673,FAIRVIEW GOATS DO ROAM 750ML,Pcs,Wine,/files/media/product/wine-fairview-goats-do-roam-51229821206862.webp,FAIRVIEW
742,FOOTPRINT WHITE 5LTR,Pcs,Wine,/files/media/product/FOOTPRINT WHITE 5LTR.webp,FOOTPRINT
758,FOUR COUSINS WHITE 750ML,Pcs,Wine,/files/media/product/fourcousin.png,Four cousins
757,FOUR COUSINS WHITE 5LTR,Pcs,Wine,/files/media/product/fourcousinswhite5ltr.jpeg,Four cousins
894,GRACA WHITE 750ML,Pcs,Wine,/files/media/product/GRACA WHITE 750ML.webp,GRACA
1327,LUIS FELIPE WHITE 750ML,Pcs,Wine,/files/media/product/luisfelipewhit.jpeg,Luis Felipe
1366,MAISON CASTEL TOURAINE SAUV BLANC 750ML,Pcs,Wine,/files/media/product/MAISON CASTEL TOURAINE SAUV BLANC 750ML.jpeg,Maison castel
1489,MUCHO MAS WHITE 750ML,Pcs,Wine,/files/media/product/images (6).jpeg,MUCHO MAS
1534,NOBLE WHITE 750ML,Pcs,Wine,/files/media/product/noblewhite750ml.webp,Noble
1601,PEARLY BAY SWEET WHITE 750ml,Pcs,Wine,/files/media/product/Pearly Bay Sweet White 750Ml.jpg,Pearly bay
1625,PIERRE MARCEL SWEET WHITE 750ML,Pcs,Wine,/files/media/product/pierre_mercel_White.png,Pierre marcel
1679,ROCCA DEI FORTI WHITE 750ML,Pcs,Wine,/files/media/product/rocca del forti.webp,Rocca dei Forti
1728,SAINT ANNA 750ML,Pcs,Wine,/files/media/product/saintanna750ml.jpg,Saint Anna
1749,SANDEMAN FINE WHITE 1ltr,Pcs,Wine,/files/media/product/SANDEMAN FINE WHITE 1000ML.webp,Sandeman
1868,SPUMANTE FESTA WHITE 750ML,Pcs,Wine,/files/media/product/Signore-Guiseppe-Prosecco-Spumante-White-750ml-wpp1692317171758.webp,Spumante
1908,SWEET LIPS SWEET WHITE 1LTR,Pcs,Wine,/files/media/product/Sweet-Lips-Natural-Sweet-White-Wine-1Ltr.jpg,Sweet lips
1925,TALL HORSE - CARB.SAUV. 750ML,Pcs,Wine,/files/media/product/tallhorsecarb.sauv.750ml.jpeg,Tall horse
2055,VERSUS WHITE DRY 1LTR,Pcs,Wine,/files/media/product/627_VersusSweetWhite-750ml.webp,Versus
2054,VERSUS SWEET WHITE 750ML,Pcs,Wine,/files/media/product/versus-white.png,Versus
2069,VINUM PROSECO 750ML,Pcs,Wine,/files/media/product/VINUMPROSECCO750ML.webp,Vinum
1154,JP CHENET RESERVE CHARDONNAY VIOGNIER 750ML,Pcs,Wine,/files/media/product/jpchenetreservechardonnayviognier750ml.webp,Jp chenet
2301,AMA LA VIDA SWEET WHITE 750ML,Pcs,Wine,/files/media/product/AMA LA VIDA SWEET WHITE 750ML.webp,AMA LA VIDA
2334,DOMPO SWT WHITE 750ML,Pcs,Wine,/files/media/product/DOMPO SWT WHITE 750ML.png,DOMPO
2217,EXPRESSION MOSCATO 750ML,Pcs,Wine,/files/media/product/EXPRESSION MOSCATO 750ML.jpg,EXPRESSION
2222,GATO NEGRO MOSCATO 750ML,Pcs,Wine,/files/media/product/GATO NEGRO MOSCATO 750ML.png,GATO NEGRO
2206,JAM JAR SWEET WHITE 750ML,Pcs,Wine,/files/media/product/JAM JAR SWEET WHITE 750ML.jpg,JAM JAR
1673,ROBERTSON - WHITE SWEET 750ML,Pcs,Wine,/files/media/product/robertsonwhitesweet750ml.jpeg,Robertson winery
1672,ROBERTSON - WHITE SWEET 1.5LT,Pcs,Wine,/files/media/product/robertsonwhitesweet15ltr.jpg,Robertson winery
2219,FOUR COUSINS SWEET SPARKLING BLUSH 750ML,Pcs,Wine,/files/media/product/FOUR COUSINS SWEET SPARKLING BLUSH 750ML.jpg,FOUR COUSINS
2220,FOUR COUSINS SWEET SPARKLING WHITE 750ML,Pcs,Wine,/files/media/product/FOUR COUSINS SWEET SPARKLING WHITE 750ML.jpeg,FOUR COUSINS
754,FOUR COUSINS SWEET ROSE 750ML,Pcs,Wine,/files/media/product/Four-Cousins-Rose-750ml.png,Four cousins
2238,NAMAQUA SWT ROSE 5LTR,Pcs,Wine,/files/media/product/NAMAQUA SWT ROSE 5LTR.webp,NAMAQUA
2336,PIERRE MARCEL ROSE 750ML,Pcs,Wine,/files/media/product/PIERRE MARCEL ROSE 750ML.jpg,PIERRE MARCEL
2333,DOMPO SWT ROSE 750ML,Pcs,Wine,/files/media/product/DOMPO SWT ROSE 750ML.png,DOMPO
2332,DOMPO SWT RED 750ML,Pcs,Wine,/files/media/product/DOMPO SWT RED 750ML.jpg,DOMPO
646,DUCHESALIA FRAGOLINO RED 750ML,Pcs,Wine,/files/media/product/DUCHESALIA FRAGOLINO RED 750ML.png,DUCHESA LIA
2205,JAM JAR SWEET RED 750ML,Pcs,Wine,/files/media/product/JAM JAR SWEET RED 750ML.jpg,JAM JAR
1669,ROBERTSON - RED SWEET 750ML,Pcs,Wine,/files/media/product/robertson-sweet-red-750.png,Robertson winery
1750,SANDEMAN SEMI SWEET 750ML,Pcs,Wine,/files/media/product/SANDEMAN SEMI SWEET 750ML.webp,SANDEMAN
1770,SCAVI & RAY PROSECCO 750ML,Pcs,Wine,/files/media/product/SCAVI & RAY PROSECCO 750ML.webp,SCAVI & RAY
1358,MAISON CASTEL SAUV BLANC 750ML,Pcs,Wine,/files/media/product/MaisonCastelSauvignonBlanc_grande.webp,Maison castel
1364,MAISON CASTEL ICE ROSE 750ML,Pcs,Wine,/files/media/product/maisoncastel.jpg,Maison castel
1742,SANDARA Premium Sparkling Sangria 750ML,Pcs,Wine,/files/media/product/sandara_sangria.png,Sandara
1361,MAISON CASTEL CUVEE ROSEE 750ML,Pcs,Wine,/files/media/product/maisoncastel.jpg,Maison castel
1359,MAISON CASTEL CAB SAUV 750ML,Pcs,Wine,/files/media/product/maisoncastelcarbanetsauvignon750ml.jpeg,Maison castel
2058,VEUVE DU VERNAY BRUT ROSE 750ML,Pcs,Wine,/files/media/product/veuveduvernaybrutrose750ml.jpeg,Veuve du vernay
397,CARMELA SPARKLING SWEET WINE 750ML,Pcs,Wine,/files/media/product/carmelasweetwine.jpeg,Carmela
1043,JACOB'S CREEK ROSE 750ML,Pcs,Wine,/files/media/product/JACOB'S CREEK ROSE 750ML.jpg,Jacob's creek
1147,JP CHENET ORIGINAL BRUT-SPARKLING 750ML,Pcs,Wine,/files/media/product/jp chenet.webp,JP CHENET
1313,LUC BELAIRE BLEU CHAMPAGNE 750ML,Pcs,Wine,/files/media/product/lucbelairebleu750ml.webp,Luc belaire
1362,MAISON CASTEL ICE 750ML,Pcs,Wine,/files/media/product/maisoncastel.jpg,Maison castel
1569,OREANDA CRYSTAL BRUT 750ML,Pcs,Wine,/files/media/product/oreanda-crystal-brut.webp,Oreanda
2017,TRUMPETER ROSE DE MALBEC 750ml,Pcs,Wine,/files/media/product/Greenspoon-Rose-de-Malbec-Trumpeter-Rutini-720x480.jpg,Trumpeter
1956,THE BEACHHOUSE SHIRAZ 750ML,Pcs,Wine,/files/media/product/The-Beach-House-Shiraz.jpg,Beachhouse
796,FRONTERA SHIRAZ 750ML,Pcs,Wine,/files/media/product/frontera-shiraz.png,Frontera
1042,JACOB'S CREEK CLASSIC SHIRAZ 750ML,Pcs,Wine,/files/media/product/jacobscreekshiraz.jpeg,Jacob's creek
1246,KWV CLASSIC SHIRAZ 750ML,Pcs,Wine,/files/media/product/kwvclassicshiraz750ml.ashx,Kwv
1516,NEDERBURG - MANOR HOUSE SHIRAZ 750ML,Pcs,Wine,/files/media/product/nederburgmanorhouseshiraz750ml.jpeg,NEDERBURG
4,1692 SPIER CREATIVE BLOCK 3 SHIRAZ 750ML,Pcs,Wine,/files/media/product/1692 spier (3) shiraz.webp,Spier
2082,WELMOED SHIRAZ 750ML,Pcs,Wine,/files/media/product/welmoedshiraz750ml.jpeg,Welmoed
197,BELLINGHAM HOMESTEAD SAUV BLANC 750ML,Pcs,Wine,/files/media/product/bellinghamhomesteadsauvignonblanc750ml.ashx,Bellingham homestead
297,BRUCE JACK SAUV BLANC 750ML,Pcs,Wine,/files/media/product/brucejacksauvignonblanc750ml.webp,Bruce jack
296,BRUCE JACK RESERVE SAUV BLANC 750ML,Pcs,Wine,/files/media/product/brucejackreservesauvignonblanc750ml.jpg,Bruce jack
285,BRUCE JACK SAUV BLANC 2021 750ML,Pcs,Wine,/files/media/product/Bruce-Jack-Lifestyle-Sauvignon-Blanc_NV_640 (1).webp,Bruce jack
353,CALVET VARIETALS SAUV BLANC 750ML,Pcs,Wine,/files/media/product/25000420005.jpg,Calvet
347,CALVET R鑴ERVE BORDEAUX SAUV BLANC 750ML,Pcs,Wine,/files/media/product/calvetr鑼卻ervebordeauxsauvignonblanc750ml.png,Calvet
752,FOUR COUSINS SAUV BLANC 750ml,Pcs,Wine,/files/media/product/Four-Cousins-Rose-750ml.png,Four cousins
794,FRONTERA SAUV BLANC 1.5LTR,Pcs,Wine,/files/media/product/frontera-sauv-blanc (2).webp,Frontera
793,FRONTERA SAUV BLANC 750ML,Pcs,Wine,/files/media/product/frontera sauv.png,Frontera
805,GATO NEGRO SAUV BLANC 750ML,Pcs,Wine,/files/media/product/gato nagro whit.webp,GATO NEGRO
1245,KWV CLASSIC SAUV BLANC 750ML,Pcs,Wine,/files/media/product/KWV-Classic-Chenin-Blanc-Wine-750ml.jpg,KWV
1296,LODEZ SAUV BLANC 750ML,Pcs,Wine,/files/media/product/lodezsauvblanc2.jpeg,Lodez
1292,LODEZ CABERENT SAUV BLANC 750ML,Pcs,Wine,/files/media/product/lodezsauvblanc.webp,Lodez
1667,RIGAL ORIGINAL SAUV BLANC 750ML,Pcs,Wine,/files/media/product/rigalsauvblanc.avif,Rigal original
1734,SAN FELIPE CLASSIC SAUV BLANC 750ML,Pcs,Wine,/files/media/product/sanfelipeclassicsauvignonblanc750ml.jpeg,San felipe
1797,SIMONSIG SAUV BLANC SEMILLON 750ml,Pcs,Wine,/files/media/product/Simonsig Sauv Blanc Semillon 750ml.jpeg,Simonsig
2018,TRUMPETER SAUV BLANC 2021 750ML,Pcs,Wine,/files/media/product/Trumpeter-Cab-Sauv-750ml-600x600-1.jpg,Trumpeter
2067,VINA MAIPO SAUV BLANC 750ML,Pcs,Wine,/files/media/product/vinamaiposouvblanc750ml.webp,Vina maipo
2081,WELMOED SAUV BLANC 750ML,Pcs,Wine,/files/media/product/welmoedsauvblanc.webp,Welmoed
2072,WATERFORD ROSEMARY 750ML,Pcs,Wine,/files/media/product/WATERFORD ROSEMARY 750ML.jpg,WATERFORD
234,BLACK BIRD SWEET ROSE 750ML,Pcs,Wine,/files/media/product/BLACK BIRD SWEET ROSE 750ML.webp,BLACK BIRD
2189,DROSTDY SWEET ROSE 750ML,Pcs,Wine,/files/media/product/DROSTDY SWEET ROSE 750ML.webp,DROSTDY HOF
2602,FRONTERA SPARKLING SWEET ROSE 750ML,Pcs,Wine,/files/media/product/frontera_rose.jpeg,FRONTERA
2236,MARTINI ROSE 750ML,Pcs,Wine,/files/media/product/MARTINI ROSE 750ML.webp,MARTINI
686,FESTA ROSE DOLCEE,Pcs,Wine,,Festa spumante
87,AMANI BAY NATURAL SWEET ROSE 750ML,Pcs,Wine,/files/media/product/amanibaynaturalsweetrose750ml.webp,Amani bay
84,AMANI BAY DRY ROSE 750ML,Pcs,Wine,/files/media/product/amanibaydryrose750ml.webp,Amani bay
113,ARMAND DE BRIGNAC ROSE 750ML,Pcs,Wine,/files/media/product/ARMAND DE BRIGNAC ROSE 750ML.jpeg,ARMAND
122,ASCONI MOSCATO ROSE 750ML,Pcs,Wine,/files/media/product/Asconi-Moscato-Rose-750ml-600x600-1.jpg,Asconi
330,CALIFORNIA ROOTS ROSE 750ML,Pcs,Wine,/files/media/product/californiarootsrose750ml.jpg,California roots
393,CARLO ROSSI ROSEE 1.5LTR,Pcs,Wine,/files/media/product/images (11).jpeg,Carlo rossi
390,CARLO ROSSI PINK MOSCATO 750ML,Pcs,Wine,/files/media/product/carlorossipinkmoscato750ml.jpeg,Carlo rossi
435,CHANGE GRENACHE-SYRAH ROSE (ORGANIC) 750ML,Pcs,Wine,/files/media/product/changegrenache-syrahrose(organic)750ml.jpeg,Change
524,CONSIGNIA ROSE 750ML,Pcs,Wine,/files/media/product/CONSIGNIA ROSE 750ML.jpg,CONSIGNIA
597,DELUSH SWEET ROSE 750ML,Pcs,Wine,/files/media/product/Delush-Sweet-Rose-750ml.jpg,Delush
614,DOM PERIGNON ROSE 750ML,Pcs,Wine,/files/media/product/domperignonrose750ml.jpeg,Dom Perignon
647,DUCHESALIA FRAGOLINO ROSE 750ML,Pcs,Wine,/files/media/product/DUCHESALIA FRAGOLINO ROSE 750ML.webp,Duchesa lia
770,FRANSCHHOEK CELLAR BRUT ROSE 750ML,Pcs,Wine,/files/media/product/franschhoekcellarbrutrose75cl.webp,Franschhoek cellar
801,G.H. MUMM ROSEE 750ML,Pcs,Wine,/files/media/product/Mumm-GrandCordonRose-75cl-Packshot1-1320x0-c-default.png,Gh mumm
2195,GRANDE FRANCE ROSE 750ML,Pcs,Wine,/files/media/product/GRANDE FRANCE ROSE 750ML.webp,GRANDE FRANCE
1294,LODEZ CINSAULT ROSE 750ML,Pcs,Wine,/files/media/product/Lodez-Cinsault.png,Lodez
1321,LUC BELAIRE LUXE ROSE 750ML,Pcs,Wine,/files/media/product/luc-belaire-luxe-rose.webp,Luc belaire
1319,LUC BELAIRE FANTOME ROSE 750ML,Pcs,Wine,/files/media/product/lucbelairefantomerose750ml.webp,Luc belaire
1388,MARA ROSE 750ML,Pcs,Wine,/files/media/product/MARA ROSE 750ML.jpg,MARA
1412,MATEUS ROSE 1.5LTR,Pcs,Wine,/files/media/product/mateusrose.jpg,Mateus
1421,MESTA ROSE 750ML,Pcs,Wine,/files/media/product/MESTA ROSE 750ML.webp,MESTA
1488,MUCHO MAS ROSE 750ML,Pcs,Wine,/files/media/product/MUCHO MAS ROSE 750ML.webp,MUCHO MAS
1520,NEDERBURG - ROSE 750 ML,Pcs,Wine,/files/media/product/nederburg-classic-rose-website-pack-shot.png,Nederburg
1532,NOBLE ROSE 750ML,Pcs,Wine,/files/media/product/noblerose750ml.webp,Noble
1564,OMBRE ROSE 750ML,Pcs,Wine,/files/media/product/ombrerose750ml.jpeg,Ombre
1637,PROSECO ROSE 750ML,Pcs,Wine,/files/media/product/PROSECO ROSE 750ML.jpeg,PROSECO
1718,RUINART ROSE 750ML,Pcs,Wine,/files/media/product/images (9).jpeg,Ruinart
1730,SAINT CELINE ROSE WINE 750ML,Pcs,Wine,/files/media/product/SAINT CELINE ROSE WINE 750ML.jpeg,SAINT CELINE
1907,SWEET LIPS SWEET ROSE 1LTR,Pcs,Wine,/files/media/product/sweetlipssweetrose1ltr.jpg,Sweet lips
1955,THE BEACHHOUSE ROSE 750ML,Pcs,Wine,/files/media/product/THE BEACHHOUSE ROSE 750ML.jpg,THE BEACHHOUSE
2080,WELMOED ROS鑴 750ML,Pcs,Wine,/files/media/product/welmoed-rose.webp,Welmoed
1519,NEDERBURG - RIESLING 750ML,Pcs,Wine,/files/media/product/nederburgriesling750ml.jpeg,Nederburg
1701,ROSSO NOBILE VANILLA 750ML,Pcs,Wine,/files/media/product/rossonobilevanilla750ml.webp,Rosso nobile
158,BAIN'S WAY SWEET RED 750ML,Pcs,Wine,/files/media/product/BAIN'S WAY SWEET RED 750ML.webp,BAIN'S WAY
226,BIRDS N BEES SWEET RED 750ML,Pcs,Wine,/files/media/product/BIRDS N BEES SWEET RED 750ML.png,Birds N Bees
233,BLACK BIRD SWEET RED 750ML,Pcs,Wine,/files/media/product/black bird sweet red.jpg,Black bird
369,CAPRICE NATURAL SWEET RED 1LTR,Pcs,Wine,/files/media/product/Caprice-sweet-red.png,Caprice
2213,CARLO ROSSI ROSE 750ML,Pcs,Wine,/files/media/product/carlorossipink750ml.png,Carlo rossi
596,DELUSH SWEET RED 750ML,Pcs,Wine,/files/media/product/delushsweetred750ml.jpeg,Delush
746,FOUR COUSIN SWEET RED 5LTR,Pcs,Wine,/files/media/product/fourcousinsweetred5ltr.jpeg,Four cousins
815,GATONEGRO SEMI SWEET RED 750ML,Pcs,Wine,/files/media/product/Gato-negro-semi-sweet-750ml-1.png,GATO NEGRO
1457,MOHANS RESERVE - REDSWEET WINE 750ML,Pcs,Wine,/files/media/product/mohansreserveredsweetwine750ml.jpeg,Mohans
1486,MUCHO MAS RED 1.5ltrs,Pcs,Wine,/files/media/product/MUCHO MAS RED 1.5ltrs.jpeg,MUCHO MAS
1533,NOBLE SWEET RED 750ML,Pcs,Wine,/files/media/product/SWEET_RED_Nobel.jpg.180x0_q85_autocrop_crop-smart_upscale-1100x1100-1.jpg,Noble
1605,PENASOL SANGRIA 1.5 LTRS,Pcs,Wine,/files/media/product/PENASOL SANGRIA1.5 LTRS.jpg,Penasol
1622,PIERRE MARCEL SWEET RED 1.5LTR,Pcs,Wine,/files/media/product/pierre-marcel.webp,Pierre marcel
2347,SANGRIA PENASOL 1LTR,Pcs,wine,/files/media/product/SANGRIA PENASOL 1LTR.png,SANGRIA
1876,ST. CELINE 750ML,Pcs,Wine,/files/media/product/SAINT CELINE RED WINE 750ML.jpeg,St Celine
2068,VINA MAIPO SWEET RED 750ML,Pcs,Wine,/files/media/product/VINA MAIPO SWEET RED 750ML.avif,VINA MAIPO
1699,ROSSO NOBILE RASPBERRY & LEMON - BUBBLY 750ML,Pcs,Wine,/files/media/product/Buy-Rosso-Nobile-Raspberry-and-Lemon-Bubbly-750ml-online-in-Nairobi.jpg,Rosso nobile
1697,ROSSO NOBILE NACIOLLA 750ML,Pcs,Wine,/files/media/product/ROSSO NOBILE NACIOLLA 750ML.jpeg,ROSSO NOBILE
478,CINZANO VINO SPUMANTE 750ML,Pcs,Wine,/files/media/product/CINZANO VINO SPUMANTE 750ML.jpg,CINZANO
134,AUSTRALIAN BUSH SHIRAZ 750ML,Pcs,Wine,/files/media/product/AUSTRALIAN BUSH SHIRAZ 750ML.jpeg,AUSTRALIAN BUSH
525,CONSIGNIA SHIRAZ 750ML,Pcs,Wine,/files/media/product/CONSIGNIA SHIRAZ 750ML.jpeg,CANSIGNIA
1013,ITINERA PROSECCO 750ML,Pcs,Wine,/files/media/product/ITINERA PROSECCO 750ML.jpeg,ITINERA
2291,VINCLES SUMA MOCA 750ML,Pcs,Wine,/files/media/product/Sumarroca Vincles Organic Tinto.png,VINCLES
1698,ROSSO NOBILE NOUGAT 750ML,Pcs,Wine,/files/media/product/rosso-nobile-nougat.jpg,Rosso nobile
775,FRANSCHHOEK CELLAR MERLOT 750ML,Pcs,Wine,/files/media/product/fransschoek-merlot.webp,Franschhoek cellar
1295,LODEZ MERLOT RED 750ML,Pcs,Wine,/files/media/product/lodezmerlotred750ml.jpeg,Lodez
114,ARNEGUI RIOJA 750ML,Pcs,Wine,/files/media/product/ARNEGUI RIOJA 750ML.jpeg,ARNEGUI
1726,RUTINI MALBEC 750ML,Pcs,Wine,/files/media/product/rutiniwhite.png,Rutini
1695,ROSSO NOBILE EXPRESSO 750ML,Pcs,Wine,/files/media/product/rossonobileexpresso750ml.jpeg,Rosso nobile
11,2SHARE 750ML,Pcs,Wine,/files/media/product/2SHARE 750ML.jpeg,2SHARE
2173,AG FORTY SEVEN MALBEC SHIRAZ 750ML,Pcs,Wine,/files/media/product/AG FORTY SEVEN MALBEC SHIRAZ 750ML.jpg,AG FORTY SEVEN
124,ASCONI RED-SEMIDRY WINE 750ML,Pcs,Wine,/files/media/product/asconired-semidrywine750ml.jpeg,Asconi
123,ASCONI PASTORAL WINE 750ML,Pcs,Wine,/files/media/product/asconipastoral750ml.jpg,Asconi
371,CAPRICE RED DRY TETRA 1LTR,Pcs,Wine,/files/media/product/capricereddrytetra1ltr.jpg,Caprice
398,CARNIVOR 750ML,Pcs,Wine,/files/media/product/carnivor750ml.jpg,Carnivor
2186,CONSIGNIA MERLOT 750ML,Pcs,Wine,/files/media/product/CONSIGNA MERLOT 750ML.webp,CONSIGNIA
639,DROSTDY HOF RED 375ML,Pcs,Wine,/files/media/product/DROSTDY HOF RED 375ML.jpeg,Drostdy hof
751,FOUR COUSINS RED DRY 1.5LTR,Pcs,Wine,/files/media/product/fourcousinsreddry15ltr.jpeg,Four cousins
1980,THE GUVNOR RED 1.5LTR,Pcs,Wine,/files/media/product/THE GUVNOR RED 1.5LTR.jpeg,guv nor
2234,MAISON CASTEL SYRAH 750ML,Pcs,Wine,/files/media/product/CASTEL SYRAH 750ML.webp,Maison castel
2233,MAISON CASTEL MEDOC 750ML,Pcs,Wine,/files/media/product/MAISON CASTEL MEDOC 750ML.webp,MAISON CASTEL
1499,NAMAQUA DRY RED 750ML,Pcs,Wine,/files/media/product/namaquadryred750ml.jpg,Namaqua
1498,NAMAQUA DRY RED 5LTR,Pcs,Wine,/files/media/product/namaquadryred5ltr.jpeg,Namaqua
1676,ROBERTSON WINERY CAB SAUV 750ML,Pcs,Wine,/files/media/product/robertsonwinerycarbernetsauvignon750ml.jpeg,Robertson winery
2315,RUTINI MENDOZA 750ML,Pcs,Wine,/files/media/product/RUTINI MENDOZA 750ML.webp,RUTINI
2250,SWARTLAND SYRAH 750ML,Pcs,Wine,/files/media/product/SWARTLAND SYRAH 750ML.jpg,SWARTLAND
1924,TALL HORSE - PINOTAGE 750ML,Pcs,Wine,/files/media/product/tall horse.jpeg,Tall horse
1994,TILIA MALBEC 750ML,Pcs,Wine,/files/media/product/Tilia-Malbec-750ml-600x600-2-1.jpg,Tilia
2037,UPPER VALLEY DRY RED 1.5ltr,Pcs,Wine,/files/media/product/ARTCAFFE-Nabygelegen-Upper-Valley-Dry-White-1.5L.jpg,Upper valley
1603,PENASOL BRUT 750ML,Pcs,Wine,/files/media/product/PENASOL BRUT 750ML.webp,PENASOL
125,ASCONI WINERY CAB SAUV 700ML,Pcs,Wine,/files/media/product/ASCONI WINERY CAB SAUV 700ML.jpeg,Asconi
2312,PAINTED WOLF CAB SAUV 750ML,Pcs,Wine,/files/media/product/PAINTED WOLF CAB SAUV 750ML.webp,PAINTED WOLF
2031,TUSSOCK JUMPER CAB SAUV 750ml,Pcs,Wine,/files/media/product/TUSSOCK JUMPER CAB SAUV 750ml.png,TUSSOCK
2287,TWIGA HILL CAB SAUV 700ML,Pcs,Wine,/files/media/product/TWIGA HILL CAB SAUV 700ML.jpg,TWIGA HILL
2255,VAN LOVEREN CAB SAUV 700ML,Pcs,Wine,/files/media/product/VAN LOVEREN CAB SAUV 700ML.webp,VAN LOVEREN
2208,ASCONI CAB SAUV MERLOT 750ML,Pcs,Wine,/files/media/product/ASCONI CAB SAUV MERLOT 750ML.webp,ASCONI
2209,ASCONI CAB SAUV ROSE 750ML,Pcs,Wine,/files/media/product/ASCONI CAB SAUV ROSE 750ML.webp,ASCONI
255,BOLAND CELLAR CAB SHIRAZ 750ML,Pcs,Wine,/files/media/product/bolandcellarcabernetshiraz750ml.webp,Boland cellar
72,ALAMOS MALBEC 750ML,Pcs,Wine,/files/media/product/ALAMOS MALBEC 750ML.webp,Alamos
110,ARGENTO ORGANIC MALBEC 750ml,Pcs,Wine,/files/media/product/ARGENTO ORGANIC MALBEC 750ml.webp,ARGENTO
415,CATENA MALBEC 750ML,Pcs,Wine,/files/media/product/CATENA MALBEC 750ML.jpg,Catena
126,ASCONI WINERY MERLOT 700ML,Pcs,Wine,/files/media/product/ASCONI WINERY MERLOT 700ML.jpeg,ASCONI
812,GATONEGRO MERLOT 1.5LTR,Pcs,Wine,/files/media/product/GATONEGRO MERLOT 1.5LTR.jpg,GATO NEGRO
2229,LA CAPRA MERLOT 750ML,Pcs,Wine,/files/media/product/LA CAPRA MERLOT 750ML.jpg,LA CAPRA
1517,NEDERBURG - MERLOT 750ML,Pcs,Wine,/files/media/product/NEDERBURG - MERLOT 750ML.webp,NEDERBURG
1683,ROCHE MAZET MERLOT,Pcs,Wine,/files/media/product/ROCHE MAZET MERLOT.jpeg,ROCHE MAZET
2254,TOMMASI MERLOT 750ML,Pcs,Wine,/files/media/product/TOMMASI MERLOT 750ML.webp,TOMMASI
2289,TWIGA HILL MERLOT 700ML,Pcs,Wine,/files/media/product/TWIGA HILL MERLOT 700ML.jpg,TWIGA HILL
2313,PAINTED WOLF PINOTAGE 750ML,Pcs,Wine,/files/media/product/PAINTED WOLF PINOTAGE 750ML.webp,PAINTED WOLF
2003,TOMMASI PINOTAGE 750ML,Pcs,Wine,/files/media/product/TOMMASI PINOTAGE 750ML.jpeg,TOMMASI
2177,ANGOVE MCLAREN VALE SHIRAZ 2016 750ML,Pcs,Wine,/files/media/product/ANGOVE MCLAREN VALE SHIRAZ 2016 750ML.jpg,ANGOVE
112,ARGENTO SHIRAZ 750ml,Pcs,Wine,/files/media/product/ARGENTO SHIRAZ 750ml.jpg,ARGENTO
133,AUSTRALIAN BUSH SHIRAZ 3LTR,Pcs,Wine,/files/media/product/images (15).jpeg,AUSTRALIAN BUSH
674,FAIRVIEW SHIRAZ 750ML,Pcs,Wine,/files/media/product/FAIRVIEW SHIRAZ 750ML.webp,FAIRVIEW
1693,ROSSO NOBILE CHERRY 750ML,Pcs,Wine,/files/media/product/rossonobilecherry750ml.webp,Rosso nobile
2325,SECRET SAFARI CHERRY RED 750ML,Pcs,Wine,/files/media/product/SECRET SAFARI CHERRY RED 750ML.jpg,SECRET SAFARI
71,ALAMOS CAB SAUV 750ML,Pcs,Wine,/files/media/product/alamos_cab_18_750.jpeg,Alamos
404,CASA SOLIS CAB SAUV 750ML,Pcs,Wine,/files/media/product/casasoliscarbanetsavignon750ml.png,Casa solis
803,GALLO FAMILY CAB SAUV 750ML,Pcs,Wine,/files/media/product/gallo_family_cab_750.webp,Gallo family
1509,NEDERBURG - BARONE 750ML,Pcs,Wine,/files/media/product/NEDERBURG - BARONE 750ML.jpg,NEDERBURG
15,4TH STREET RED 750ML,Pcs,Wine,/files/media/product/4thstreetred.jpg,4Th Street
14,4TH STREET RED 5LTR,Pcs,Wine,/files/media/product/4th-street-red-5l.png,4Th Street
13,4TH STREET RED 1.5LTR,Pcs,Wine,/files/media/product/4th-street-red 1.5l.png,4Th Street
24,5TH CARINO SWEET RED 750ML,Pcs,Wine,/files/media/product/5thcarinosweetred750ml.jpg,5Th carino
83,ALTAR WINE 750ml,Pcs,Wine,/files/media/product/ALTAR WINE 750ml.jpeg,ALTER WINE
89,AMANI BAY SMOOTH RED 750ML,Pcs,Wine,/files/media/product/amanibaysmoothred750ml.jpeg,Amani bay
86,AMANI BAY NATURAL SWEET RED 750ML,Pcs,Wine,/files/media/product/amani-bay-sweet-red.webp,Amani bay
2001,TOMMASI 750ML,Pcs,Wine,/files/media/product/TOMMASI AMARONE 750ML.webp,Amarone tammosi
97,ANDRE RUBY RED 750ML,Pcs,Wine,/files/media/product/andrerubyred750ml.jpg,Andre
98,ANGELO RED 750ML,Pcs,Wine,/files/media/product/Angelo red 750ml.jpg,Angelo
116,ARNISTON BAY RED 750ML,Pcs,Wine,/files/media/product/ARNISTON BAY RED 750ML.jpeg,ARNISTON
181,BARON DE LESTAC BORDEAUX 750ML,Pcs,Wine,/files/media/product/BARON DE LESTAC BORDEAUX 750ML.jpeg,BARON
225,BIG OAK RED 750ML,Pcs,Wine,/files/media/product/BIG OAK RED 750ML.jpeg,BIG OAK
2212,BON VOYAGE 750ML,Pcs,Wine,/files/media/product/BON VOYAGE 750ML.jpg,BON VOYAGE
271,BOTTEGA ROSSO 2016 750ml,Pcs,Wine,/files/media/product/BOTTEGA ROSSO 2016 750 ML.webp,Bottega
286,BRUCE JACK 750ML,Pcs,Wine,/files/media/product/BRUCE JACK 750ML.jpeg,BRUCE JACK
354,CALVET VARIETALS SYRAH 750ML,Pcs,Wine,/files/media/product/calvetvarietalssyrah750ml.jpg,Calvet
344,CALVET GRANDE RESERVE BORDEAUX 1.5LTR,Pcs,Wine,/files/media/product/CALVET GRANDE RESERVE BORDEAUX 1.5LTR.jpeg,CALVET
2267,CAPE AUCTION 750ML,Pcs,Wine,/files/media/product/CAPE AUCTION 750ML.avif,CAPE AUCTION
394,CARLO ROSSI SWEET RED 3LTR,Pcs,Wine,/files/media/product/carlo rossi.webp,Carlo rossi
392,CARLO ROSSI RED WINE 750ML,Pcs,Wine,/files/media/product/carlorossiredwine750ml.webp,Carlo rossi
391,CARLO ROSSI RED 1.5LTR,Pcs,Wine,/files/media/product/carlo rossi red.webp,Carlo rossi
399,CASA BUENA SWEET RED 1LTR,Pcs,Wine,/files/media/product/casabuenasweetred1ltr.jpg,Casa buena
424,CELLAR J'BURG RED 750ML,Pcs,Wine,/files/media/product/images (5).jpeg,Cellar j'burg
423,CELLAR J'BURG RED 5LTR,Pcs,Wine,/files/media/product/cellar_red_5ltr.467.png,Cellar j'burg
428,CHAMDOR RED 750ML,Pcs,Wine,/files/media/product/Chamdor-Red-750ml.jpg,Chamdor
1960,THE CHOCOLATE BLOCK 750ML,Pcs,Wine,/files/media/product/thechocolateblock750ml.jpg,Chocolate block
553,CULEMBORG S.A RED 750ML,Pcs,Wine,/files/media/product/culemborgs.ared75cl.jpeg,Culemborg
549,CULEMBORG CAPE RED 1.5LTR,Pcs,Wine,/files/media/product/culemborg_cape_red.jpg,Culemborg
643,DROSTDY-HOF CLARET 750ML,Pcs,Wine,/files/media/product/drostdy-hofclaret750ml.jpg,Drostdy hof
641,DROSTDY RED CLARET 5LTR,Pcs,Wine,/files/media/product/Drostdy-Hof-Red-Claret-5-Litre-600x600-1.jpg,Drostdy hof
2216,DUCHESALIA BARBERA 750ML,Pcs,Wine,/files/media/product/DUCHESALIA BARBERA 750ML.webp,DUCHESA LIA
667,ESTANCIA MENDOZA 750ML,Pcs,Wine,/files/media/product/ESTANCIA MENDOZA 750ML.jpeg,ESTANCIA MENDOZA
2272,FINCA LOS ALTOS 750ML,Pcs,Wine,/files/media/product/FINCA LOS ALTOS 750ML.jpg,FINCA LOS ALTOS
753,FOUR COUSINS SWEET RED 3LTR,Pcs,Wine,/files/media/product/Natural-sweet-red-four-cousins.jpg,Four cousins
750,FOUR COUSINS RED 750ML,Pcs,Wine,/files/media/product/fourcousinsred750ml.webp,Four cousins
745,FOUR COUSIN SWEET RED 1.5LTR,Pcs,Wine,/files/media/product/fourcousinsweetred15ltr.jpeg,Four cousins
800,FRONTERA SWEET RED 750ML,Pcs,Wine,/files/media/product/20210731_150603-011-1-scaled.jpeg,Frontera
2221,GATO NEGRO CREMENERE 750ML,Pcs,Wine,/files/media/product/GATO NEGRO CARMENERE 750ML.webp,GATO NEGRO
1978,THE GUV'NOR RED 750ML,Pcs,Wine,/files/media/product/the guv nor red 750ml.jpeg,guv nor
968,HERITAGE AOP LANGUEDOC 750ML,Pcs,Wine,/files/media/product/heritageaoplanguedoc750ml.jpeg,Heritage
1044,JACOBS CREEK CHARDONNAY,Pcs,Wine,/files/media/product/jacobscreekchardonnay750ml.jpg,Jacob's creek
1152,JP CHENET ORIGINAL SAUV BLANC 750ML,Pcs,Wine,/files/media/product/jpchenetsauvblanc.jpg,Jp Chenet
1173,KANONKOP KADETTE 750ML,Pcs,Wine,/files/media/product/kanonkop-estate-cabernet-sauvignon.webp,Kanonkop
1239,KWV CAPE RUBY 750ml,Pcs,Wine,/files/media/product/KWV CAPE RUBY 750ML.png,Kwv
1250,LA MAUQUELINE 750ML,Pcs,Wine,/files/media/product/LA MAUQUELINE 750ML.webp,LA MAUQUELINE
1266,LAURENT BRUT CHAMPAGNE 750ML,Pcs,Wine,/files/media/product/LAURENT 750ML.jpeg,Laurent
1411,MATEUS 1LTR,Pcs,Wine,/files/media/product/MATEUS 1LTR.jpeg,MATEUS
1418,MENAGE A TROIS ZINFANDEL 2019 750ML,Pcs,Wine,/files/media/product/Menage_a_Trois_Folie_Red.jpg,Menage a trois
1420,MESTA RED 750ML,Pcs,Wine,/files/media/product/MESTA RED 750ML.jpg,MESTA
1435,MIKADO RED 750ML,Pcs,Wine,/files/media/product/mikado.avif,Mikado
1438,MIRADOR RED 750ML,Pcs,Wine,/files/media/product/MIRADOR RED 750ML.jpeg,MIRADOR
1478,MOSCATEL DE SETUBAL 750ML,Pcs,Wine,/files/media/product/moscateldesetubal750ml.webp,Moscatel
1487,MUCHO MAS RED 750ML,Pcs,Wine,/files/media/product/Mucho-Mas-Vino-Tinto-75cl.jpg,MUCHO MAS
1503,NAMAQUA SWEET RED 750ML,Pcs,Wine,/files/media/product/Namaquasweetwhite.png,Namaqua
1502,NAMAQUA SWEET RED 5LTR,Pcs,Wine,/files/media/product/namaquasweetred5ltr.jpeg,Namaqua
1500,NAMAQUA JOHANNISBERGER RED 5LTR,Pcs,Wine,/files/media/product/namaquajohannisbergerred5ltr.jpeg,Namaqua
1531,NOBLE DRY RED 750ML,Pcs,Wine,/files/media/product/nobledryred750ml.webp,Noble
1535,NOTOLA RED 750ML,Pcs,Wine,/files/media/product/NOTOLA RED 750ML.jpeg,NOTOLA
1604,PENASOL RED WINE 1LTR,Pcs,Wine,/files/media/product/images (7).jpeg,Penasol
1602,PENASOL ALREN 750ML,Pcs,Wine,/files/media/product/PENASOL ALREN 750ML.jpeg,PENASOL
1623,PIERRE MARCEL SWEET RED 750ML,Pcs,Wine,/files/media/product/pierremarcelsweetred750ml.jpeg,Pierre marcel
1661,RIB SHACK RED 750ML,Pcs,Wine,/files/media/product/RIB SHACK RED 750ML.jpeg,RIB SHACK
1677,ROBERTSON WINERY PINOTAGE 750ML,Pcs,Wine,/files/media/product/robertsonwinerypinotage750ml.jpeg,Robertson winery
1670,ROBERTSON - SWEET RED 1.5LT,Pcs,Wine,/files/media/product/robertson-sweet-red-750 (1).png,Robertson winery
1678,ROCCA DEI FORTI RED 750ML,Pcs,Wine,/files/media/product/roccadeifortired750ml.jpeg,Rocca dei Forti
1682,ROCHE MAZET GRENACHE 750ML,Pcs,Wine,/files/media/product/ROCHE MAZET GRENACHE 750ML.jpeg,ROCHE MAZET
1696,ROSSO NOBILE MARZIPAN 750ML,Pcs,Wine,/files/media/product/rossonobilemarzipan750ml.jpg,Rosso Nobile
1719,RUPERT & ROTHS RED 750ML,Pcs,Wine,/files/media/product/images (8).jpeg,Rupert & Rothschild
1729,SAINT CELINE RED WINE 750ML,Pcs,Wine,/files/media/product/SAINT CELINE RED WINE 750ML.jpeg,SAINT CELINE
1741,SANDARA PREMIUM SANGIRIA 750ML,Pcs,Wine,/files/media/product/sandara_sangria.png,Sandara
1746,SANDEMAN FINE RUBY 1ltr,Pcs,Wine,/files/media/product/SANDEMAN FINE RUBY 1000ML.jpg,Sandeman
1758,SANTA HELENA TINTO 750ML,Pcs,Wine,/files/media/product/SANTA HELENA TINTO 750ML.jpg,Santa Helena
1796,SIMONSIG PINOTAGE 750ml,Pcs,Wine,/files/media/product/Simonsig Pinotage 750ml.jpg,Simonsig
1794,SIMONSIG CAB SAUV SHIRAZ 750ml,Pcs,Wine,/files/media/product/Simonsig cabernet sauvignon shiraz 750ml.jpg,Simonsig
1867,SPUMANTE FESTA RED 750ML,Pcs,Wine,/files/media/product/Abbazia-san-gaudenzio-fiorino-oro-asti-spumante-docg.jpg,Spumante
1881,STARCHASER 750ML,Pcs,Wine,/files/media/product/starchaser.jpg,Starchaser
1906,SWEET LIPS SWEET RED 1LTR,Pcs,Wine,/files/media/product/Sweet-Lips-Red-1Ltr.jpg,Sweet lips
2002,TOMMASI AMARONE DELLA VALPOLICELLA CLASSICO 750ML,Pcs,Wine,/files/media/product/TOMMASI AMARONE DELLA VALPOLICELLA CLASSICO 750ML.webp,TOMMASI
2034,TWIGA HILL 750ML,Pcs,Wine,/files/media/product/TWIGA HILL 750ML.jpeg,TWIGA HILL
2444,TWO OCEANS CAB SAUV MERLOT 750ML,Pcs,Wine,/files/media/product/twooceanscarbanetsauvignonmerlot750ml.ashx,Two Oceans
2053,VERSUS SWEET RED 750ML,Pcs,Wine,/files/media/product/Buy-Versus-Sweet-Red-online-in-Nairobi.png,Versus
2052,VERSUS RED DRY 1LTR,Pcs,Wine,/files/media/product/versus-sweet-red-.jpg,Versus
2153,ZONIN PROSECCO750ml,Pcs,Wine,/files/media/product/ZONIN Prosecco 750ML.jpg,Zonin
1268,LE BOLICINE PROSECO 750ML,Pcs,Wine,/files/media/product/LE BOLICINE PROSECO 750ML.png,LE BOLICINE
2345,BOTTEGA WHITE GOLD 750ML,Pcs,wine,/files/media/product/BOTTEGA WHITE GOLD 750ML.webp,BOTTEGA
2346,BOTTEGA GOLD 750ML,Pcs,wine,/files/media/product/BOTTEGA GOLD 750ML.png,BOTTEGA
503,COCKBURN FINE TAWNY 1LTR,Pcs,Wine,/files/media/product/COCKBURN FINE TAWNY 1LTR.webp,COCKBURN
295,BRUCE JACK RESERVE PINOTAGE 750ML,Pcs,Wine,/files/media/product/bruce jack reserve.png,Bruce jack
196,BELLINGHAM HOMESTEAD PINOTAGE 750ML,Pcs,Wine,/files/media/product/bellinghamhomesteadpinotage750ml.jpg,Bellingham homestead
654,DURBANVILLE HILLS PINOTAGE 750ML,Pcs,Wine,/files/media/product/durbanvillehillspinotage750ml.jpeg,Durbanville hills
1248,KWV PINOTAGE 750ML,Pcs,Wine,/files/media/product/kwvpinotage750ml.ashx,Kwv
1518,NEDERBURG - PINOTAGE 750ML,Pcs,Wine,/files/media/product/nederburgpinotage750ml.jpeg,Nederburg
2218,EXPRESSION PINK ROSE 750ML,Pcs,Wine,/files/media/product/EXPRESSION PINK ROSE 750ML.jpg,EXPRESSION
1144,JP CHENET FASHION PINEAPPLE 750ML,Pcs,Wine,/files/media/product/jpchenet_pineapple.png,Jp chenet
2065,VINA MAIPO MOSCATO 750ML,Pcs,Wine,/files/media/product/Vina_Maipo_Moscato.jpg,Vina maipo
405,CASA SOLIS MERLOT 750ML,Pcs,Wine,/files/media/product/CASA SOLIS MERLOT 750ML.webp,CASA SOLIS
290,BRUCE JACK MERLOT 750ML,Pcs,Wine,/files/media/product/brucejackmerlot750ml.webp,Bruce jack
352,CALVET VARIETALS MERLOT 750ML,Pcs,Wine,/files/media/product/calvetvarietalsmerlot750ml.webp,Calvet
552,CULEMBORG MERLOT 750ML,Pcs,Wine,/files/media/product/culemborgmerlot750ml.jpeg,Culemborg
632,DOUGLAS GREEN MERLOT 750ML,Pcs,Wine,/files/media/product/douglas-green-merlot.jpg,Douglas green
791,FRONTERA MERLOT 750ML,Pcs,Wine,/files/media/product/frontera merlot.jpeg,Frontera
790,FRONTERA MERLOT 1.5LTR,Pcs,Wine,/files/media/product/fronteramerlot15ltr.jpg,Frontera
813,GATONEGRO MERLOT 750ML,Pcs,Wine,/files/media/product/gatonegromerlot.webp,GATO NEGRO
807,GATONEGRO CAB MERLOT 1.5LTR,Pcs,Wine,/files/media/product/Gato-Negro-Cab-Merlot-750ml-600x600-1.jpg,GATO NEGRO
1045,JACOBS CREEK MERLOT 750ML,Pcs,Wine,/files/media/product/jacobscreekmerlot.jpeg,Jacob's creek
1244,KWV CLASSIC MERLOT 750ML,Pcs,Wine,/files/media/product/KWV-Merlot-750ML.png,Kwv
2239,NATURALYS MERLOT 750ML,Pcs,Wine,/files/media/product/NEDERBURG - MERLOT 750ML.webp,Nederburg
1639,PROTEA MERLOT 750ML,Pcs,Wine,/files/media/product/protea_merlot.png,Protea
1793,SIMONSIG CAB SAUV MERLOT 750ml,Pcs,Wine,/files/media/product/Simonsig Cab Sauv Merlot 750ml.jpg,Simonsig
1928,TALL HORSE MERLOT 750ML,Pcs,Wine,/files/media/product/Tall Horse Merlot 750mL-1Q0I7SbR52.jpg,Tall horse
2015,TRUMPETER MERLOT 2020 750ML,Pcs,Wine,/files/media/product/Trumpeter-Cab-Sauv-750ml-600x600-1.jpg,Trumpeter
2070,WARWICK 750ML,Pcs,Wine,/files/media/product/warwick.webp,Warwick
2078,WELMOED MERLOT 750ML,Pcs,Wine,/files/media/product/welmoed.png,Welmoed
1151,JP CHENET ORIGINAL MERLOT ORIGINAL 750ML,Pcs,Wine,/files/media/product/jp chenet merlot.jpg,JP CHENET
1282,LEGENDE MEDOC 750ML,Pcs,Wine,/files/media/product/legendemedoc750ml.jpeg,Legende
1407,MARTINI ROSATO 1ltr,Pcs,Wine,/files/media/product/MARTINI ROSATO 1ltr.jpg,MARTINI
1725,RUTINI ENCUENTRO MALBEC 750ML,Pcs,Wine,/files/media/product/rutini-encuentro-malbec.webp,Rutini
277,BRAZOS MALBEC 750ML,Pcs,Wine,/files/media/product/brazosmalbec750ml.png,Brazos
291,BRUCE JACK PINOTAGE MALBEC 750ML,Pcs,Wine,/files/media/product/brucejack.webp,Bruce jack
1431,MICHEL TORINO TRADITIONAL MALBEC 750ML,Pcs,Wine,/files/media/product/michel torino.jpg,Michel torino
1425,MICHEL TORINO COLECCION MALBEC 750ML,Pcs,Wine,/files/media/product/michelTorino.jpg,Michel torino
1630,PLAYA DEL SOL MALBEC 75Oml,Pcs,Wine,/files/media/product/Playa del Sol MALBEC75OML.jpeg,Playa
1666,RIGAL ORIGINAL MALBEC 750ML,Pcs,Wine,/files/media/product/regalmalbec.png,Rigal original
1736,SAN FELIPE OAK MALBEC 750ML,Pcs,Wine,/files/media/product/sanfelipeoakmalbec750ml.jpeg,San felipe
2014,TRUMPETER MALBEC 750ML,Pcs,Wine,/files/media/product/trumpetermalbec750ml.jpg,Trumpeter
789,FRONTERA LATE HARVEST 750ML,Pcs,Wine,/files/media/product/frontera-late-harvest.webp,Frontera
1514,NEDERBURG - EDELROOD 750ML,Pcs,Wine,/files/media/product/nederburgedelrood750ml.webp,Nederburg
1759,SANTA HELLENA DULCEE 750ml,Pcs,Wine,/files/media/product/SANTA HELLENA DULCEE 750ml.webp,Santa Helena
1513,NEDERBURG - DUET 750ML,Pcs,Wine,/files/media/product/nederburgduet750ml.jpeg,Nederburg
642,DROSTDY HOF WHITE 3LTR,Pcs,Wine,/files/media/product/DROSTDY DRY WHITE 3LTR.jpeg,Drostdy hof
1861,SOUTHERN OCEAN SAUV BLANC 750ML,Pcs,Wine,/files/media/product/SOUTHERN OCEAN SAUV BLANC 750ML.jpeg,SOUTHERN OCEAN
638,DROSTDY HOF CLARET 3LTR,Pcs,Wine,/files/media/product/DROSTDY HOF CLARET 3LTR.webp,DROSTDY HOF
1573,OVERMEER 5LTR,Pcs,Wine,/files/media/product/overmeer5ltr.jpeg,Overmeer
669,ESTANCIA MENDOZA MERLOT 750ml,Pcs,Wine,/files/media/product/ESTANCIA MENDOZA MERLOT 750ml.png,ESTANCIA MENDOZA
2273,FIVE'S RESERVE MERLOT ROSE 750ML,Pcs,Wine,/files/media/product/FIVE'S RESERVE MERLOT ROSE 750ML.jpeg,FIVE'S RESERVE
1365,MAISON CASTEL PINOT NOIR 750ML,Pcs,Wine,/files/media/product/MAISON CASTEL PINOT NOIR 750ML.jpeg,MAISON CASTEL
1522,NEDERBURG - SHIRAZ 750ML,Pcs,Wine,/files/media/product/NEDERBURG - SHIRAZ 750ML.jpeg,NEDERBURG
1674,ROBERTSON CHARDONNAY 750ML,Pcs,Wine,/files/media/product/robertsonchardonnay750ml.jpeg,Robertson winery
2277,MOLINA RESERVA 750ML,Pcs,Wine,/files/media/product/MOLINA RESERVA 750ML.webp,CASTILLO DEL MOLINA
668,ESTANCIA MENDOZA MALBEC 750ml,Pcs,Wine,/files/media/product/ESTANCIA MENDOZA MALBEC 750ml.webp,ESTANCIA MENDOZA
1360,MAISON CASTEL CUVEE BRUT 750ML,Pcs,Wine,/files/media/product/MAISON CASTEL CUVEE BRUT 750ML.jpeg,MAISON CASTEL
1459,MOILLARD CHABLIS COQUILLAGE 750ML,Pcs,Wine,/files/media/product/moillardchabliscoquillage750ml.jpeg,Moillard
1720,RUPERT & ROTHSCHILD CLASSIQUE 750ML,Pcs,Wine,/files/media/product/rupert-roth.webp,Rupert & Rothschild
547,CREMA NOBILE AL CIOCCOLATA 750ML,Pcs,Wine,/files/media/product/cremanobilealcioccolata750ml.jpeg,Crema nobile
1694,ROSSO NOBILE CHOCOLATA 750ML,Pcs,Wine,/files/media/product/rosso_nobile_chocolata.webp,Rosso Nobile
939,HARVEYS BRISTOL CREAM 1LTR,Pcs,Wine,/files/media/product/Harveys-Bristol-Cream-750ml-600x600-1.jpg,Harveys
1243,KWV CLASSIC CHENIN BLANC 750ML,Pcs,Wine,/files/media/product/kwvclassiccheninblanc750ml.jpeg,KWV
1577,PAINTED WOLF CHENIN BLANC 750ML,Pcs,Wine,/files/media/product/cheninblanc.jpeg,Painted wolf
2077,WELMOED CHENIN BLANC 750ML,Pcs,Wine,/files/media/product/welmoedcheninblanc750ml.webp,Welmoed
6,18 CHARDONNAY 750ML,Pcs,Wine,/files/media/product/18_chardonnay.jpg,18
195,BELLINGHAM HOMESTEAD CHARDONNAY 750ML,Pcs,Wine,/files/media/product/bellinghamhomesteadchardonnay750ml.webp,Bellingham homestead
293,BRUCE JACK RESERVE CHARDONNAY 750ML,Pcs,Wine,/files/media/product/brucejackreservechardonnay750ml.ashx,Bruce jack
288,BRUCE JACK CHARDONNAY 2020 750ML,Pcs,Wine,/files/media/product/brucejackchardonnay.webp,Bruce jack
326,BUTTERFLY RIDGE CHARDONNAY 750ml,Pcs,Wine,/files/media/product/ANG003_6e590dc5-7af1-4aa4-9534-081ebdd7cbe4_439x509.jpg,Butterfly ridge
351,CALVET VARIETALS CHARDONNAY 750ML,Pcs,Wine,/files/media/product/calvetvarietalschardonnay750ml.webp,Calvet
335,CALVET BOURGOGNE CHARDONNAY 750ML,Pcs,Wine,/files/media/product/calvetbourgogne.webp,Calvet
655,DURBANVILLE HILLS RESERVE CHARDONNAY 750ML,Pcs,Wine,/files/media/product/durbanvillehillsreservechardonnay750ml.webp,Durbanville hills
788,FRONTERA CHARDONNAY 750ML,Pcs,Wine,/files/media/product/fronterachardonnay750ml.jpeg,Frontera
787,FRONTERA CHARDONNAY 1.5LTR,Pcs,Wine,/files/media/product/fronterachardonay.jpeg,Frontera
811,GATONEGRO CHARDONNAY 750ML,Pcs,Wine,/files/media/product/Gato-Negro-Chardonnay-750ml.png,GATO NEGRO
810,GATONEGRO CHARDONNAY 1.5LTR,Pcs,Wine,/files/media/product/Gato-Negro-Chardonnay-1.5Ltrs.png,GATO NEGRO
1242,KWV CLASSIC CHARDONNAY 750ML,Pcs,Wine,/files/media/product/kwvclassicchardonnay750ml.jpeg,Kwv
1293,LODEZ CHARDONNAY 750ML,Pcs,Wine,/files/media/product/lodezchardonnay750ml.jpeg,Lodez
1512,NEDERBURG - CHARDONNAY 750ML,Pcs,Wine,/files/media/product/nederburgchardonnay750ml.webp,Nederburg
1568,OREANDA CHARDONNAY 750ML,Pcs,Wine,/files/media/product/oreandachardonnay750ml.jpeg,Oreanda
2076,WELMOED CHARDONNAY 750ML,Pcs,Wine,/files/media/product/welmoedchardonnay750ml.jpeg,Welmoed
1441,MOET & CHANDON - GRAND VINTAGE 750ML,Pcs,Wine,/files/media/product/moet&chandongrandvintage750ml.webp,Moet & Chandon
1452,MOET & CHARNDON - ROSE 750ML,Pcs,Wine,/files/media/product/moetchandonrose.jpg,Moet & Chandon
1448,MOET & CHANDON ROSE 1.5LTR,Pcs,Wine,/files/media/product/moetchandonrose.jpg,Moet & Chandon
1915,TAITTINGER PRESTIGE ROS鑴 750ML,Pcs,Wine,/files/media/product/taittinger-prestige-rose_1.jpg,Taittinger
2057,VEUVE CLICQUOT- ROSE 750ML,Pcs,Wine,/files/media/product/VEUVE-CLICQUOT-ROSE.webp,Veuve Clicquot
1324,LUC BELAIRE ROSE FANTOM 1.5LTR,Pcs,Wine,/files/media/product/LUC BELAIRE ROSE FANTOM 1.5LTR.jpeg,LUC BELAIRE
1451,MOET & CHARNDON - NECTOR 750ML,Pcs,Wine,,Moet & Chandon
2304,LUC BELAIRE LUXE RARE FANTOM 750ML,Pcs,Wine,/files/media/product/LUC BELAIRE LUXE RARE FANTOM 750ML.jpg,LUC BELAIRE
2193,GRAHAM BECK NECTAR ROSE 750ML,Pcs,Wine,/files/media/product/GRAHAM BECK BRUT ROSE 750ML.jpg,Graham beck
2179,LUC BELAIRE BRUT GOLD FANTOME 750ML,Pcs,Wine,/files/media/product/luc-belaire-gold-brut-fantome-75-cl.jpg,Luc belaire
2180,LUC BELAIRE BRUT GOLD 750ML,Pcs,Wine,/files/media/product/LUC BELAIRE BRUT GOLD 1.5LTR.webp,LUC BELAIRE
2056,VEUVE CLICQUOT - BRUT 750ML,Pcs,Wine,/files/media/product/veuveclickquot.jpg,Veuve Clicquot
1911,TAITTINGER BRUT RESERVE 750ML,Pcs,Wine,/files/media/product/taittinger.jpg,Taittinger
818,GH MUMM 750ML,Pcs,Wine,/files/media/product/GH MUMM 750ML.jpg,Gh mumm
2303,LANSON CHAMPAIGN 750ML,Pcs,Wine,/files/media/product/LANSON CHAMPAIGN 750ML.webp,LANSON
1322,LUC BELAIRE RARE LUXE 750ML,Pcs,Wine,/files/media/product/luc_belaire_luxe_600x.webp,Luc belaire
1445,MOET & CHANDON ICE IMPERIAL ROSE 750ML,Pcs,Wine,/files/media/product/MOET & CHANDON ICE IMPERIAL ROSE 750ML.jpeg,Moet & Chandon
1629,PIPER HEIDSIECK BRUT CHAMPAGNE 750ML,Pcs,Wine,/files/media/product/piperheidsieckbrutchampagnebottles750ml.jpeg,Piper
2349,18 CAB SAUV 750ML,Pcs,Wine,/files/media/product/18 Cabernet Sauvignon 750ML.avif,18
2,1659 CLASSIC RED 750ML,Pcs,Wine,/files/media/product/1659.png,1659 Spier
119,ASCONI KISS ME NOW CARBERNET 750ML,Pcs,Wine,/files/media/product/Kiss-Me-Now-front.jpg,Asconi
254,BOLAND CELLAR CAB SAUV 750ML,Pcs,Wine,/files/media/product/bolandcellarcarbanetsauvignon750ml.webp,Boland cellar
287,BRUCE JACK CABERNET SAUV 2020 750ML,Pcs,Wine,/files/media/product/Greenspoon-Kenya-2020-Cabernet-Sauvignon-Bruce-Jack.webp,Bruce jack
652,DURBANVILLE HILLS CAB SAUV 750ML,Pcs,Wine,/files/media/product/durbanvillehillscabsauv750ml.jpeg,Durbanville hills
786,FRONTERA CAB SAUV 750ML,Pcs,Wine,/files/media/product/fronteracabsauv.png,Frontera
785,FRONTERA CAB SAUV 1.5LTR,Pcs,Wine,/files/media/product/fronteracabsauv.jpg,Frontera
809,GATONEGRO CAB SAUV 750ML,Pcs,Wine,/files/media/product/gatonegrocarbsauv.jpeg,GATO NEGRO
1241,KWV CLASSIC CAB SAUV 750ML,Pcs,Wine,/files/media/product/kwvclassiccabernetsauvignon750ml.webp,KWV
1284,LELESHWA SAUV BLANC 750ml,Pcs,Wine,/files/media/product/Leleshwa Sauvignon BLanc 750ML.jpeg,Leleshwa
1497,NAMAQUA CAB SAUV 750ML,Pcs,Wine,/files/media/product/namaquacabarenetsauvignon750ml.jpeg,Namaqua
1504,NATURALYS CAB SAUV 750ML,Pcs,Wine,/files/media/product/NATURALYS CAB SAUV 750ML.webp,NATURALYS
1511,NEDERBURG - CAB SAUV 750ML,Pcs,Wine,/files/media/product/nederburgcarbsauv75cl.jpg,Nederburg
1510,NEDERBURG - CAB SAUV 250ML,Pcs,Wine,/files/media/product/nederburgcabsauv250ml.jpg,Nederburg
1508,NEDERBERG (5600) CAB SAUV 750ML,Pcs,Wine,/files/media/product/nederbergcarb(5600)750ml.ashx,Nederburg
1884,STELLENBOSCH VINEYARDS CAB SAUV 750ML,Pcs,Wine,/files/media/product/stellenboschvineyardscabernetsauvignon750ml.jpeg,Stellenbosch vineyards
2013,TRUMPETER CAB SAUV 750ML,Pcs,Wine,/files/media/product/Trumpeter-Cab-Sauv-750ml-600x600-1.jpg,Trumpeter
2075,WELMOED CAB SAUV 750ML,Pcs,Wine,/files/media/product/welmoedcabernetsauvignon750ml.jpeg,Welmoed
2012,TRUMPETER CAB FRANC 2012 750ML,Pcs,Wine,/files/media/product/trumpetercabernetfranc2021750ml.jpg,Trumpeter
797,FRONTERA SPARKLING BRUT 750ML,Pcs,Wine,/files/media/product/frontera.jpeg,Frontera
1905,SWARTLAND WINERY BRUT 750ML,Pcs,Wine,/files/media/product/swartland winery.jpg,Swartland
2227,KWV CUVEE BRUT 750ML,Pcs,Wine,/files/media/product/KWV CUVEE BRUT 750ML.webp,Kwv
2245,RUINART BRUT 750ML,Pcs,Wine,/files/media/product/RUINART BRUT 750ML.jpg,Ruinart
612,DOM PERIGNON BRUT 750ML,Pcs,Wine,/files/media/product/domperignonbrut750ml.jpeg,Dom Perignon
2063,VILAVERARONI PROSECCO BRUT 750ml,Pcs,Wine,/files/media/product/VILAVERARONI Prosecco Brut 750ML.jpg,Vilaveraroni
1236,KWV 3YRS BRANDY 750 ML,Pcs,Wine,/files/media/product/kwv3yrsbrandy750ml.jpeg,Kwv
349,CALVET SANCERRE BLANC 750ML,Pcs,Wine,/files/media/product/calvetsancerreblanc750ml.webp,Calvet
1496,NAMAQUA BLANC DE BLANC 5LTR,Pcs,Wine,/files/media/product/Namaqua_blanc.webp,Namaqua
781,FRONTERA AFTER MIDNIGHT 750ML,Pcs,Wine,/files/media/product/FRONTERA-AFTER-MIDNIGHT-750ML.jpg,Frontera
2204,JP CHENET ICE EDITION 750ML,Pcs,Wine,/files/media/product/JP CHENET ICE EDITION 750ML.jpg,JP CHENET
1515,NEDERBURG - LYRIC 750ML,Pcs,Wine,/files/media/product/NEDERBURG - LYRIC 750ML.jpg,NEDERBURG
1632,POMMERY ROYAL BRUT 750ML,Pcs,Wine,/files/media/product/POMMERY ROYAL BRUT 750ML.jpeg,POMMERY
2330,JACK DANIELS RYE 1LTR,Pcs,Whisky,/files/media/product/JACK DANIELS RYE 1LTR.webp,Jack daniel's
1020,JACK DANIEL HONEY WHISKY 1LTR,Pcs,Whisky,/files/media/product/jd honey.jpg,Jack daniel's
1029,JACK DANIELS FIRE 1LTR,Pcs,Whisky,/files/media/product/jdfire.jpg,Jack daniel's
1019,JACK DANIEL FIRE WHISKY 750ML,Pcs,Whisky,/files/media/product/jdfire.webp,Jack daniel's
1023,JACK DANIELS 700ML,Pcs,Whisky,/files/media/product/jackdaniels1ltr.jpg,Jack daniel's
1025,JACK DANIELS APPLE 1LTR,Pcs,Whisky,/files/media/product/jackdaniesapple.jpg,Jack daniel's
1039,JACK DANIELS WHISKY 3LTR,Pcs,Whisky,/files/media/product/jackdaniels3ltr.jpeg,Jack daniel's
1032,JACK DANIELS LEGACY EDITION 1 1LTR,Pcs,Whisky,/files/media/product/JACK DANIELS LEGACY EDITION 1 1LTR.jpeg,Jack daniel's
1031,JACK DANIELS HONEY WHISKY 700ML,Pcs,Whisky,/files/media/product/jdhoney.webp,Jack daniel's
1026,JACK DANIELS APPLE 700ML,Pcs,Whisky,/files/media/product/JACK DANIELS APPLE 700ML.jpg,Jack daniel's
1024,JACK DANIELS 375 ML,Pcs,Whisky,/files/media/product/jd375.webp,Jack daniel's
1022,JACK DANIEL'S MASTER DISTILLER SERIES WHISKY 1LTR,Pcs,Whisky,/files/media/product/jackdanielsmasterdistiller1ltr.jpeg,Jack daniel's
1021,JACK DANIEL'S 1LTR,Pcs,Whisky,/files/media/product/jackdaniels1ltr.jpg,Jack daniel's
817,GENTLEMAN JACK 750ML,Pcs,Whisky,/files/media/product/gentleman_jack_01.webp,Jack daniel's
1034,JACK DANIELS SINATRA 1LTR,Pcs,Whisky,/files/media/product/jdsinatra.webp,Jack daniel's
1037,JACK DANIELS SOUR MASH NO 7 LEGACY EDITION 2 WHISKY 750ML,Pcs,Whisky,/files/media/product/jackdanielssourmash.webp,Jack daniel's
1036,JACK DANIELS SOUR MASH NO 7 700ML WHISKY,Pcs,Whisky,"/files/media/product/jackdanielssourmashno7,-legacyedition7700ml.webp",Jack daniel's
988,HIGHLAND PARK SINGLE MALT 700ML,Pcs,Whisky,/files/media/product/HIGHLAND PARK SINGLE MALT 700ML.jpeg,HIGHLAND PARK
1922,TALISKER SINGLE MALT 700ML,Pcs,Whisky,/files/media/product/TALISKER SINGLE MALT 700ML.jpeg,TALISKER
2172,ABERLOUR SPEYSIDE SINGLE MALT 12YRS 700ML,Pcs,Whisky,/files/media/product/ABERLOUR SPEYSIDE 12YRS 700ML.jpeg,Aberlour
309,BUSHMILL BLACK RUSH 750ML,Pcs,Whisky,/files/media/product/Bushmills-80-20-bottle-and-container.jpg,Bushmills
383,CARDHU 12YRS 750ML,Pcs,Whisky,/files/media/product/cardhu12yo75cl.jpg,Cardhu
1251,LAGAVULIN ISLAY SINGLE MALT 16YRS 750ML,Pcs,Whisky,/files/media/product/lagavulin.webp,Lagavulin
1035,JACK DANIELS SINGLE BARREL 750ML,Pcs,Whisky,/files/media/product/jackd.singlebarrel750ml.webp,Jack daniel's
853,GLENFIDDICH RESERVE CASK 1LTR,Pcs,Whisky,/files/media/product/Glenfiddichreservecask.jpg,Glenfiddich
1068,JAMESON STOUT 750ML,Pcs,Whisky,/files/media/product/JAMESON STOUT 750ML.jpeg,JAMESON
1705,ROYAL CHALLENGE WHISKY RED 750ML,Pcs,Whisky,/files/media/product/ROYAL CHALLENGE WHISKY RED 750ML.webp,ROYAL CHALLANGE
2252,THE FAMOUS GROUSE SMOKY BLACK 1LTR,Pcs,Whisky,/files/media/product/FAMOUS SMOKY BLACK 1LTR.jpg,Famous grouse
1007,IMPERIAL BLUE WHISKY 750ML,Pcs,Whisky,/files/media/product/imperialblue40750ml.webp,Imperial blue
2171,ABERLOUR SPEYSIDE SINGLE MALT 12YRS 1LTR,Pcs,Whisky,/files/media/product/ABERLOUR SPEYSIDE 12YRS WHISKY 1LTR.jpeg,ABERLOUR
1099,JOHNNIE WALKER A SONG OF ICE 1LTR,Pcs,Whisky,/files/media/product/johnniewalkerice.webp,Johnnie walker
454,CHIVAS REGAL 12YRS CRADLE WHISKY 4.5LTR,Pcs,Whisky,/files/media/product/chivasregal12yo40lcradle4.5ltr.jpeg,Chivas regal
906,GRANT'S 375ML,Pcs,Whisky,/files/media/product/grant's375ml.jpeg,Grants
989,HIGHLAND QUEEN WHISKY 1LTR,Pcs,Whisky,/files/media/product/highlandqueen1l.png,Highland Queen
1122,JOHNNIE WALKER WHITE WALKER 1LTR,Pcs,Whisky,/files/media/product/jwwhitewalke.webp,Johnnie walker
1114,JOHNNIE WALKER GOLD RESERVE WHISKY 750ML,Pcs,Whisky,/files/media/product/johnnie-walker-gold-label-reserve.webp,Johnnie walker
2111,WHYTE & MACKAY WHISKY 350ML,Pcs,Whisky,/files/media/product/WHYTE & MACKAY WHISKY 350ML.jpeg,WHYTE & MACKAY
2202,JOHNNIE WALKER BLUE LABEL 750ML,Pcs,Whisky,/files/media/product/bluelabel.webp,Johnnie walker
1111,JOHNNIE WALKER DOUBLE BLACK 750ML,Pcs,Whisky,/files/media/product/double-black (1).webp,Johnnie walker
1110,JOHNNIE WALKER DOUBLE BLACK 1 LTR,Pcs,Whisky,/files/media/product/double-black.webp,Johnnie walker
1113,JOHNNIE WALKER GOLD RESERVE 1LTR,Pcs,Whisky,/files/media/product/johnwalkergoldreserve1ltr.webp,Johnnie walker
1118,JOHNNIE WALKER RED LABEL 750ML,Pcs,Whisky,/files/media/product/redlabel.jpg,Johnnie walker
131,AUCHENTOSHAN WHISKY 750ML,Pcs,Whisky,/files/media/product/auchentoshanwhisky750ml.jpeg,Auchentoshan
166,BALLANTINES FINEST WHISKY 12YRS 750ml,Pcs,Whisky,/files/media/product/BALLANTINES FINEST WHISKY 12YRS 750ml.jpeg,Ballantine's
232,BLACK & WHITE WHISKY 750ML,Pcs,Whisky,/files/media/product/black-and-white-750ml.webp,Black and White
231,BLACK & WHITE WHISKY 375ML,Pcs,Whisky,/files/media/product/blackwhite375ml.jpeg,Black and White
229,BLACK & WHITE WHISKY 1LTR,Pcs,Whisky,/files/media/product/blackwhite1ltr.webp,Black and White
269,BOND 7 750 ML,Pcs,Whisky,/files/media/product/bond-7-whisky_grande.webp,Bond 7
268,BOND 7 350 ML,Pcs,Whisky,/files/media/product/Bond-7-350Ml-1.jpg.webp,Bond 7
267,BOND 7 250 ML,Pcs,Whisky,/files/media/product/bond7.avif,Bond 7
273,BOWMORE 10YRS 1LTR,Pcs,Whisky,/files/media/product/BOWMORE 10YRS 1LTR.jpeg,BOWMORE
310,BUSHMILL ORIGINAL 750ML,Pcs,Whisky,/files/media/product/bushmils.jpg,Bushmills
385,CARDHU 15YRS WHISKY 700ML,Pcs,Whisky,/files/media/product/cardhu15yo700ml.webp,Cardhu
467,CHIVAS REGAL 25YRS WHISKY 700ML,Pcs,Whisky,/files/media/product/chivas-regal-25-year-old.jpg,Chivas regal
464,CHIVAS REGAL 18YS WHISKY 1LTR,Pcs,Whisky,/files/media/product/chivas-Regal18years.jpg,Chivas Regal
463,CHIVAS REGAL 18YRS WHISKY 750ML,Pcs,Whisky,/files/media/product/chivasregal18years.jpeg,Chivas regal
461,CHIVAS REGAL 13YRS WHISKY 1LTR,Pcs,Whisky,/files/media/product/chivasregal13years1ltr.jpeg,Chivas Regal
460,CHIVAS REGAL 12YRS WHISKY GIFT PACK 4.5LTR,Pcs,Whisky,/files/media/product/Chivas Regal 12 YO 40% 4.5L GIFT PACK.jpeg,Chivas regal
458,CHIVAS REGAL 12YRS WHISKY 750ML,Pcs,Whisky,/files/media/product/chivasregal12yo40750ml.webp,Chivas regal
455,CHIVAS REGAL 12YRS WHISKY 1LTR,Pcs,Whisky,/files/media/product/images (3).jpeg,Chivas regal
491,CLAN MACGREGOR WHISKY 750ML,Pcs,Whisky,/files/media/product/CLAN MACGREGOR 1LTR.jpeg,Clan Macgregor
497,CLAYMORE BLENDED SCOTCH WHISKY 1LTR,Pcs,Whisky,/files/media/product/CLAYMORE BLENDED SCOTCH WHISKY 1ltr.jpeg,CLAYMORE
560,CUTTY SARK WHISKY 1LTR,Pcs,Whisky,/files/media/product/cutty sark.jpg,Cutty
559,CUTTY SARK 750ML,Pcs,Whisky,/files/media/product/cutty sark.jpeg,Cutty
609,DIMPLE 15YRS WHISKY 750ML,Pcs,Whisky,/files/media/product/dimple15yo750ml.jpeg,Dimple
608,DIMPLE 15YRS WHISKY 1LTR,Pcs,Whisky,/files/media/product/dimple15yo1ltr.jpeg,Dimple
636,DRAMBUIE 1LTR,Pcs,Whisky,/files/media/product/drambuie.webp,Drambuie
1963,THE FAMOUS GROUSE 750ML,Pcs,Whisky,/files/media/product/thefamousgrouse750ml.jpg,Famous grouse
1962,THE FAMOUS GROUSE 350ML,Pcs,Whisky,/files/media/product/thefamousgrouse350ml.jpeg,Famous grouse
1961,THE FAMOUS GROUSE 1LT,Pcs,Whisky,/files/media/product/famous-grouse-blended-scotch-whisky-1l.jpg,Famous grouse
2328,NAKED GROUSE CAB SAUV 750ML,Pcs,Whisky,/files/media/product/NAKED GROUSE 750ML.jpg,Famous grouse
1964,THE GLEN SILVER'S SINGLE MALT SCOTCH WHISKY 700ML,Pcs,Whisky,/files/media/product/glen-silvers-single-malt.webp,Glen Silvers
2274,GLEN SILVER'S 8YRS 700ML,Pcs,Whisky,/files/media/product/GLEN SILVER'S 8YRS 700ML.jpeg,Glen silvers
861,GLENFIDICH 15YRS WHISKY 1LTR,Pcs,Whisky,/files/media/product/Glenfiddich-15yrs-1ltr.jpeg,GLENFIDDICH
860,GLENFIDICH 12YRS WHISKY 700ML,Pcs,Whisky,/files/media/product/glenfidich12yo700ml.jpeg,GLENFIDDICH
859,GLENFIDICH 12YRS WHISKY 350ML,Pcs,Whisky,/files/media/product/glenfidich12yrs350ml.jpeg,GLENFIDDICH
857,GLENFIDICH 12YRS WHISKY 1LTR,Pcs,Whisky,/files/media/product/glenfidich12yo1ltr.jpeg,GLENFIDDICH
2275,GLENFIDICH 12YRS 50ML,Pcs,Whisky,/files/media/product/GLENFIDICH 12YRS 50ML.jpg,GLENFIDDICH
854,GLENFIDDICH SELECT CASK WHISKY 1LTR,Pcs,Whisky,/files/media/product/GLENFIDDICH SELECT CASK WHISKY 1LTR.jpg,GLENFIDDICH
847,GLENFIDDICH GRAND CORONNE 26YRS 700ML,Pcs,Whisky,/files/media/product/GLENFIDDICH GRAND CORONNE 26YRS 700ML.jpeg,GLENFIDDICH
844,GLENFIDDICH 25YRS WHISKY 750ML,Pcs,Whisky,/files/media/product/Glenfiddich-25-Years-Old-Rare-Oak-Box-Must-Have-Malts-MHM.jpg,Glenfiddich
843,GLENFIDDICH 21YRS WHISKY 700ML,Pcs,Whisky,/files/media/product/glenfindich21years.jpg,Glenfiddich
841,GLENFIDDICH 18YRS 750ML GIFT PACK,Pcs,Whisky,/files/media/product/glenfiddich-18-years (1).webp,GLENFIDDICH
840,GLENFIDDICH 18YRS 1LTR,Pcs,Whisky,/files/media/product/GLENFIDDICH 18YRS 1LTR.jpeg,GLENFIDDICH
839,GLENFIDDICH 18YEARS 700ML,Pcs,Whisky,/files/media/product/glenfiddich-18-years.webp,GLENFIDDICH
838,GLENFIDDICH 15YRS VAT 03 700ML,Pcs,Whisky,/files/media/product/GLENFIDDICH 15YRS VAT 03 700ML.jpeg,GLENFIDDICH
836,GLENFIDDICH 12YRS 750ML GIFT PACK,Pcs,Whisky,/files/media/product/glenfidich12years.jpg,GLENFIDDICH
2191,GLENMORANGIE 12YRS 700ML,Pcs,Whisky,/files/media/product/glenkinchie-12-yo.jpg,Glenkinchie
1976,THE GLENLIVET FOUNDERS RESERVE WHISKY 700ML,Pcs,Whisky,/files/media/product/glenlivetfoundersreserve___00486.webp,Glenlivet
1975,THE GLENLIVET FOUNDERS RESERVE 1LTR,Pcs,Whisky,/files/media/product/glenlivetfoundersreserve.webp,Glenlivet
1972,THE GLENLIVET 18 YO 43% 700ML,Pcs,Whisky,/files/media/product/theglenlivet18yo43700ml.webp,Glenlivet
1971,THE GLENLIVET 18 YO 43% 1LT,Pcs,Whisky,/files/media/product/theglenlivet18yo431ltr.webp,Glenlivet
1970,THE GLENLIVET 15 YO 40% 700ML,Pcs,Whisky,/files/media/product/glenlivet15years.jpg,Glenlivet
1969,THE GLENLIVET 15 YO 40% 1LT,Pcs,Whisky,/files/media/product/theglenlivet15yo401ltr.webp,Glenlivet
1968,THE GLENLIVET 12 YO 405 1LT,Pcs,Whisky,/files/media/product/glenlivet-12-.webp,Glenlivet
876,GLENMORANGIE X 700ML,Pcs,Whisky,/files/media/product/GLENMORANGIE X 700ML.jpeg,GLENMORANGIE
875,GLENMORANGIE QUINTA RUBAN 700ML,Pcs,Whisky,/files/media/product/glenmorangiequintaruban700ml.jpeg,Glenmorangie
872,GLENMORANGIE ORIGINAL 10YRS 1LTR,Pcs,Whisky,/files/media/product/GLENMORANGIE ORIGINAL 10YRS 1LTR.webp,GLENMORANGIE
871,GLENMORANGIE NECTAR D'OR 700ML,Pcs,Whisky,/files/media/product/glenmorangienectard'or700ml.jpeg,GLENMORANGIE
870,GLENMORANGIE 19YRS WHISKY 700ML,Pcs,Whisky,/files/media/product/3464595743623165264107646384919316626958.png,Glenmorangie
868,GLENMORANGIE 12YRS 1LTR,Pcs,Whisky,/files/media/product/GLENMORANGIE 12YRS 1LTR.webp,GLENMORANGIE
2190,GLENMORANGIE 10YRS 1LTR,Pcs,Whisky,/files/media/product/GLENMORANGIE ORIGINAL 10YRS 1LTR.webp,Glenmorangie
913,GRANTS WITH GLASS 750ML,Pcs,Whisky,/files/media/product/grants.jpg,Grants
910,GRANTS 12YRS WHISKY 750ML,Pcs,Whisky,/files/media/product/grants-12-years-triple-wood.webp,Grants
937,HARRINGTON WHISKY 750ML,Pcs,Whisky,/files/media/product/Harrington-Scotch-Whisky-819x1024.jpg,Harrington
938,HARRINGTON SCOTCH WHISKY 750ML,Pcs,Whisky,/files/media/product/Harrington-Scotch-Whisky-819x1024.jpg,Harriton
1004,HUNTING LODGE WHISKY 750ML,Pcs,Whisky,/files/media/product/huntinglodgewhisky750ml.jpg,HUNTING LODGE
1018,J&B RARE WHISKY 750ML,Pcs,Whisky,/files/media/product/jb.jpeg,J $ B
1015,J&B RARE WHISKY 1LTR,Pcs,Whisky,/files/media/product/jb.jpeg,J $ B
1067,JAMESON IRISH WHISKY 750ML,Pcs,Whisky,/files/media/product/jameson40%.jpg,Jameson
1066,JAMESON IRISH WHISKY 350ML,Pcs,Whisky,/files/media/product/jameson .jpeg,Jameson
1065,JAMESON IRISH WHISKY 1LTR,Pcs,Whisky,/files/media/product/jameson.jpg,Jameson
1064,JAMESON IPA 750ML,Pcs,Whisky,/files/media/product/JAMESON IPA 750ML.jpeg,JAMESON
1082,JIM BEAM DOUBLE OAK 700ml,Pcs,Whisky,/files/media/product/jim beam double oak 750ml.jpeg,Jim beam
2201,JIM BEAM APPLE 750ML,Pcs,Whisky,/files/media/product/JIM BEAM APPLE 750ML.webp,JIM BEAM
1093,JOHN BARR RESERVE WHISKY BLACK 750ML,Pcs,Whisky,/files/media/product/images (4).jpeg,John Barr
1092,JOHN BARR RED WHISKY 1LTR,Pcs,Whisky,/files/media/product/John-Barr-Finest-Blend-Red-750ml.jpg,John Barr
1091,JOHN BARR FINEST WHISKY RED 750ML,Pcs,Whisky,/files/media/product/johnbarrred.jpg,John Barr
2425,JOHN BARR BLACK WHISKY 1LTR,Pcs,Whisky,/files/media/product/244970-big.jpg,John Barr
1124,JOHNNIE WALKER XR 21YRS WHISKY 700ML,Pcs,Whisky,/files/media/product/JohnnieWalkerXR_600x.png,Johnnie walker
1119,JOHNNIE WALKER RED LABEL WHISKY 250ML,Pcs,Whisky,/files/media/product/RED LABEL 250ML.jpg,Johnnie walker
2296,JOHNNIE WALKER RED LABEL 500ML,Pcs,Whisky,/files/media/product/JOHNNIE WALKER RED LABEL 500ML.jpg,JOHNNIE WALKER
1117,JOHNNIE WALKER RED LABEL 1LTR,Pcs,Whisky,/files/media/product/images (2).jpeg,Johnnie walker
2203,JOHNNIE WALKER KING GEORGE V 750ML,Pcs,Whisky,/files/media/product/JOHNNIE WALKER KING GEORGE V 750ML.webp,JOHNNIE WALKER
1116,JOHNNIE WALKER ISLAND GREEN WHISKY 1LTR,Pcs,Whisky,/files/media/product/johnniewalkerislandgreen1ltr.jpeg,Johnnie walker
1109,JOHNNIE WALKER BLUE LABEL 1LTR,Pcs,Whisky,/files/media/product/JOHNNIE WALKER BLUE LABEL 1LTR.jpg,JOHNNIE WALKER
1108,JOHNNIE WALKER BLONDE 750ml,Pcs,Whisky,/files/media/product/JOHNNIE WALKER BLONDE 750ML.webp,Johnnie walker
2426,JOHNNIE WALKER BLACK LABEL WHISKY 375ML,Pcs,Whisky,/files/media/product/black label375.jpg,Johnnie walker
1105,JOHNNIE WALKER BLACK LABEL WHISKY 250ML,Pcs,Whisky,/files/media/product/images (1).jpeg,Johnnie walker
1101,JOHNNIE WALKER BLACK LABEL 1LTR,Pcs,Whisky,/files/media/product/jw-black-label-1.webp,Johnnie walker
1098,JOHNNIE WALKER A SONG OF FIRE 1LTR,Pcs,Whisky,/files/media/product/johnniewalkerasongoffire1ltr.jpg,Johnnie walker
1097,JOHNNIE WALKER 18YRS WHISKY 750ML,Pcs,Whisky,/files/media/product/johnniewalker18yrs750ml.jpg,Johnnie walker
1096,JOHNNIE WALKER 18YRS WHISKY 1LTR,Pcs,Whisky,/files/media/product/johnnie-walker-18-years-1254733-s199.png,Johnnie walker
1094,JOHNNIE WALKER PLATINUM WHISKY 1LTR,Pcs,Whisky,/files/media/product/jwplatnum1ltr.jpeg,JOHNNIE WALKER
1211,KING ROBERT WHISKY 750ML,Pcs,Whisky,/files/media/product/kingrobertwhisky750ml.jpg,King Robert
1210,KING ROBERT WHISKY 1LTR,Pcs,Whisky,/files/media/product/kingrobertwhisky1ltr.jpeg,King Robert
1208,KING ROBERT RUM 750ML,Pcs,Whisky,/files/media/product/kingrobertrum750ml.webp,King Robert
1207,KING ROBERT II 750ML,Pcs,Whisky,/files/media/product/kingrobertii750ml.jpeg,King Robert
2230,LAGAVULIN ISLAY 12YRS 750ML,Pcs,Whisky,/files/media/product/LAGAVULIN ISLAY 12YRS 750ML.webp,LAGAVULIN
1259,LAPHROAIG FOUR OAK 750ML,Pcs,Whisky,/files/media/product/LAPHROAIG FOUR OAK 750ML.webp,Laphroaig
2232,LAPHROAIG AN CUAN MOR 700ML,Pcs,Whisky,/files/media/product/LAPHROAIG AN CUAN MOR 700ML.png,LAPHROAIG
2231,LAPHROAIG 700ML,Pcs,Whisky,/files/media/product/LAPHROAIG 700ML.jpg,LAPHROAIG
1265,LAUDERS SCOTH WHISKY 1LTR,Pcs,Whisky,/files/media/product/LAUDERS SCOTH WHISKY 1LTR.webp,LAUDERS
1982,THE MACALLAN NIGHT ON EARTH WHISKY 700ML,Pcs,Whisky,/files/media/product/themacallannightonearth700ml.jpeg,Macallan
1367,MAJOR GUNN'S 1LTR,Pcs,Whisky,/files/media/product/MAJOR GUNN'S 1LTR.jpeg,MAJOR GUNN'S
1368,MAKER'S MARK 750ML,Pcs,Whisky,/files/media/product/MAKER'S MARK 750ML.jpeg,Maker's Mark
1471,MONKEY SHOULDER 750ML,Pcs,Whisky,/files/media/product/monkeyshoulder750ml.webp,Monkey Shoulder
1470,MONKEY SHOULDER 1LT,Pcs,Whisky,/files/media/product/monkeyshoulder1l.jpeg,Monkey Shoulder
1588,PASSPORT SCOTCH WHISKY 1LTR,Pcs,Whisky,/files/media/product/passport scotch.jpeg,Passport
1587,PASSPORT SCOTCH 40% 750ML,Pcs,Whisky,/files/media/product/passportscotch.png,Passport
1616,PERNOD 1LTR,Pcs,Whisky,/files/media/product/PERNOD 1LTR.jpeg,PERNODE
2244,ROYAL CHALLENGE 375ML,Pcs,Whisky,/files/media/product/ROYAL CHALLENGE 375ML.webp,ROYAL CHALLANGE
1775,SCOTTISH LEADER ORIGINAL 700ML,Pcs,Whisky,/files/media/product/SCOTTISH LEADER ORIGINAL 1LTR.jpg,SCOTTISH LEADER
1774,SCOTTISH LEADER ORIGINAL 1LTR,Pcs,Whisky,/files/media/product/SCOTTISH LEADER ORIGINAL 1LTR.jpg,SCOTTISH LEADER
1800,SINGLETON 21YRS 700ML,Pcs,Whisky,/files/media/product/SINGLETON 21YRS 700ML.jpeg,SINGLETON
1799,SINGLETON 12YRS WHISKY 750ML,Pcs,Whisky,/files/media/product/singleton12years750ml.webp,Singleton
2282,SINGLETON 12YRS 1LTR,Pcs,Whisky,/files/media/product/SINGLETON 12YRS 1LTR.webp,SINGLETON
1808,SIR EDWARDS WHISKY 4.5LTR,Pcs,Whisky,/files/media/product/sir-edwards_45-litr-copy_1546900129.jpg,Sir edward's
1806,SIR EDWARDS WHISKY 1LTR,Pcs,Whisky,/files/media/product/johnnie-walker-red-label-600x800.jpg,Sir edward's
2162,SIR EDWARDS SMOKY 1L,Pcs,Whisky,/files/media/product/SIR EDWARDS SMOKY 1L.webp,Sir edward's
1805,SIR EDWARD'S SMOKY WHISKY 750ML,Pcs,Whisky,/files/media/product/sir-edwards-smokey-black.jpg,Sir edward's
1896,STRATHISLA 12YRS WHISKY 700ML,Pcs,Whisky,/files/media/product/strathisla12yo700ml.webp,Strathisla
1923,TALISKER SKYE 1ltr,Pcs,Whisky,/files/media/product/talisker skye 1ltr.jpg,Talisker
1919,TALISKER 10YRS WHISKY 700ML,Pcs,Whisky,/files/media/product/Talisker-10-Years-Old-700ML.jpg,Talisker
1918,TALISKER 10YRS WHISKY 1LTR,Pcs,Whisky,/files/media/product/Buy-Talisker-10yrs-750ml-online-in-Nairobi.jpg,Talisker
1917,TALISKER PORT RUIGHE WHISKY 700ML,Pcs,Whisky,/files/media/product/taliskerportruighe700ml.jpeg,Talisker
1916,TALISKER NEIST POINT 700ml,Pcs,Whisky,/files/media/product/TALISKER NEIST POINT 700ml.jpg,TALISKER
2035,TWO KEYS WHISKY 750ML,Pcs,Whisky,/files/media/product/two-keys-whisky-750ml.jpg,Two keys
2047,VAT 69 750ML,Pcs,Whisky,/files/media/product/vat69750ml.jpg,Vat
2046,VAT 69 375ML,Pcs,Whisky,/files/media/product/vat69375ml.jpeg,Vat
2044,VAT 69 1LT,Pcs,Whisky,/files/media/product/vat69.jpg,Vat
2112,WHYTE & MACKAY WHISKY 750ML,Pcs,Whisky,/files/media/product/whyte-mackay.webp,Whyte & Mackay
2335,WILLIAM LAWSON'S SPICED 750ML,Pcs,Whisky,/files/media/product/WILLIAM LAWSON'S SPICED 750ML.jpg,William lawson's
2122,WILLIAM LAWSON'S 750ML,Pcs,Whisky,/files/media/product/williamlawson.jpg,William lawson's
2121,WILLIAM LAWSON'S 1LT,Pcs,Whisky,/files/media/product/williamlawsons1l.jpg,William lawson's
162,BALLANTINE'S FINEST 21YRS WHISKY 700ML,Pcs,Whisky,/files/media/product/ballentinesfinest21years.webp,Ballantine's
1484,MRDOWELLS NO.1 RESERVE WHISKY 750ML,Pcs,Whisky,/files/media/product/mrdowellsno1reservewhisky75cl.jpeg,MR. DOWELLS
2130,WOODFORD RESERVE 700ML,Pcs,Whisky,/files/media/product/woodfordreserve70cl.webp,Woodford
2129,WOODFORD RESERVE 1LTR,Pcs,Whisky,/files/media/product/woodford-reserve-double-oaked.webp,Woodford
79,ALL SEASONS WHISKY 750ML,Pcs,Whisky,/files/media/product/allseasonswhisky750ml.jpeg,All Seasons
76,ALL SEASONS WHISKY 250ML,Pcs,Whisky,/files/media/product/allseasons250ml.jpg,All Seasons
75,ALL SEASONS WHISKY 1LTR,Pcs,Whisky,/files/media/product/all seasons reserve whisky 1ltr.jpeg,All Seasons
2259,AUCHENTOSHAN AMERICAN OAK 700ML,Pcs,Whisky,/files/media/product/AUCHENTOSHAN AMERICAN OAK 700ML.png,AUCHENTOSHAN
2258,AUCHENTOSHAN 12YRS 700ML,Pcs,Whisky,/files/media/product/AUCHENTOSHAN 12YRS 700ML.jpg,AUCHENTOSHAN
203,BELLS 750ML,Pcs,Whisky,/files/media/product/BELLS 750ML.jpeg,BELLS
213,BERKSHIRE 500ML,Pcs,Whisky,/files/media/product/BERKSHIRE 500ML.png,BERKSHIRE
223,BEST WHISKY 750ML,Pcs,Whisky,/files/media/product/Best-Whisky-750ml-600x600-1.jpg,Best
222,BEST WHISKY 250ML,Pcs,Whisky,/files/media/product/bestwhisky250ml.webp,Best
2263,BIG OAK RED 1LTR,Pcs,Whisky,/files/media/product/BIG OAK RED 1LTR.webp,BIG OAK
237,BLACK RAM WHISKY 700ML,Pcs,Whisky,/files/media/product/blackramwhisky700ml.jpeg,Black ram
2266,BUSHMILLS STEAMSHIP 1LTR,Pcs,Whisky,/files/media/product/BUSHMILLS STEAMSHIP 1LTR.webp,BUSHMILLS
492,CLAN MCGREGOR 1ltr,Pcs,Whisky,/files/media/product/CLAN MACGREGOR 1ltr.webp,CLAN MACGREGOR
607,DEWARS WHITE LABEL WHISKY 750ML,Pcs,Whisky,/files/media/product/DEWARS WHITE LABEL WHISKY 750ML.jpeg,Dewar's
606,DEWARS 750ML,Pcs,Whisky,/files/media/product/DEWARS 750ML.jpeg,Dewar's
605,DEWARS 1LTR,Pcs,Whisky,/files/media/product/DEWARS 1LTR.webp,Dewar's
2187,DEWARS 15YRS 1LTR,Pcs,Whisky,/files/media/product/DEWARS 15YRS 1LTR.webp,Dewar's
2269,DEWARS 12YRS 1LTR,Pcs,Whisky,/files/media/product/DEWARS 12YRS 1LTR.webp,Dewar's
2344,HIGH COMMISSIONER 1LTR,Pcs,Whisky,/files/media/product/HIGH COMMISSIONER 1LTR.webp,HIGH COMMISSIONER
994,HUNTERS 750 ML,Pcs,Whisky,/files/media/product/Hunters-Choice-Whisky-750ml.png,Hunters
993,HUNTERS 350 ML,Pcs,Whisky,/files/media/product/hunters350ml.jpg,Hunters
992,HUNTERS 250 ML,Pcs,Whisky,/files/media/product/hunters250ml.jpg_480Wx480H,Hunters
1003,HUNTING LODGE WHISKY 1LTR,Pcs,Whisky,/files/media/product/hunting-lodge-blend-1l.jpg,HUNTING LODGE
2199,HUNTING LODGE GREEN APPLE 1LTR,Pcs,Whisky,/files/media/product/HUNTING LODGE GREEN APPLE 1LTR.jpg,HUNTING LODGE
1161,JURA FRENCH OAK 700ML,Pcs,Whisky,/files/media/product/JURA FRENCH OAK 700ML.jpg,JURA
2306,LAMBAY WHISKY 1LTR,Pcs,Whisky,/files/media/product/LAMBAY WHISKY 1LTR.jpg,LAMBAY
1546,OFFICERS CHOICE 750ML,Pcs,Whisky,/files/media/product/OFFICERS CHOICE 750ML.webp,Officer's Choice
2311,OLD MONK 1LTR,Pcs,Whisky,/files/media/product/OLD MONK 1LTR.webp,OLD MONK
1703,ROYAL ARMS BLUE RESERVE BLACK 750ML,Pcs,Whisky,/files/media/product/ROYAL ARMS BLUE RESERVE BLACK 750ML.jpeg,ROYAL ARMS
1708,ROYAL CIRCLE 750ML,Pcs,Whisky,/files/media/product/ROYAL CIRCLE 750ML.jpeg,ROYAL CIRCLE
1707,ROYAL CIRCLE 350ML,Pcs,Whisky,/files/media/product/ROYAL CIRCLE 350ML.jpeg,ROYAL CIRCLE
2246,SHACKLETON 1LTR,Pcs,Whisky,/files/media/product/SHACKLETON 1LTR.webp,SHACKLETON
1853,SOMETHING SPECIAL 1LTR,Pcs,Whisky,/files/media/product/SOMETHING SPECIAL 1LTR.jpeg,SOMETHING SPECIAL
1948,TEACHERS WHISKY 750ML,Pcs,Whisky,/files/media/product/teachers750ml.jpeg,Teachers
1946,TEACHERS 1LT,Pcs,Whisky,/files/media/product/teachers1ltr.jpeg,Teachers
2290,TWO KEYS 375ML,Pcs,Whisky,/files/media/product/TWO KEYS 375ML.jpg,TWO KEYS
2110,WHYTE & MACKAY WHISKY 1LTR,Pcs,Whisky,/files/media/product/WHYTE & MACKAY WHISKY 1LTR.webp,WHYTE & MACKAY
570,DALMORE 18YRS SINGLE MALT 700ML,Pcs,Whisky,/files/media/product/dalmore18yearssinglemalt700ml.webp,Dalmore
846,GLENFIDDICH FIRE & CANE WHISKY 700ML,Pcs,Whisky,/files/media/product/glenfiddich-fire-and-cane.webp,GLENFIDDICH
236,BLACK RAM WHISKY 1LTR,Pcs,Whisky,/files/media/product/black_rum.webp,Black ram
275,BOWMORE 18YRS WHISKY 700ML,Pcs,Whisky,/files/media/product/bowmore18years.jpg,Bowmore
274,BOWMORE 12YRS WHISKY 700ML,Pcs,Whisky,/files/media/product/bowmore12yrs700ml.webp,Bowmore
542,CRAGGANMORE 12YRS WHISKY 750ML,Pcs,Whisky,/files/media/product/Cragganmore-12-Year-Old-750ml.jpg,Cragganmore
541,CRAGGANMORE 12YRS WHISKY 1LTR,Pcs,Whisky,/files/media/product/Cragganmore-12-Year-Old-750ml (1).jpg,Cragganmore
849,GLENFIDDICH IPA EXPERIMENT SERIES WHISKY 700ML,Pcs,Whisky,/files/media/product/glenfiddichipaexperiment700ml.jpeg,Glenfiddich
1159,JURA 12YRS OLD SINGLE MALT WHISKY 700ML,Pcs,Whisky,/files/media/product/jura12yroldsinglemalt700ml.webp,Jura
1983,THE MACALLAN THE HARMONY COLLECTION WHISKY 700ML,Pcs,Whisky,/files/media/product/themacallantheharmonycollection700ml.jfif,Macallan
1660,RESERVE 7 RARE WHISKY 750ML,Pcs,Whisky,/files/media/product/RESERVE 7 750ML.jpeg,Reserve
1779,SHACKLETON BLENDED MALT 700ML,Pcs,Whisky,/files/media/product/shackleton.jpeg,Shackleton
1801,SINGLETON DUFFTOWN 15YRS 750ML,Pcs,Whisky,/files/media/product/singleton15years75cl.webp,Singleton
1014,IWAI JAPANESE WHISKY 750ml,Pcs,Whisky,/files/media/product/IWAI JAPANESE WHISKY 750ml.jpeg,IWAI
984,HIBIKI SUNTORY WHISKY JAPANESE 700ML,Pcs,Whisky,/files/media/product/hibiki_whisky.png,Hibiki suntory
2024,TULLAMORE DEW 1LTR,Pcs,Whisky,/files/media/product/whisky-tullamore-dew-blended-irish.jpg,Tullamore dew
314,BUSHMILLS RED BUSH 700ML,Pcs,Whisky,/files/media/product/bushmillsredbush700ml.jpeg,Bushmills
313,BUSHMILLS 1LTR,Pcs,Whisky,/files/media/product/bushmills-100cl.jpg,Bushmills
1069,JAMESON WHISKY 4.5LTR,Pcs,Whisky,/files/media/product/jameson4.5l.jpg,Jameson
1576,PADDY IRISH WHISKY 375ML,Pcs,Whisky,/files/media/product/paddyirishwhisky375ml.jpg_480Wx480H,Paddy
2022,TULLAMORE 750ML,Pcs,Whisky,/files/media/product/undefined,Tullamore dew
1704,ROYAL CHALLENGE AMERICAN PRIDE 750ML,Pcs,Whisky,/files/media/product/royalchallengewhisky750ml.jpeg,ROYAL CHALLANGE
238,BLACK RAM WHISKY HONEY 700ML,Pcs,Whisky,/files/media/product/blackramwhiskyhoney700ml.jpg,Black ram
1716,ROYAL WHYTEHALL HONEY 1LTR,Pcs,Whisky,/files/media/product/royalwhytehallhoney1ltr.jpeg,WHYTEHALL
168,BALLANTINES FINEST WHISKY 750ml,Pcs,Whisky,/files/media/product/ballantines-finest-750ml.jpg,Ballantine's
167,BALLANTINES FINEST WHISKY 1LTR,Pcs,Whisky,/files/media/product/ballentinesfinest.jpg,Ballantine's
1028,JACK DANIELS FINE OLD NO 7 LEGACY EDITION 3 WHISKY 700ML,Pcs,Whisky,/files/media/product/jdfineold.jpg,Jack daniel's
33,ABERLOUR 16 YRS DOUBLE CASK WHISKY 700ML,Pcs,Whisky,/files/media/product/abelour.jpg,ABERLOUR
1921,TALISKER DARK STORM WHISKY 1LTR,Pcs,Whisky,/files/media/product/talisker-storm-whisky.webp,Talisker
217,BEST CREAM 750ML,Pcs,Whisky,/files/media/product/Best-Cream-750ml.jpg,Best
699,FIRE WATER 750ML,Pcs,Whisky,/files/media/product/FIRE WATER 750ML.webp,FIRE WATER
698,FIRE WATER 1LTR,Pcs,Whisky,/files/media/product/FIRE WATER 1LTR.jpeg,FIRE WATER
1260,LAPHROAIG PX CASK 1LTR,Pcs,Whisky,/files/media/product/laphroaigpxcask1ltr.webp,Laphroaig
301,BUFFALO TRACE WHISKY 1LTR,Pcs,Whisky,/files/media/product/buffallotrace.jpeg,Buffalo trace
300,BUFFALO TRACE BOURBON WHISKY 750ML,Pcs,Whisky,/files/media/product/buffallo trace.webp,Buffalo trace
305,BULLEIT BOURBON FRONTIER WHSKY 700ML,Pcs,Whisky,/files/media/product/bulleitbourbon.jpg,Bulleit
304,BULLEIT BOURBON FRONTIER WHISKY 1LTR,Pcs,Whisky,/files/media/product/bulleitbourbon.jpg,Bulleit
1081,JIM BEAM DEVILS CUT WHISKY 700ml,Pcs,Whisky,/files/media/product/Jim beam devals cut.jpeg,Jim beam
1080,JIM BEAM BOURBON WHISKY 750ML,Pcs,Whisky,/files/media/product/jimbeambourbonwhisky750ml.jpeg,Jim beam
1079,JIM BEAM BOURBON WHISKY 1LTR,Pcs,Whisky,/files/media/product/Jim-Beam-White-Label-Bourbon-1-Litre-Bayfields-Liquor-Superstore.webp,Jim beam
1369,MAKERS MARK BOURBON 1LTR,Pcs,Whisky,/files/media/product/MAKERS MARK BOURBON 1LITRE.png,Maker's Mark
1550,OLD FORESTER WHISKY 1ltr,Pcs,Whisky,/files/media/product/OLD FORESTER 1LTR.jpeg,Old Forester
2116,WILD TURKEY 750ML,Pcs,Whisky,/files/media/product/wildturkey.jpg,Wild turkey
31,8PM BLENDED WHISKY 750ML,Pcs,Whisky,/files/media/product/8pmblendedwhisky750ml.jpg,8Pm
30,8PM BLENDED WHISKY 1LTR,Pcs,Whisky,/files/media/product/8pmblendedwhisky1ltr.jpeg,8Pm
32,ABERFELDY 12YRS WHISKY 750ML,Pcs,Whisky,/files/media/product/aberfeldy.jpg,Aberfeldy
365,CANADIAN CLUB WHISKY 1LTR,Pcs,Whisky,/files/media/product/CANADIAN CLUB 1ltr .jpeg,Canadian Club
364,CANADIAN CLUB 750ML,Pcs,Whisky,/files/media/product/canadianclub750ml.jpg,Canadian Club
416,CATTOS BLENDED WHISKY 1ltr,Pcs,Whisky,/files/media/product/cattos 1ltr.jpeg,CATTOS
544,CRAZY COCK 375ML,Pcs,Whisky,/files/media/product/crazycock375ml.jpg_480Wx480H,Crazy cork
602,DEWAR'S 12YRS WHISKY 750ML,Pcs,Whisky,/files/media/product/dewar's12years750ml.png,Dewar's
933,HAMPTON DRAM WHISKY 750ML,Pcs,Whisky,/files/media/product/hampton_dram.webp,Hampton
1016,J&B RARE WHISKY 200ML,Pcs,Whisky,/files/media/product/jbrare200ml.webp,J $ B
1057,JAMESON BLACK BARREL 750ML,Pcs,Whisky,/files/media/product/jamesonblackbarrel.webp,Jameson
1851,SOLAN NO. ONE BLACK 750ML,Pcs,Whisky,/files/media/product/SOLAN NO. ONE BLACK 750ML.jpeg,SOLAN
1195,KHOR WHITE & GOLD VODKA 1LTR,Pcs,Vodka,/files/media/product/khorwhite&goldvodka1ltr.jpeg,Khor
58,ABSOLUTE VANILLA 1LTR,Pcs,Vodka,/files/media/product/absolut_vanilla.webp,Absolut
1891,STOLICHNAYA VANILLA 750ML,Pcs,Vodka,/files/media/product/stoli vanil-800x1000.jpeg,Stolichnaya
738,FLIRT VODKA STRAWBERRY 350ML,Pcs,Vodka,/files/media/product/Flirt-Vodka-Strawberry-350ml-600x600-1.jpg,Flirt
726,FLIRT STRAWBERRY VODKA 1LTR,Pcs,Vodka,/files/media/product/flirt-strawberry.jpg,Flirt
1185,KENYA CANE SMOOTH 750 ML,Pcs,Vodka,/files/media/product/kenya_cane_smooth_750ml.png,Kenya Cane
1184,KENYA CANE SMOOTH 350 ML,Pcs,Vodka,/files/media/product/kenyacanesmooth350ml.webp,Kenya Cane
2429,KENYA CANE SMOOTH 250 ML,Pcs,Vodka,/files/media/product/kenya-cane-smooth250ml.jpeg,Kenya Cane
722,FLIRT BLACK SILVER VODKA 1LTR,Pcs,Vodka,/files/media/product/flirt-vodka-unflavoured.webp,Flirt
53,ABSOLUT RUBY RED GRAPEFRUIT 1LTR,Pcs,Vodka,/files/media/product/Absolut_Ruby_Red_750ml.jpg,ABSOLUT
735,FLIRT VODKA RED 1LTR,Pcs,Vodka,/files/media/product/flirt-strawberry-600x600.png,Flirt
1834,SMIRNOFF - RED 750ML,Pcs,Vodka,/files/media/product/off red.jpg,Smirnoff
1833,SMIRNOFF - RED 350ML,Pcs,Vodka,/files/media/product/Smirnoff-Red-Vodka-350ml.webp,Smirnoff
1832,SMIRNOFF - RED 250ML,Pcs,Vodka,/files/media/product/offred250ml.png,Smirnoff
1890,STOLICHNAYA RASBERRY 750ML,Pcs,Vodka,/files/media/product/stolichnayarasberry750ml.jpeg,Stolichnaya
1831,SMIRNOFF - RED 1LT,Pcs,Vodka,/files/media/product/SMIRNOFF - RED 1LT.webp,SMIRNOFF
2310,NEON APPLE VODKA 750ML,Pcs,Vodka,/files/media/product/NEON APPLE VODKA 750ML.jpg,NEON
2309,NEON ORANGE VODKA 750ML,Pcs,Vodka,/files/media/product/NEON ORANGE VODKA 750ML.jpg,NEON
2307,NEON PINEAPPLE VODKA 750ML,Pcs,Vodka,/files/media/product/NEON PINEAPPLE VODKA 750ML.jpg,NEON
2308,NEON VANILLA VODKA 750ML,Pcs,Vodka,/files/media/product/NEON VANILLA VODKA 750ML.jpg,NEON
2293,ELIT VODKA 1LTR,Pcs,Vodka,/files/media/product/ELIT VODKA 1LTR.webp,ELIT
2295,GREY GOOSE 375ML,Pcs,Vodka,/files/media/product/GREY GOOSE 375ML.png,GREY GOOSE
1001,HUNTING LODGE VODKA 1LTR,Pcs,Vodka,/files/media/product/Hunting-Lodge-Vodka.jpg,HUNTING LODGE
2224,KHOR STRACTURED VODKA 1LTR,Pcs,Vodka,/files/media/product/KHOR STRUCTURED VODKA 1LTR.webp,KHOR
2341,LELESHWA VODKA 750ML,Pcs,Vodka,/files/media/product/LELESHWA VODKA 750ML.png,LELESHWA
1847,SOBIESKI VODKA 1LTR,Pcs,Vodka,/files/media/product/SOBIESKI VODKA 1LTR.webp,SOBIESKI
2285,STOLICHNAYA 375ML,Pcs,Vodka,/files/media/product/STOLICHNAYA 375ML.webp,STOLICHNAYA
2299,STOLICHNAYA 1LTR,Pcs,Vodka,/files/media/product/STOLICHNAYA 1LTR.jpg,STOLICHNAYA
2327,WHITE MISCHIEF 750ML,Pcs,Vodka,/files/media/product/WHITE MISCHIEF 750ML.webp,WHITE MISCHIEF
1193,KHOR PLATINUM VODKA 1LTR,Pcs,Vodka,/files/media/product/khor_platinum.webp,Khor
1192,KHOR PLATINUM 750ML,Pcs,Vodka,/files/media/product/khorplatinum.webp,Khor
483,CIROC PINEAPPLE VODKA 750ML,Pcs,Vodka,/files/media/product/73697-CIROC-PINEAPPLE.png,Ciroc
2428,KENYA CANE PINEAPPLE 750ML,Pcs,Vodka,/files/media/product/kenyacanepineapple750ml.webp,Kenya Cane
2427,KENYA CANE PINEAPPLE 250ML,Pcs,Vodka,/files/media/product/Kenya_Cane_Pineapple_750ml.jpg,Kenya Cane
49,ABSOLUT PEARS VODKA 1LTR,Pcs,Vodka,/files/media/product/absolut-pears-750ml.webp,Absolut
482,CIROC PEACH VODKA 1LTR,Pcs,Vodka,/files/media/product/CIROC PEACH 1LTR.jpg,Ciroc
664,ERISTOFF 1LTR,Pcs,Vodka,/files/media/product/ERISTOFF 1LTR.jpeg,ERISTOFF
1002,HUNTING LODGE VODKA 700ML,Pcs,Vodka,/files/media/product/HUNTING LODGE VODKA 700ML.jpg,HUNTING LODGE
1209,KING ROBERT VODKA 1LTR,Pcs,Vodka,/files/media/product/KING ROBERT VODKA 1LTR.jpeg,KING ROBERT
1817,SKYY VODKA 1LTR,Pcs,Vodka,/files/media/product/SKYY VODKA 1LTR.jpeg,SKYY
1996,TITO'S VODKA 1LTR,Pcs,Vodka,/files/media/product/TITO'S VODKA 1LTR.webp,TITO'S
2010,TRIPLE ACE VODKA 250 ML,Pcs,Vodka,/files/media/product/tripleacevodka250ml.png,Triple Ace
733,FLIRT VODKA ORANGE 750ML,Pcs,Vodka,/files/media/product/flirtvodkaorange750ml.jpeg,Flirt
732,FLIRT VODKA ORANGE 1LTR,Pcs,Vodka,/files/media/product/FLIRT ORANGE LTR.webp,Flirt
1889,STOLICHNAYA ORANGE 750ML,Pcs,Vodka,/files/media/product/stolichnayaorange750ml.jpeg,Stolichnaya
205,BELUGA NOBLE 1ltr,Pcs,Vodka,/files/media/product/BELUGA NOBLE 1ltr.jpeg,Beluga
56,ABSOLUTE MANGO 1LTR,Pcs,Vodka,/files/media/product/absolutmango.gif,Absolut
481,CIROC MANGO 750ML,Pcs,Vodka,/files/media/product/CIROC MANGO 750ML.jpg,CIROC
47,ABSOLUT MANDARIN VODKA 750ML,Pcs,Vodka,/files/media/product/absolut_mandarin.webp,Absolut
1828,SMIRNOFF - LIME 1LT,Pcs,Vodka,/files/media/product/smirnofflime1ltr.jpeg,Smirnoff
731,FLIRT VODKA LEMON 1LTR,Pcs,Vodka,/files/media/product/flirtvodkaorange.png,Flirt
46,ABSOLUT KURRANT VODKA 750ML,Pcs,Vodka,/files/media/product/absolutkurrant40750ml.jpeg,Absolut
1888,STOLICHNAYA JALAPENO 750ML,Pcs,Vodka,/files/media/product/Stolichnaya-Hot-Vodka__49896.jpg,Stolichnaya
1814,SKYY INFUSION CITRUS VODKA 700ML,Pcs,Vodka,/files/media/product/skyy_citrus_15nv_750.webp,SKYY
1194,KHOR WHITE & GOLD 750ML,Pcs,Vodka,/files/media/product/khorwhite&gold750ml.jpeg,Khor
208,BELVEDERE SMOGORY FOREST 1LTR,Pcs,Vodka,/files/media/product/BELVEDERE SMOGORY FOREST 1LTR.webp,Belvedere
57,ABSOLUTE RASPBERRY 1LTR,Pcs,Vodka,/files/media/product/ABSOLUTE RASPBERRY 1LTR.jpg,ABSOLUT
1529,NEW AMSTERDAM PINEAPPLE 750ML,Pcs,Vodka,/files/media/product/NEW AMSTERDAM PINEAPPLE 750ML.jpeg,NEW AMSTERDAM
51,ABSOLUT PEPPAR VODKA 1LTR,Pcs,Vodka,/files/media/product/ABSOLUT PEPPAR VODKA 1LTR.jpeg,ABSOLUT
1527,NEW AMSTERDAM MANGO 750ML,Pcs,Vodka,/files/media/product/NEW AMSTERDAM MANGO 750ML.webp,NEW AMSTERDAM
1523,NEMIROFF CRANBERRY 1LTR,Pcs,Vodka,/files/media/product/NEMIROFF CRANBERRY 1LTR.jpg,NEMIROFF
1526,NEW AMSTERDAM COCONUT 750ML,Pcs,Vodka,/files/media/product/NEW AMSTERDAM COCONUT 750ML.jpeg,NEW AMSTERDAM
1525,NEW AMSTERDAM CITRON 750ML,Pcs,Vodka,/files/media/product/NEW AMSTERDAM CITRON 750ML.jpeg,NEW AMSTERDAM
210,BELVEDERE VODKA 750ML,Pcs,Vodka,/files/media/product/belvederevodka75cl.jpeg,Belvedere
209,BELVEDERE VODKA 1LTR,Pcs,Vodka,/files/media/product/belvederevodka1ltr.webp,Belvedere
221,BEST VODKA 750ML,Pcs,Vodka,/files/media/product/BEST VODKA 750ml.png,Best
220,BEST VODKA 250ML,Pcs,Vodka,/files/media/product/ best vodka 250ml.jpeg,Best
387,CARIBIA CANE 750ML,Pcs,Vodka,/files/media/product/caribiacane750ml.jpg,CARIBIA
2420,CHROME VODKA 750ML,Pcs,Vodka,/files/media/product/chrome_vodka.avif,Chrome
489,CIROC VODKA 1LTR,Pcs,Vodka,/files/media/product/cirocvodka1ltr.jpg,Ciroc
548,CRUZ VODKA 750ML,Pcs,Vodka,/files/media/product/cruzvodka.avif,Cruz
1189,KETELONE VODKA 750ML,Pcs,Vodka,/files/media/product/ketelone.webp,Ketelone
1188,KETELONE VODKA 1LTR,Pcs,Vodka,/files/media/product/ketel-one.webp,Ketelone
1199,KIBAO 750 ML,Pcs,Vodka,/files/media/product/KIBAO-750ML-BOTTLE-RGB-WS-scaled.png,Kibao
1198,KIBAO 350 ML,Pcs,Vodka,/files/media/product/kibao350ml.jpeg,Kibao
1197,KIBAO 250 ML,Pcs,Vodka,/files/media/product/kibao250ml.jpeg,Kibao
1530,NEW AMSTERDAM VODKA 1ltr,Pcs,Vodka,/files/media/product/NEW AMSTERDAM VODKA 1LTR.webp,NEW AMSTERDAM
1904,SUPREME VODKA 250ML,Pcs,Vodka,/files/media/product/Supreme-Vodka.png,Supreme
2011,TRIPLE ACE VODKA 750 ML,Pcs,Vodka,/files/media/product/tripleacevodka750ml.webp,Triple Ace
2073,WAVE DANGER 750ML,Pcs,Vodka,,Wave danger
923,GREY GOOSE ORANGE VODKA 750ML,Pcs,Vodka,/files/media/product/GREY-GOOSE-ORANGE-750ML-1900.00.webp,Grey goose
2421,CHROME VODKA CLEAR 250ML,Pcs,Vodka,/files/media/product/chrome_vodka.jpg,Chrome
925,GREY GOOSE VODKA 1LTR,Pcs,Vodka,/files/media/product/KLUNQ-1.jpg,Grey goose
924,GREY GOOSE VODKA 750ML,Pcs,Vodka,/files/media/product/grey_goose.png,Grey goose
1887,STOLICHNAYA CITRUS 750ML,Pcs,Vodka,/files/media/product/stolichnayacitrus750ml.jpeg,Stolichnaya
42,ABSOLUT CITRON VODKA 750ML,Pcs,Vodka,/files/media/product/Absolut-Citron-Vodka-750ml.jpg,Absolut
41,ABSOLUT CITRON VODKA 1LTR,Pcs,Vodka,/files/media/product/absolute.jpeg,Absolut
727,FLIRT VODKA CHOCOLATE 1LTR,Pcs,Vodka,/files/media/product/Flirt_Vodka_Chocolate_1_Litre.jpg,Flirt
40,ABSOLUT BLUE VODKA 750ML,Pcs,Vodka,/files/media/product/absolutblue750ml.jpg,Absolut
39,ABSOLUT BLUE VODKA 4.5LTR,Pcs,Vodka,/files/media/product/absolutblue4045ltr.jpg,Absolut
38,ABSOLUT BLUE VODKA 375ML,Pcs,Vodka,/files/media/product/absolutblue375ml.png,Absolut
37,ABSOLUT BLUE VODKA 1LTR,Pcs,Vodka,/files/media/product/absolutblue1ltr.png,Absolut
1823,SMIRNOFF - BLUE 750ML,Pcs,Vodka,/files/media/product/Smirnoff-Blue-750ml.jpg,Smirnoff
1190,KHOR BLACK & GOLD VODKA 1LTR,Pcs,Vodka,/files/media/product/khor.webp,Khor
729,FLIRT VODKA GREEN APPLE 1LTR,Pcs,Vodka,/files/media/product/flirtvodkagreenapple1ltr.webp,Flirt
1402,MARTINI - ROSSO 750ML,Pcs,Vermouth,/files/media/product/martinirosso.jpg,Martini
1401,MARTINI - ROSSO 1LTR,Pcs,Vermouth,/files/media/product/martinirosso1ltr.jpg,Martini
1400,MARTINI - BIANCO 750ML,Pcs,Vermouth,/files/media/product/Martini-Bianco.png,Martini
1399,MARTINI - BIANCO 1LTR,Pcs,Vermouth,/files/media/product/martini blanco.jpg,Martini
1589,PATRON - ANEJO TEQUILLA 1LT,Pcs,Tequila,/files/media/product/patronanejotequilla1ltr.jpeg,Patron xo
1129,JOSE CUERVO SILVER 750ML,Pcs,Tequila,/files/media/product/Jose-Cuervo-Silver-Tequila-1L.png,Jose Quervo
1597,PATRON TEQUILA SILVER 375ML,Pcs,Tequila,/files/media/product/patrontequilasilver375ml.jpeg,Patron xo
1596,PATRON SILVER 1LTR,Pcs,Tequila,/files/media/product/PATRON SILVER 1LTR.jpeg,Patron xo
1592,PATRON - SILVER 750ML,Pcs,Tequila,/files/media/product/patronsilver750ml.jpeg,Patron xo
1791,SIERRA TEQUILA SILVER 700ml,Pcs,Tequila,/files/media/product/SIERRA TEQUILA SILVER 700ML.webp,Sierra
1790,SIERRA TEQUILA SILVER 1ltr,Pcs,Tequila,/files/media/product/SIERRA TEQUILA SILVER 1ltr.webp,SIERRA
1952,TEQUILA ROSE 750ML,Pcs,Tequila,/files/media/product/tequila.jpg,Tequila rose
1128,JOSE CUERVO RESERVA 700ML,Pcs,Tequila,/files/media/product/JOSE CUERVO RESERVA 700ML.jpeg,JOSE QUERVO
29,818 TEQUILA REPOSADO 750ML,Pcs,Tequila,/files/media/product/818 TEQUILA REPOSADO 750ML.jpeg,818 TEQUILA
9,1800 TEQUILA REPOSADO 700ML,Pcs,Tequila,/files/media/product/1800 TEQUILA REPOSADO 700ML.jpeg,818 TEQUILA
403,CASA MIGOS REPOSADO 1LTR,Pcs,Tequila,/files/media/product/CASA MIGOS REPOSADO 1LTR.jpg,CASA MIGOS
496,CLASE AZUL REPOSADO 750ml,Pcs,Tequila,/files/media/product/CLASE AZUL REPOSADO 750ml.jpeg,CLASE AZUL
624,DON JULIO REPOSADO 750ML,Pcs,Tequila,/files/media/product/donjulioreposado750ml.jpg,Don Julio
1591,PATRON - REPOSADO 750ML,Pcs,Tequila,/files/media/product/patronreposado750ml.jpeg,Patron xo
1633,PONCHOS TEQUILA REPOSADO 750ML,Pcs,Tequila,/files/media/product/ PONCHOS TEQUILA REPOSADO 750ml.jpeg,Ponchos
1789,SIERRA REPOSADO 700ML,Pcs,Tequila,/files/media/product/SIERRA REPOSADO 700ML.jpeg,SIERRA
1788,SIERRA REPOSADO 1LTR,Pcs,Tequila,/files/media/product/images (12).jpeg,SIERRA
621,DON JULIO 1942 750ml,Pcs,Tequila,/files/media/product/DON JULIO 1942 750ml.webp,DON JULIO
2241,OLMECA EXTRA AGED 1LTR,Pcs,Tequila,/files/media/product/OLMECA EXTRA AGED 1LTR.jpg,OLMECA
495,CLASE AZUL PLATA 700ML,Pcs,Tequila,/files/media/product/CLASE AZUL PLATA 700ML.jpeg,CLASE AZUL
402,CASA MIGOS MESCAL 700ML,Pcs,Tequila,/files/media/product/CASA MIGOS MESCAL 700ML.jpg,CASA MIGOS
356,CAMINO GOLD 750ML,Pcs,Tequila,/files/media/product/caminogold750ml.jpeg,Camino
1132,JOSE CUERVO GOLD 750 ML,Pcs,Tequila,/files/media/product/jose-cuervo-gold.png,Jose Quervo
1131,JOSE CUERVO GOLD 1LTR,Pcs,Tequila,/files/media/product/josecuervogold.webp,Jose Quervo
1563,OLMECA TEQUILA GOLD 1LT,Pcs,Tequila,/files/media/product/olmecatequilagold1ltr.jpeg,Olmeca
1562,OLMECA GOLD 38% 750ML,Pcs,Tequila,/files/media/product/olmecagold38750ml.jpeg,Olmeca
1951,TEQUILA AGAVITA GOLD 700ML,Pcs,Tequila,/files/media/product/tequilaagavitagold700ml.jpeg,Tequila Agavita
494,CLASE AZUL MEZCAL DURANGO 750ml,Pcs,Tequila,/files/media/product/CLASE AZUL DURANGO 750ml.jpg,CLASE AZUL
355,CAMINO CLEAR 750ML,Pcs,Tequila,/files/media/product/caminoclear750ml.webp,Camino
1130,JOSE CUERVO CLEAR 1LTR,Pcs,Tequila,/files/media/product/jose cuervo.jpg,Jose Quervo
1561,OLMECA DARK CHOCOLATE 750ML,Pcs,Tequila,/files/media/product/olmecadarkchocolate750ml.jpeg,Olmeca
8,1800 TEQUILA BLANCO 700ml,Pcs,Tequila,/files/media/product/1800 Tequila Blanco 700ML.jpg,1800 Tequila
1560,OLMECA BLANCO 750ML,Pcs,Tequila,/files/media/product/Olmeca_Blanco_Tequila_700ml.jpg,Olmeca
1559,OLMECA BLANCO 1LT,Pcs,Tequila,/files/media/product/olmecablanco1ltr.jpeg,Olmeca
1950,TEQUILA AGAVITA BLANCO 700ML,Pcs,Tequila,/files/media/product/tequilaagavitablanco700ml.jpeg,Tequila Agavita
1954,TEREMANA TEQUILA 750ml,Pcs,Tequila,/files/media/product/teremana reposado tequila 1 liter.jpeg,Teremana
7,1800 TEQUILA ANEJO 700ml,Pcs,Tequila,/files/media/product/1800 TEQUILA ANEJO 700ML.jpeg,1800 Tequila
622,DON JULIO ANEJO 750ML,Pcs,Tequila,/files/media/product/donjulioanejo750ml.jpg,Don Julio
1558,OLMECA ANEJO 750ML,Pcs,Tequila,/files/media/product/OLMECA ANEJO 750ML.jpeg,OLMECA
1590,PATRON - ANEJO TEQUILLA 750ML,Pcs,Tequila,/files/media/product/patronanejotequilla750ml.jpeg,Patron xo
2297,KENYA GOLD 250ML,Pcs,Spirit,/files/media/product/KENYA GOLD 250ML.jpg,KENYA GOLD
2331,KENYA CANE LEMON & GINGER 250ML,Pcs,Spirit,/files/media/product/KENYA CANE LEMON & GINGER 250ML.webp,KENYA CANE
1228,KONYAGI 750 ML,Pcs,Spirit,/files/media/product/konyagi750ml.jpeg,Konyagi
941,HAVANA ANEJO ESPECIAL TEQUILA 700ML,Pcs,Rum,/files/media/product/havanaanejoespecial40700ml.webp,Havana club
139,BACARDI CARTA BLANCA WHITE 1LTR,Pcs,Rum,/files/media/product/bacardicartablancawhite1ltr.jpg,BACARDI
138,BACARDI CARTA BLANCA 750ML,Pcs,Rum,/files/media/product/BACARDI 750 ML.webp,Bacardi
380,CAPTAIN MORGAN WHITE RUM 1LTR,Pcs,Rum,/files/media/product/captainmorganwhiterum1ltr.webp,Captain morgan
306,BUMBU RUM 700ML,Pcs,Rum,/files/media/product/bumburum700ml.jpg,Bumbu
145,BACARDI RUM SPICED 700ML,Pcs,Rum,/files/media/product/bacardirumspiced700ml.jpg,Bacardi
377,CAPTAIN MORGAN BLACK SPICED 1LTR,Pcs,Rum,/files/media/product/captainmorganblackspiced1ltr.jpg,Captain morgan
375,CAPTAIN M.SPICED 1LTR,Pcs,Rum,/files/media/product/captainmorgangold.png,Captain Morgan
144,BACARDI RAZZ 1LTR,Pcs,Rum,/files/media/product/BACARDI RAZZ 1LTR.jpg,BACARDI
2240,BARCADI OAKHEART 700ML,Pcs,Rum,/files/media/product/BACARDI OAKHEART 700ML.jpg,BACARDI
172,BARCARDI OAKHEART RUM 1LTR,Pcs,Rum,/files/media/product/barcardioakheart1ltr.jpg,BACARDI
143,BACARDI GOLD 750ML,Pcs,Rum,/files/media/product/bacardigold.png,Bacardi
142,BACARDI GOLD 1LTR,Pcs,Rum,/files/media/product/BACARDIGOLDRUM.webp,Bacardi
2418,CAPTAIN.M. GOLD 250ML,Pcs,Rum,/files/media/product/Captain-Morgan-Gold-250ml.jpg,Captain Morgan
2417,CAPTAIN MORGAN GOLD 750ML,Pcs,Rum,/files/media/product/1000010707.jpg,Captain Morgan
374,CAPTAIN M. SPICED GOLD 750ML,Pcs,Rum,/files/media/product/captain gold.jpg,Captain Morgan
2324,NEGRITA BARDINET WHITE 700ML,Pcs,Rum,/files/media/product/NEGRITA BARDINET WHITE 700ML.webp,NEGRITA
2321,WILD TIGER SPICED RESERVE 750ML,Pcs,Rum,/files/media/product/WILD TIGER SPICED RESERVE 750ML.webp,WILD TIGER
2320,WILD TIGER SPICED 750ML,Pcs,Rum,/files/media/product/WILD TIGER SPICED 750ML.webp,WILD TIGER
2323,NEGRITA BARDINET ORIGINAL CARIBEAN RUM 1LTR,Pcs,Rum,/files/media/product/NEGRITA BARDINET ORIGINAL CARIBBEAN RUM 1LTR.jpeg,NEGRITA
2322,NEGRITA BARDINET 1LTR,Pcs,Rum,/files/media/product/NEGRITA BARDINET 1LTR.webp,NEGRITA
146,BACARDI SUPERIOR 350ML,Pcs,Rum,/files/media/product/BACARDI SUPERIOR 350ML.webp,BACARDI
1551,OLD MONK 750ML,Pcs,Rum,/files/media/product/oldmonk750ml.jpeg,OLD MONK
1204,KING ROBERT DARK RUM 1LTR,Pcs,Rum,/files/media/product/KING ROBERT DARK RUM 1LTR.jpeg,KING ROBERT
1494,MYERS RUM 750ML,Pcs,Rum,/files/media/product/9403-MYERS-RUM-DARK.webp,MYER'S
1493,MYERS RUM 1LT,Pcs,Rum,/files/media/product/Myers-Rum-Key-Visual-Square.jpg,MYER'S
1492,MYER'S RUM 375ML,Pcs,Rum,/files/media/product/MYER'S RUM 375ML.jpeg,MYER'S
1380,MALIBU RUM COCONUT 21% 750ML,Pcs,Rum,/files/media/product/maliburumcoconut21750ml.jpg,Malibu
1648,RED HEART 750ML,Pcs,Rum,/files/media/product/RED HEART 750ML.png,RED HEART
141,BACARDI CARTA NEGRA 750ML,Pcs,Rum,/files/media/product/BACARDI CARTA NEGRA 750ML.jpeg,BACARDI
140,BACARDI CARTA NEGRA 1ltr,Pcs,Rum,/files/media/product/BACARDI CARTA NEGRA 1ltr.webp,BACARDI
137,BACARDI BLACK 750ML,Pcs,Rum,/files/media/product/bacardiblack.jpg,Bacardi
136,BACARDI BLACK 1LTR,Pcs,Rum,/files/media/product/bacardiblack.jpg,Bacardi
376,CAPTAIN MORGAN BLACK 1LTR,Pcs,Rum,/files/media/product/735-7351769_captain-morgan-black-label-1-ltr-captain-morgan.png,Captain Morgan
373,CAPTAIN M. BLACK 750ML,Pcs,Rum,/files/media/product/captainmblack750ml.jpg,Captain Morgan
1706,ROYAL CIRCLE 1LTR,Pcs,Premium,/files/media/product/ROYAL CIRCLE 1LTR.jpeg,ROYAL CIRCLE
611,DISARONNO VELVET 700ML,Pcs,Liqueur,/files/media/product/DISARONNO VELVET 700ML.jpeg,DISARONNO
259,BOLS TRIPLE SEC LIQUEUR 700ML,Pcs,Liqueur,/files/media/product/bols.jpeg,Bolls
325,BUTLERS TRIPLE SEC LIQUEUR 750ML,Pcs,Liqueur,/files/media/product/butlerstripplesec750ml.png,Butlers
505,COINTREAU LIQUEUR 700ML,Pcs,Liqueur,/files/media/product/Cointreau.webp,Cointreau
504,COINTREAU LIQUEUR 1LTR,Pcs,Liqueur,/files/media/product/Cointreau_original_v4.jpg,Cointreau
357,CAMPARI MILANO BITTER 1LTR,Pcs,Liqueur,/files/media/product/campari-bitter.webp,Campari
1047,JAGERMEISTER 350ML,Pcs,Liqueur,/files/media/product/jagermisrer350ml.png,Jagermeister
2149,ZAPPA - RED 750ML,Pcs,Liqueur,/files/media/product/ZappaRed.webp,Zappa
323,BUTLERS PEPPERMINT 750ML,Pcs,Liqueur,/files/media/product/bolspeppermint75cl.webp,Bolls
257,BOLS DRY ORANGE 750ML,Pcs,Liqueur,/files/media/product/BOLS DRY ORANGE 750ML.jpeg,BOLLS
903,GRAND MARNIER LIQUEUR 1LTR,Pcs,Liqueur,/files/media/product/product-cutout-cordon-rouge-min.webp,Grand marnier
902,GRAND MARNIER 350ML,Pcs,Liqueur,/files/media/product/grandmanier350ml.jpg,Grand marnier
901,GRAND MANIER LIQUEUR 750ML,Pcs,Liqueur,/files/media/product/GrandMarnier__43977__53201.1396284478.380.500-1.jpg,Grand marnier
319,BUTLERS CHERRY KIRSCH 750ML,Pcs,Liqueur,/files/media/product/butlerscherrykirsch750ml.webp,Butlers
768,FRANGELICO 1LTR,Pcs,Liqueur,/files/media/product/FRANGELICO 1LTR.webp,FRANGELICO
769,FRANGELICO LIQUEUR 750ML,Pcs,Liqueur,/files/media/product/FRANGELICO 1LTR.webp,Frangelico
2148,ZAPPA - GREEN 750ML,Pcs,Liqueur,/files/media/product/Zappa-Sambuca-Green-750ml.jpg,Zappa
322,BUTLERS GINGER 750ML,Pcs,Liqueur,/files/media/product/BUTLERS GINGER 750ML.jpeg,Butlers
1628,PIMMS NO. 1 750ML,Pcs,Liqueur,/files/media/product/pimms-no-1.png,Pimms
1627,PIMMS LIQUEUR 1LTR,Pcs,Liqueur,/files/media/product/pimms 1l.webp,Pimms
318,BUTLERS CHERRY KIRSCH 700ML,Pcs,Liqueur,/files/media/product/BUTLERS CHERRY KIRSCH 700ML.webp,Butlers
1859,SOUTHERN COMFORT BLACK 700ML,Pcs,Liqueur,/files/media/product/southerncomfortblack.webp,Southern comfort
610,DISARONNO LIQUEUR 1ltr,Pcs,Liqueur,/files/media/product/disarono 1ltr.jpeg,DISARONNO
1858,SOUTHERN COMFORT 750ML,Pcs,Liqueur,/files/media/product/southern comfort.png,Southern Comfort
1857,SOUTHERN COMFORT 350ML,Pcs,Liqueur,/files/media/product/southerncomfort350ml.jpeg,Southern Comfort
95,SOUTHERN COMFORT 1LT,Pcs,Liqueur,/files/media/product/Southern-Comfort-1ltr.jpeg,Southern Comfort
2042,V & A 750ML,Pcs,Liqueur,/files/media/product/va750ml.jpg,V & A
2041,V & A 250ML,Pcs,Liqueur,/files/media/product/va250ml.jpg_480Wx480H,V & A
1050,JAGERMEISTER WITH CORK 1LTR,Pcs,Liqueur,/files/media/product/jagermesiter1ltr.png,Jagermeister
1046,JAGERMEISTER 1LTR,Pcs,Liqueur,/files/media/product/jagermeister351ltr.jpeg,Jagermeister
1991,TIA MARIA DARK LIQOUR 1LT,Pcs,Liqueur,/files/media/product/tiamaria_dark.webp,Tia maria
321,BUTLERS ESPRESSO LIQUEUR 750ML,Pcs,Liqueur,/files/media/product/BUTLERS ESPRESSO 750ML.jpeg,Butlers
1782,SHERIDANS LIQUEUR 750ML,Pcs,Liqueur,/files/media/product/sheridans750ml.jpeg,John bannermans
1169,KAHLUA COFFEE LIQUEUR 750ML,Pcs,Liqueur,/files/media/product/kahlua.webp,Kahlua
1168,KAHLUA 700ML,Pcs,Liqueur,/files/media/product/kahlua20700ml.jpg,Kahlua
1167,KAHLUA 1LTR,Pcs,Liqueur,/files/media/product/kahlua.webp,Kahlua
1781,SHERIDAN'S LIQUEUR 1LTR,Pcs,Liqueur,/files/media/product/Sheridans-1-Litre.jpg,Sheridan
1990,TIA MARIA COFFEE LIQUOR 1LT,Pcs,Liqueur,/files/media/product/Tia maria coffee.webp,Tia maria
1377,MALIBU RUM 1LTR,Pcs,Liqueur,/files/media/product/malibu.png,Malibu
2147,ZAPPA - CLEAR 750ML,Pcs,Liqueur,/files/media/product/Zappa-Original-Sambuca-1.jpg,Zappa
1932,TANG SOUR CHERRY 750ML,Pcs,Liqueur,/files/media/product/TANG SOUR CHERRY 750ML.jpeg,TANG SOUR
256,BOLS BLUE CURACAO 750ML,Pcs,Liqueur,/files/media/product/BOLS BLUE CURACAO 750ML.jpg,BOLLS
317,BUTLERS BLUE CURACAO 750ML,Pcs,Liqueur,/files/media/product/BUTLERS BLUE CURACAO 750ML.jpeg,Butlers
2146,ZAPPA - BLUE 750ML,Pcs,Liqueur,/files/media/product/zappa blue.jpg,Zappa
2145,ZAPPA - BLACK 750ML,Pcs,Liqueur,/files/media/product/zappa black.jpg,Zappa
358,CAMPARI MILANO BITTER 750ML,Pcs,Liqueur,/files/media/product/camparimilanobitter750ml.jpg,Campari
315,BUTLERS CR鑴燤E DE BANANA 750ML,Pcs,Liqueur,/files/media/product/BUTLERS CR鑴燤E DE BANANA 750ML.jpeg,Butlers
1931,TANG SOUR - APPLE 750ML,Pcs,Liqueur,/files/media/product/tangsourapple750ml.jpeg,Tang Sour
106,APEROL APERITIF 700ml,Pcs,Liqueur,/files/media/product/aperolaperitivo750ml.jpeg,Aperol
105,APEROL 1LTR,Pcs,Liqueur,/files/media/product/APEROL 700ML.avif,Aperol
916,GREENALL WILDBERRY 1LTR,Pcs,Gin,/files/media/product/greenalls-wildberry-pink-gin.png,Greenalls
1010,INVERROCHE GIN VERDANT 750ML,Pcs,Gin,/files/media/product/inverrocheginverdant750ml.jpeg,Inverroche
1938,TANQUERAY - TEN 750ML,Pcs,Gin,/files/media/product/ten.webp,Tanqueray
1690,ROSE D' ARGENT STRAWBERRY GIN 700ML,Pcs,Gin,/files/media/product/rosed'argentstrawberrygin700ml.jpeg,D' ARGENT
1937,TANQUERAY - SEVILLA 700ML,Pcs,Gin,/files/media/product/tanqueraysevilia.webp,Tanqueray
266,BOMBAY SAPPHIRE LONDON DRY GIN 750ML,Pcs,Gin,/files/media/product/bombaysaphire.jpg,Bombay
265,BOMBAY SAPPHIRE LONDON DRY GIN 1LTR,Pcs,Gin,/files/media/product/bombaysaphire.jpg,Bombay
2226,KO BLUSH PREMIUM ROSE & CUCUMBER 750ML,Pcs,Gin,/files/media/product/KO BLUSH PREMIUM ROSE & CUCUMBER 750ML.webp,Kenyan Originals
242,BLOOM JASMINE & ROSE GIN 700ML,Pcs,Gin,/files/media/product/bloomjasminerosegin700ml.jpg,Bloom jasmine
1376,MALFY GINS ROSA 750ML,Pcs,Gin,/files/media/product/malfy-grapefruit-gin_500x.webp,Malfy
2109,WHITLEY NEILL RHUBARB & GINGER GIN 750ML,Pcs,Gin,/files/media/product/WHITLEY NEILL RHUBARB & GINGER GIN 750ML.jpeg,WHITLEY NEIL
2198,GREENALLS RASPBERRY 700ML,Pcs,Gin,/files/media/product/GREENALLS RASPBERRY 700ML.jpg,GREENALLS
2106,WHITLEY NEILL RASPBERRY GIN 1LTR,Pcs,Gin,/files/media/product/whitleyneillrasberrygin1ltr.jpg,WHITLEY NEIL
1940,TANQUERAY RANGPUR GIN 1LTR,Pcs,Gin,/files/media/product/TANQUERAY RANGPUR GIN 1LTR.webp,TANQUERAY
2096,WHITLEY NEIL PROTEA & HIBISCUS 750ML,Pcs,Gin,/files/media/product/WHITLEY NEILL PROTEA & HIBISCUS 750ML.webp,WHITLEY NEIL
921,GREENALLS WILD BERRY PINK 700ML,Pcs,Gin,/files/media/product/GREENALLS WILD BERRY PINK 700ML.webp,Greenalls
2142,ZAFIRO PINK 1LTR,Pcs,Gin,/files/media/product/SCOTTISH LEADER ORIGINAL 1LTR.jpg,ZAFIRO
190,BEEFEATER PINK GIN 1LTR,Pcs,Gin,/files/media/product/beefeaterpinkgin1ltr.webp,Beefeater
280,BROKER'S PINK GIN 750ML,Pcs,Gin,/files/media/product/BROKER'S PINK GIN 750ML.webp,BROKERS
822,GIBSON'S PINK 700ML,Pcs,Gin,/files/media/product/gibsons-pink-gin.webp,Gibson's
883,GORDON PINK GIN 1LTR,Pcs,Gin,/files/media/product/gordonpinkgin1ltr.webp,Gordon's
882,GORDON PINK 700ML,Pcs,Gin,/files/media/product/gordonpink700ml.jpg,Gordon's
1528,NEW AMSTERDAM PEACH 750ml,Pcs,Gin,/files/media/product/ NEW AMSTERDAM PEACH 750ml.jpeg,NEW AMSTERDAM
2319,WHITLEY NEIL PARMA VIOLET 700ML,Pcs,Gin,/files/media/product/WHITLEY NEILL PARMA VIOLET 700ML.webp,WHITLEY NEIL
1899,STRETTON`S ORIGINAL 750ML,Pcs,Gin,/files/media/product/Stretton-Hero-Mobile-2.jpg,STRETTON`S
1375,MALFY GINS ORIGINAL 750ML,Pcs,Gin,/files/media/product/malfyginsoriginal750ml.jpeg,Malfy
2103,WHITLEY NEILL ORIGINAL GIN 750ML,Pcs,Gin,/files/media/product/whitleyneiloriginal.jpg,WHITLEY NEIL
2102,WHITLEY NEILL ORIGINAL GIN 1LTR,Pcs,Gin,/files/media/product/whitleyneilloriginalgin1ltr.jpg,WHITLEY NEIL
887,GORDON'S MEDITERANEAN ORANGE GIN 700ML,Pcs,Gin,/files/media/product/GORDONS MEDITERANEAN ORANGE 700ML.jpg,Gordon's
2343,ZAFIRO ORANGE 1LTR,Pcs,Gin,/files/media/product/ZAFIRO ORANGE 1LTR.webp,ZAFIRO
2169,58 SPICED ORANGE GIN 350ML,Pcs,Gin,/files/media/product/58 SPICED ORANGE GIN 350ML.webp,58 KO
1939,TANQUERAY MALACCA 1LTR,Pcs,Gin,/files/media/product/tanqueray.webp,Tanqueray
1565,OPIHR ORIENTAL SPICED LONDON GIN 700ML,Pcs,Gin,/files/media/product/opihrorientalspicedlondongin750ml.webp,Opihr
954,HENDRICK`S LUNAR GIN 700ML,Pcs,Gin,/files/media/product/gin-hendrick-s-lunar-70cl.jpg,Hendricks
2101,WHITLEY NEILL LEMON GRASS GIN 750ML,Pcs,Gin,/files/media/product/Whitley-Neil-Lemon-Grass-1Lt-Gin.jpg,WHITLEY NEIL
2100,WHITLEY NEILL LEMON GRASS GIN 1LTR,Pcs,Gin,/files/media/product/whitleyneil.png,WHITLEY NEIL
891,GORDON`S SICILIAN LEMON 700ML,Pcs,Gin,/files/media/product/GORDON`S SICILIAN LEMON 700ML.jpeg,Gordon's
472,CHROME LEMON 250ML,Pcs,Gin,/files/media/product/chromelemon250ml,Chrome
1374,MALFY GINS LEMON 750ML,Pcs,Gin,/files/media/product/MalfyLimoneTransp.webp,Malfy
1370,MALFY GIN LEMON 1LTR,Pcs,Gin,/files/media/product/MALFY GIN LEMON 1LTR.jpg,Malfy
931,GUNPOWDER IRISH GIN 750ML,Pcs,Gin,/files/media/product/Drumshanbo-Gunpowder-Irish-Gin-700ml.jpg,Gunpowder
2108,WHITLEY NEILL RHUBARB & GINGER GIN 1LTR,Pcs,Gin,/files/media/product/whitley_neill_rhubarb.jpg,WHITLEY NEIL
191,BEEFEATER PINK LONDON DRY GIN 750ML,Pcs,Gin,/files/media/product/beefeater-pink-gin.webp,Beefeater
1901,STRETTON`S WILD BERRIES 750ML,Pcs,Gin,/files/media/product/STRETTON`S WILD BERRIES 750ML.jpeg,STRETTON`S
1900,STRETTON`S TRIPPLE BERRY 750ML,Pcs,Gin,/files/media/product/STRETTON`S TRIPPLE BERRY 750ML.jpeg,STRETTON`S
1898,STRETTON RUBY ORANGE 750ML,Pcs,Gin,/files/media/product/STRETTON RUBY ORANGE 750ML.jpeg,STRETTON`S
1942,TANQUERAY ROYALE GIN 700ML,Pcs,Gin,/files/media/product/TANQUERAY ROYALE GIN 700ML.jpg,TANQUERAY
2107,WHITLEY NEILL RASPBERRY GIN 750ML,Pcs,Gin,/files/media/product/WHITLEY NEILL RASBERRY GIN 750ML.webp,WHITLEY NEIL
1226,KO TAMBUZI GIN 750ML,Pcs,Gin,/files/media/product/kotambuzi.webp,Kenyan Originals
260,BOMBAY BRAMBLE 1LTR,Pcs,Gin,/files/media/product/bombaybrumble.webp,Bombay
2095,WHITLEY NEIL BLOOD ORANGE GIN 1LTR,Pcs,Gin,/files/media/product/WHITLEY NEIL BLOOD ORANGE GIN 1LTR.jpeg,WHITLEY NEIL
2097,WHITLEY NEILL BLACK BERRY GIN 1LTR,Pcs,Gin,/files/media/product/WHITLEY NEIL BLACK BERRY GIN 1LTR.jpg,WHITLEY NEIL
2093,WHITLEY NEIL ALOE & CUCUMBER 1LTR,Pcs,Gin,/files/media/product/WHITLEY NEIL ALOE & CUCUMBER 1LTR.jpg,WHITLEY NEIL
1404,MARTINI EXTRA DRY 1LTR,Pcs,Gin,/files/media/product/martini_extra_dry.jpg,Martini
1944,TANQUERY - EXPORT 750ML,Pcs,Gin,/files/media/product/tanqueray.webp,TANQUERAY
764,FOUR PILLARS SPICED NEGRONI GIN 700ML,Pcs,Gin,/files/media/product/four-pillars-spiced-negroni-gin-1.png,Four pillars
920,GREENALLS SLOE GIN 700ML,Pcs,Gin,/files/media/product/greenallssloegin700ml.jpg,Greenalls
264,BOMBAY SAPPHIRE DRY GIN 375ML,Pcs,Gin,/files/media/product/Bombay-Sapphire-Gin.jpg,Bombay
763,FOUR PILLARS RARE DRY GIN 700ML,Pcs,Gin,/files/media/product/OBC-Spirits-Four-Pillars-Rare-Dry-Gin.webp,Four pillars
2104,WHITLEY NEILL PROTEA & HIBISCUS GIN 750ML,Pcs,Gin,/files/media/product/whitleyneillproteahibiscusgin750ml.jpg,WHITLEY NEIL
2165,58 SPICED ORANGE 750ML,Pcs,Gin,/files/media/product/58orangegin750ml.jpg,58 KO
828,GILBEYS MIXED BERRIES 250ML,Pcs,Gin,/files/media/product/Gilbeys-Mix-Berries-250-Ml.jpg,Gilbeys
21,58 CLASSIC GIN 750ML,Pcs,Gin,/files/media/product/Kenyan-Originals-58-Classic-Gin.webp,58 KO
1219,KO CLASSIC GIN 750ML,Pcs,Gin,/files/media/product/koclassicgin750ml.jpeg,Kenyan Originals
2098,WHITLEY NEILL BLACK BERRY GIN 750ML,Pcs,Gin,/files/media/product/whitleyneillblackberrygin750ml.jpg,WHITLEY NEIL
22,58 GIN 350ml,Pcs,Gin,/files/media/product/SCOTTISH LEADER ORIGINAL 1LTR.jpg,58 KO
189,BEEFEATER LONDON DRY GIN 350ML,Pcs,Gin,/files/media/product/beefeater40350ml.png,Beefeater
219,BEST GIN 750ML,Pcs,Gin,/files/media/product/bestgin750ml.png,Best
218,BEST GIN 250ML,Pcs,Gin,/files/media/product/bestgin250ml.webp,Best
243,BLOOM LONDON DRY GIN 1LTR,Pcs,Gin,/files/media/product/bloomlondongin.jpg,Bloom london
262,BOMBAY DRY GIN 750ML,Pcs,Gin,/files/media/product/bombay-gin-175__71974.jpg,Bombay
261,BOMBAY DRY GIN 1LTR,Pcs,Gin,/files/media/product/BOMBAY DRY GIN 1LTR.jpg,BOMBAY
281,BROKERS GIN 700ml,Pcs,Gin,/files/media/product/BROKERS GIN 700ml.webp,BROKERS
279,BROKER'S GIN 1ltr,Pcs,Gin,/files/media/product/BROKER'S GIN 1LTR.jpg,Brokers
282,BROOKLYN GIN 750ML,Pcs,Gin,/files/media/product/brooklyn.jpg,Brooklyn
388,CARIBIA GIN 375ML,Pcs,Gin,/files/media/product/images (19).jpeg,CARIBIA
471,CHROME GIN 750ML,Pcs,Gin,/files/media/product/chromegin750ml.jpeg,Chrome
2419,CHROME GIN 250ML,Pcs,Gin,/files/media/product/chromegin250ml.jpg,Chrome
761,FOUR PILLARS NAVY STRENGTH GIN 700ML,Pcs,Gin,/files/media/product/four pillars.jpeg,Four pillars
760,FOUR PILLARS BLOODY GIN 700ML,Pcs,Gin,/files/media/product/fourpillars_bloody.jpg,Four pillars
1490,MUSCADOR 750ML,Pcs,Gin,/files/media/product/muscador750ml.jpg_480Wx480H,Fruit ville
821,GIBSON'S GIN 700ML,Pcs,Gin,/files/media/product/gibson'sgin70c.jpg,Gibson's
2423,GILBEYS 750ML,Pcs,Gin,/files/media/product/gilbeys.jpg,Gilbeys
2422,GILBEYS 350ML,Pcs,Gin,/files/media/product/gilbeys350ml.jpg,Gilbeys
2326,GILBEYS 250ML,Pcs,Gin,/files/media/product/gilbeys250ml.jpg,Gilbeys
833,GIN MARE 700ML,Pcs,Gin,/files/media/product/ginmare700ml.jpeg,Gin Mare
832,GIN MARE 1LTR,Pcs,Gin,/files/media/product/ginmare-botella.webp,Gin Mare
835,GLEN'S GIN 1LTR,Pcs,Gin,/files/media/product/GLEN'S GIN 1LTR.jpeg,GLEN'S
892,GORDONS 375ML,Pcs,Gin,/files/media/product/gordons375ml.webp,Gordon's
888,GORDON'S ORIGINAL 1LTR,Pcs,Gin,/files/media/product/gordonsoriginal1ltr.jpg_480Wx480H,Gordon's
885,GORDON'S GIN 750ML,Pcs,Gin,/files/media/product/gordons-london-dry-gin.png,Gordon's
946,HAYMANS GIN 750ML,Pcs,Gin,/files/media/product/haymansgin750ml.jpeg,Haymans
957,HENDRICKS GIN 750ML,Pcs,Gin,/files/media/product/hendricks750ml.jpg,Hendricks
956,HENDRICKS GIN 1LTR,Pcs,Gin,/files/media/product/Hendricks-Gin.jpg,Hendricks
955,HENDRICKS 350ML,Pcs,Gin,/files/media/product/HENDRICKS 350ML.png,Hendricks
953,HENDRICK'S ORBIUM GIN 700ML,Pcs,Gin,/files/media/product/Hendricks-Orbium-Gin-700ml.webp,Hendricks
951,HENDRICK'S AMAZONIA GIN 1LTR,Pcs,Gin,/files/media/product/hendrick'samarziniagin1ltr.jpeg,Hendricks
2298,HOWLING OWL BLUE GIN 750ML,Pcs,Gin,/files/media/product/HOWLING OWL BLUE GIN 750ML.webp,HOWLING OWL
1000,HUNTING LODGE GIN 750ML,Pcs,Gin,/files/media/product/HUNTING LODGE GIN 750ML.webp,HUNTING LODGE
1008,INVERROCHE CLASSIC 750ML,Pcs,Gin,/files/media/product/INVERROCHE CLASSIC 750ML.jpeg,INVERROCHE
2294,IRISH MIST 1LTR,Pcs,Gin,/files/media/product/IRISH MIST 1LTR.jpg,IRISH MIST
1176,KENSINGTON LONDON DRY GIN 750ML,Pcs,Gin,/files/media/product/kensington.webp,Kensington
1202,KIBAO GIN 750ML,Pcs,Gin,/files/media/product/KIBAO GIN 750ML.webp,KIBAO
1201,KIBAO GIN 350ML,Pcs,Gin,/files/media/product/KIBAO GIN 350ML.webp,KIBAO
1200,KIBAO GIN 250ML,Pcs,Gin,/files/media/product/KIBAO GIN 250ML.jpeg,KIBAO
1205,KING ROBERT GIN 1LTR,Pcs,Gin,/files/media/product/King-Robert-Gin-1L.png,King Robert
2225,KINGSTONE GIN 1LTR,Pcs,Gin,/files/media/product/KINGSTONE GIN 1LTR.webp,KINGSTONE
1299,LONDON HILL DRY GIN 1LTR,Pcs,Gin,/files/media/product/London-Hill-Dry-Gin-1lt-bottle-of-italy-min.webp,London hill
1300,LORDSON DRY GIN 750ML,Pcs,Gin,/files/media/product/LORDSON DRY GIN 750ML.jpeg,LORDSON
1349,MAD CHIMP 1LTR,Pcs,Gin,/files/media/product/MAD CHIMP 1LTR.jpeg,MAD CHIMP
1469,MONKEY 47 DRY GIN 500ML,Pcs,Gin,/files/media/product/monkey47500ml.png,Monkey 47
1482,MR. BOSTON GIN 750ml,Pcs,Gin,/files/media/product/MR. BOSTON GIN 750ml.webp,MR. BOSTON
2338,OPIHR 1LTR,Pcs,Gin,/files/media/product/OPIHR 1LTR.png,OPIHR
1631,PLY MOUTH GIN 1LTR,Pcs,Gin,/files/media/product/PLY MOUTH GIN 1LTR.jpeg,PLY MOUTH
2281,RIVAGE GIN 1LTR,Pcs,Gin,/files/media/product/RIVAGE GIN 1LTR.jpg,RIVAGE
2284,SIPSMITH LONDON DRY GIN 1LTR,Pcs,Gin,/files/media/product/SIPSMINTH LONDON LTR.jpeg,SIPSMITH
1852,SOLO AVIATOR 500ML,Pcs,Gin,/files/media/product/SOLO AVIATOR 500ML.jpeg,SOLO AVIATOR
1943,TANQUERAY STERLING VODKA 750ml,Pcs,Gin,/files/media/product/TANQUERAY STERLING.png,Tanqueray
1936,TANQUERAY NO. 10 1LTR,Pcs,Gin,/files/media/product/tanqueray101ltr.webp,Tanqueray
1958,THE BOTANIST GIN 1LTR,Pcs,Gin,/files/media/product/THE BOTANIST GIN 1LTR.jpeg,THE BOTANIST
1997,TOBERMORY GIN 750ML,Pcs,Gin,/files/media/product/TOBERMORY GIN 750ML.jpeg,TOBERMORY
2043,VALE GIN 750ML,Pcs,Gin,/files/media/product/VALE GIN 750ML.jpg,VALE
2128,WINDSOR GIN 1ltr,Pcs,Gin,/files/media/product/WINDSOR GIN 1LTR.jpg,Windsor
2141,ZAFIRO CLEAR 1LTR,Pcs,Gin,/files/media/product/SCOTTISH LEADER ORIGINAL 1LTR.jpg,ZAFIRO
1941,TANQUERAY RANGPUR GIN 750ML,Pcs,Gin,/files/media/product/TANQUERAY RANGPUR 750ML.jpeg,Tanqueray
188,BEEFEATER CLEAR LONDON DRY GIN 750ML,Pcs,Gin,/files/media/product/beefeater-clear-gin.webp,Beefeater
187,BEEFEATER CLEAR LONDON DRY GIN 1LTR,Pcs,Gin,/files/media/product/beefeater-clear-gin.webp,Beefeater
915,GREENALL ORIGINAL 1LTR,Pcs,Gin,/files/media/product/grenallsgin.png,Greenalls
2261,BEEFEATER BLOOD ORANGE 750ML,Pcs,Gin,/files/media/product/BEEFEATER BLOOD ORANGE 750ML.jpg,BEEFEATER
1373,MALFY GINS BLOOD ORANGE 750ML,Pcs,Gin,/files/media/product/malfyorange.webp,Malfy
2099,WHITLEY NEILL BLOOD ORANGE GIN 750ML,Pcs,Gin,/files/media/product/WhitleyNeillBloodOrangeGin.webp,WHITLEY NEIL
1009,INVERROCHE GIN AMBER 750ML,Pcs,Gin,/files/media/product/inverrocheginamber750ml.jpeg,Inverroche
157,BAILEYS VANILLA 1LTR,Pcs,Cream,/files/media/product/BAILEYS VANILLA 1LTR.jpg,BAILEYS
156,BAILEYS STRAWBERRY CREAM 700ML,Pcs,Cream,/files/media/product/images (17).jpeg,BAILEYS
154,BAILEYS RED VELVET 700ML,Pcs,Cream,/files/media/product/baileys velvet.jpg,Baileys
94,AMARULA RASPBERRY CHOCOLATE 1LTR,Pcs,Cream,/files/media/product/amarula_raspberry.jpg,Amarula
92,AMARULA 750ML,Pcs,Cream,/files/media/product/amarula-fruit-cream.webp,Amarula
91,AMARULA 375ML,Pcs,Cream,/files/media/product/amarula-375ml.jpg,Amarula
90,AMARULA 1LTR,Pcs,Cream,/files/media/product/amarula1ltr.jpeg,Amarula
150,BAILEYS CREAM 750ML,Pcs,Cream,/files/media/product/baileys-original-irish-cream.png,Baileys
148,BAILEYS CREAM 1LTR,Pcs,Cream,/files/media/product/baileyscream1ltr.webp,Baileys
940,HARVEYS BRISTOL CREAM 750ML,Pcs,Cream,/files/media/product/27-harveys-bristol-cream-sherry.jpg,Harveys
1712,ROYAL RHINO CREAM 750ml,Pcs,Cream,/files/media/product/royal rhino cream 750ml.jpeg,Royal rhino
2049,VELVET CREAM LIQUEUR 750ml,Pcs,Cream,/files/media/product/VELVET CREAM LIQUEUR 750ML.jpg,Velvet
1897,STRAWBERRY LIPS LIQUEUR 750ML,Pcs,Cream,/files/media/product/strawberrylips750ml.jpg,Strawberry
153,BAILEYS EXPRESSO CR鑴燤E 1LTR,Pcs,Cream,/files/media/product/BAILEYS EXPRESSO CR鑴燤E 1LTR.jpeg,BAILEYS
151,BAILEYS DELIGHT 750ML,Pcs,Cream,/files/media/product/baileysdelight750ml.webp,Baileys
93,AMARULA ETHIOPIAN COFFFE 750ML,Pcs,Cream,/files/media/product/SCOTTISH LEADER ORIGINAL 1LTR.jpg,Amarula
155,BAILEYS SALTED CARAMEL 700ML,Pcs,Cream,/files/media/product/BAILEYS SALTED CARAMEL 700ML.jpeg,BAILEYS
363,CAMUS XO COGNAC 750ML,Pcs,Cognac,/files/media/product/camus xo.jpeg,Camus
2268,CAMUS XO 1LTR,Pcs,Cognac,/files/media/product/CAMUS XO 1LTR.webp,CAMUS
967,HENNESSY XO COGNAC 700ML,Pcs,Cognac,/files/media/product/hennessy-xo.webp,Hennessy
966,HENNESSY XO COGNAC 1LTR,Pcs,Cognac,/files/media/product/hennessy xo.avif,Hennessy
1398,MARTEL XO COGNAC 700ML,Pcs,Cognac,/files/media/product/martellxo40700ml.jpeg,Martell
1659,REMY MARTIN XO 1LT,Pcs,Cognac,/files/media/product/remymartinxo1ltr.jpeg,Remy Martin
1654,REMY MARTIN - XO 75OML,Pcs,Cognac,/files/media/product/remymartinxo1ltr.jpeg,Remy Martin
192,BEEHIVE VSOP BRANDY 1LTR,Pcs,Cognac,/files/media/product/beehive vsop.jpeg,Beehive
362,CAMUS VSOP COGNAC 700ML,Pcs,Cognac,/files/media/product/camusvsop700ml.jpg,Camus
361,CAMUS VSOP COGNAC 1LTR,Pcs,Cognac,/files/media/product/camuscognac_vsop.jpg,Camus
539,COURVOISIER V.S.O.P. 700ML,Pcs,Cognac,/files/media/product/courvoisiervsop700ml.jpeg,Courvoisier
538,COURVOISIER V.S.O.P 1LTR,Pcs,Cognac,/files/media/product/Courvoisier-VSOP-Cognac-750-ml_1.png,Courvoisier
965,HENNESSY VSOP COGNAC 750ML,Pcs,Cognac,/files/media/product/Hennessy-VSOP-600x600.png,Hennessy
964,HENNESSY VSOP 350ML,Pcs,Cognac,/files/media/product/HENNESSY VSOP 350ML.png,HENNESSY
963,HENNESSY VSOP 1LTR,Pcs,Cognac,/files/media/product/Hennessyvsop.webp,Hennessy
1396,MARTEL VSOP COGNAC 700ML,Pcs,Cognac,/files/media/product/martellvsop_1024x (1).webp,Martell
1393,MARTEL VSOP COGNAC 1LTR,Pcs,Cognac,/files/media/product/martellvsop_1024x.webp,Martell
1658,REMY MARTIN VSOP GIFT PACK COGNAC 700ML,Pcs,Cognac,/files/media/product/remy martin.webp,Remy martin
1653,REMY MARTIN - VSOP 700 ML,Pcs,Cognac,/files/media/product/brandy-cognac-cognac-remy-martin-vsop-1l.webp,Remy Martin
1652,REMY MARTIN - VSOP 1LTR,Pcs,Cognac,/files/media/product/remy-martin-vsop-1l.jpg,Remy Martin
360,CAMUS VS COGNAC 700ML,Pcs,Cognac,/files/media/product/camusvs700ml.webp,Camus
359,CAMUS VS COGNAC 1LTR,Pcs,Cognac,/files/media/product/camusvs.png,Camus
537,COURVOISIER V.S. 700ML,Pcs,Cognac,/files/media/product/courvoisiervs700ml.jpg,Courvoisier
536,COURVOISIER V.S 1LTR,Pcs,Cognac,/files/media/product/courvoisiervs1ltr.jpeg,Courvoisier
962,HENNESSY V.S COGNAC 700ML,Pcs,Cognac,/files/media/product/hennesy.jpeg,Hennessy
961,HENNESSY V.S COGNAC 350ML,Pcs,Cognac,/files/media/product/hennessy350ml.jpeg,Hennessy
960,HENNESSY V.S COGNAC 1LTR,Pcs,Cognac,/files/media/product/VS_0.png,Hennessy
1395,MARTEL VS COGNAC 700ML,Pcs,Cognac,/files/media/product/Martell-VS-Single-Distillery.jpg,Martell
1392,MARTEL V.S COGNAC 1LTR,Pcs,Cognac,/files/media/product/martelvs1ltr.webp,Martell
1390,MARTEL BLUE SWIFT COGNAC 700ML,Pcs,Cognac,/files/media/product/martelblue.webp,Martell
1655,REMY MARTIN 1738 ACCORD ROYAL COGNAC 700ML,Pcs,Cognac,/files/media/product/remy martinaccordroyal.jpg,Remy martin
959,HENNESSY MASTER BLENDER'S 500ml,Pcs,Cognac,/files/media/product/HENNESSY MASTER BLENDER'S 500ML.webp,Hennessy
2800,MARTEL CORDON BLEU 700ML,Pcs,Cognac,/files/media/product/martelcordonbleu700ml.jpeg,Martell
1391,MARTEL CORDON BLEU 1LTR,Pcs,Cognac,/files/media/product/MARTEL CORDON BLEU 1LTR.webp,MARTELL
1157,JP CHENET XO 700ML,Pcs,Brandy,/files/media/product/JP CHENET XO 700ML.jpeg,JP CHENET
276,BRANDY MARNAT XO 750ML,Pcs,Brandy,/files/media/product/BRANDY MARNAT XO 750ML.webp,MARNAT
1156,JP CHENET VSOP 700ML,Pcs,Brandy,/files/media/product/JP CHENET VSOP 700ML.jpeg,JP CHENET
1873,ST REMY VSOP FRENCH BRANDY 750ML,Pcs,Brandy,/files/media/product/stremy.jpeg,St Remy
1872,ST REMY VSOP FRENCH BRANDY 1LTR,Pcs,Brandy,/files/media/product/stremyvsopfrenchbrandy1ltr.webp,St Remy
215,BERTRAMS VO OLD 750ML,Pcs,Brandy,/files/media/product/bertramsvoold750ml.jpg,Bertrams
214,BERTRAMS TRIPLE 'R' BRANDY 750ML,Pcs,Brandy,/files/media/product/BERTRAMS TRIPLE 'R' 750ml.png,Bertrams
2185,CICERO BRANDY 350ML,Pcs,Brandy,/files/media/product/CICERO BRANDY 350ML.webp,CICERO
535,COUNTY BRANDY 750ML,Pcs,Brandy,/files/media/product/COUNTY 750ML.jpeg,County
534,COUNTY BRANDY 250ML,Pcs,Brandy,/files/media/product/county 250ml.jpeg,County
627,DON MONTEGO BRANDY(AGED 5 YEARS )750ML,Pcs,Brandy,/files/media/product/don-montego-vsop.webp,Don montego
626,DON MONTEGO (AGED 5 YEARS)250ML,Pcs,Brandy,/files/media/product/don montego 250ml.png,Don montego
625,DON MONTEGO (AGE 5 YEARS) 500ML,Pcs,Brandy,/files/media/product/donmontego(age5years)500ml.jpeg,Don montego
1203,KING OF ARAK 500ml,Pcs,Brandy,/files/media/product/KING OF ARAK 500ml.jpg,King of Arak
1235,KWV 15YRS BRANDY 750ml,Pcs,Brandy,/files/media/product/KWV 15YRS BRANDY 750ML.jpeg,Kwv
2280,NAPOLEON GOLD 750ML,Pcs,Brandy,/files/media/product/NAPOLEON GOLD 750ML.jpg,NAPOLEON
1665,RICHOT 750ML,Pcs,Brandy,/files/media/product/richot750ml.jpg,Richot
1664,RICHOT 350ML,Pcs,Brandy,/files/media/product/richot-350ml.webp,Richot
1663,RICHOT 250ML,Pcs,Brandy,/files/media/product/richot250ml.png,Richot
1986,THREE BARREL'S 1LT,Pcs,Brandy,/files/media/product/three_barrels_1l.webp,Three Barrels
2062,VICEROY 750ML,Pcs,Brandy,/files/media/product/viceroy.png,Viceroy
2061,VICEROY 375ML,Pcs,Brandy,/files/media/product/viceroy375ml.webp,Viceroy
2060,VICEROY 250ML,Pcs,Brandy,/files/media/product/viceroy250ml.webp,Viceroy
1215,KLIPORIFT 750ML,Pcs,Brandy,/files/media/product/KLIPDRIFT 750ML.jpeg,KLIPDRIFT
1477,MORPHEUS 750ML,Pcs,Brandy,/files/media/product/MORPHEUS 750ML.jpeg,MORPHEUS
1747,SANDEMAN FINE RUBY 700ML,Pcs,Brandy,/files/media/product/SANDEMAN FINE RUBY 700ML.jpg,SANDEMAN
1783,SHUSHTOFF BRANDY 3YRS 500ML,Pcs,Brandy,/files/media/product/shushtoffbrandy3yrs500ml.png,SHUSTOFF
1237,KWV 5YRS 750 ML,Pcs,Brandy,/files/media/product/kwv5yrs750ml.jpeg,Kwv
1786,SHUSTOFF 3YRS 1LTR,Pcs,Brandy,/files/media/product/SHUSTOFF 3YRS 1LTR.webp,SHUSTOFF
1234,KWV 12YRS BRANDY 750ML,Pcs,Brandy,/files/media/product/kwvbrandy12years750ml.jpeg,Kwv
1233,KWV 10YRS BRANDY 750ml,Pcs,Brandy,/files/media/product/kwvbrand10years750ml.jpeg,Kwv
1572,ORIGIN BITTERS 750ML,Pcs,Bitters,/files/media/product/originbitters750ml.jpeg,Origin
99,ANGOSTURA 200ML,Pcs,Bitters,/files/media/product/angostura200ml.png,Angostura
685,FERNET BRANCA LIQUEUR 700ML,Pcs,Bitters,/files/media/product/fernetbranca700ml.jpeg,Fernet Branca
1646,RED BULL 0.0 250ML,Pcs,Beverage,/files/media/product/RED BULL 0.0 250ML.webp,Red Bull
2008,TONIC WATER 500ML,Pcs,Beverage,/files/media/product/Tonic-Water.jpg,Schweppes
1850,SODA WATER 500ML,Pcs,Beverage,/files/media/product/sodawater.jpg,Schweppes
1727,S. PELLEGRINO 750ML,Pcs,Beverage,/files/media/product/S. PELLEGRRINO 750.jpeg,S. Pellegrino
580,DASANI DRINKING WATER 500ML,Pcs,Beverage,/files/media/product/Dasani Drinking Water 500ml.jpeg,Dasani
579,DASANI DRINKING WATER 1LTR,Pcs,Beverage,/files/media/product/DASANI DRINKING WATER 1L.webp,Dasani
2161,KERINGET SPARKLING WATER 1L,Pcs,Beverage,/files/media/product/KERINGET DRINKING WATER 1L.jpg,Keringet
1187,KERINGET MINERAL WATER 500ML,Pcs,Beverage,/files/media/product/KERINGET MINERAL WATER 500ML.webp,Keringet
1186,KERINGET MINERAL WATER 1LTR,Pcs,Beverage,/files/media/product/KERINGET MINERAL WATER 1LTR.jpg,KERINGET
2348,MAYERS SPARKLING 1LTR,Pcs,Beverage,/files/media/product/MAYERS SPARKLING 1LTR.jpg,MAYERS
2237,MAYERS DRINKING WATER 1LTR,Pcs,Beverage,/files/media/product/MAYERS DRINKING WATER 1LTR.jpg,MAYERS
594,DELMONTE TROPICAL 1LTR,Pcs,Beverage,/files/media/product/delmontetropical1ltr.jpg,Delmonte
884,GORDON'S &TONIC PURPLE 330ml,Pcs,Beverage,/files/media/product/GORDON'S &TONIC PURPLE 330ML.jpg,Gordon's
713,FITCH & LEEDES LEMONADE CAN 200ML,Pcs,Beverage,/files/media/product/fitchleedeslemonadecan200ml.webp,Fitch & Leedes
719,FITCH & LEEDES PINK TONIC SUGAR FREE CAN 200ML,Pcs,Beverage,/files/media/product/fitch-&-leedes-pink-tonic.webp,Fitch & Leedes
718,FITCH & LEEDES PINK TONIC CAN 200ML,Pcs,Beverage,/files/media/product/fitchleedespinktoniccan200ml.webp,Fitch & Leedes
712,FITCH & LEEDES INDIAN TONIC SUGAR FREE CAN 200ML,Pcs,Beverage,/files/media/product/fitchleedesindiantonicsugarfreecan200ml.jpeg,Fitch & Leedes
711,FITCH & LEEDES INDIAN TONIC CAN 200ML,Pcs,Beverage,/files/media/product/fitchleedesindiantoniccan200ml.jpg_480Wx480H,Fitch & Leedes
709,FITCH & LEEDES GINGER ALE CAN 200ML,Pcs,Beverage,/files/media/product/fitchleedesgingeralecan200ml.webp,Fitch & Leedes
2248,SPRITE 2LTR,Pcs,Beverage,/files/media/product/SPRITE 2LTR.jpg,SPRITE
509,COKE 500ML,Pcs,Beverage,/files/media/product/COKE-500ML-1.jpg,Coke
2860,Coke 350ml,Pcs,Beverage,/files/media/product/coke350ml.jpg_480Wx480H,Coke
508,COKE 350ML,Pcs,Beverage,/files/media/product/coke350ml.jpg_480Wx480H,Coke
507,COKE 2LTR,Pcs,Beverage,/files/media/product/coke2ltr.jpg,Coke
506,COKE 1.25LTR,Pcs,Beverage,/files/media/product/cocacola 1.25l.png,Coke
1232,KREST 500ML,Pcs,Beverage,/files/media/product/krestbitterlemon500mlpet.jpg,Krest
1618,PET SODA 500ML,Pcs,Beverage,/files/media/product/PET SODA 500ML.jpeg,Pet
1866,SPRITE 500ML,Pcs,Beverage,/files/media/product/Sprite-500ml.jpeg,Sprite
1865,SPRITE 1.25LTR,Pcs,Beverage,/files/media/product/SPRITE1.25Ltr.jpg,Sprite
1892,STONEY 500ML,Pcs,Beverage,/files/media/product/stoney500ml.jpeg,Stoney
889,GORDON'S PINK&TONIC 330ml,Pcs,Beverage,/files/media/product/GORDON'S PINK&TONIC 330ML.jpeg,Gordon's
592,DELMONTE PINEAPPLE 1LTR,Pcs,Beverage,/files/media/product/delmonte-pineapple-removebg-preview_406x.webp,Delmonte
2431,SMIRNOFF ICE PINEAPPLE PUNCH 330ML,Pcs,Beverage,/files/media/product/SMIRNOFF ICE PINEAPPLE PUNCH 330ML.avif,Smirnoff
2167,58 SPICED ORANGE 330ML CAN,Pcs,Beverage,/files/media/product/58 SPICED ORANGE 330ML CAN.webp,58 KO
588,DELMONTE MIXED BERRY 1LTR,Pcs,Beverage,/files/media/product/delmonte mixed berries.png,Delmonte
2164,KO MANGO & CHILLI 330ML,Pcs,Beverage,/files/media/product/KO MANGO & CHILLI 330ML.webp,Kenyan Originals
593,DELMONTE PINEAPPLE MANGO 1LTR,Pcs,Beverage,/files/media/product/delmontepineapplemango1ltr.jpg_480Wx480H,Delmonte
587,DELMONTE MANGO 1LTR,Pcs,Beverage,/files/media/product/mango.png,Delmonte
1608,PEP LIME JUICE 700ML,Pcs,Beverage,/files/media/product/peplimejuice700ml.jpeg,Pep lime
1607,PEP LIME JUICE 1.5LT,Pcs,Beverage,/files/media/product/peplimejuice15ltr.jpeg,Pep lime
1288,LIME JUICE 700ML,Pcs,Beverage,/files/media/product/limejuice700ml.jpeg,Pep Lime
1287,LEMONADE 300ML,Pcs,Beverage,/files/media/product/Untitled design(4).png,Lemonade
1840,SMIRNOFF GUARANA ELECTRIC ICE 330ML,Pcs,Beverage,/files/media/product/smirnoffguaranaelectricice330ml.jpeg,Smirnoff
922,GRENADINE SYRUP 750ML,Pcs,Beverage,/files/media/product/Grenadine-Syrup-750ml-600x600-1.jpg,Grenadine
2168,58 VERY BERRY G&T 330ML CAN,Pcs,Beverage,/files/media/product/58 VERY BERRY G&T 330ML CAN.webp,58 KO
2166,58 CLASSIC G&T 330ML CAN,Pcs,Beverage,/files/media/product/58 CLASSIC G&T 330ML CAN.png,58 KO
1474,MONSTER ENERGY 500ML,Pcs,Beverage,/files/media/product/monsterenergy.jpg,Monster
2242,RED BLAZE 150ML,Pcs,Beverage,/files/media/product/RED BLAZE 150ML.jpg,RED BLAZE
1647,RED BULL 250ML,Pcs,Beverage,/files/media/product/redbull250ml.jpg,Red Bull
1821,SMIRNOFF - BLACK ICE 330ML,Pcs,Beverage,/files/media/product/smirnoffblackice330ml.jpg,Smirnoff
586,DELMONTE APPLE 1LTR,Pcs,Beverage,/files/media/product/Greenspoon-Kenya-Del-Monte-Apple-Juice-1L.webp,Delmonte
947,HEINEKEN 0.0 NRB 330ML,Pcs,Beer,/files/media/product/heineken0.0330ml.jpg,Heineken
600,DESPERADOS TEQ BEER 330ML,Pcs,Beer,/files/media/product/desperadosteqbeer330ml.webp,Desperados
1543,OETTINGER SUPER FORTE EXTRA STRONG BEER 500ML,Pcs,Beer,/files/media/product/oettingersuperforteextrastrongbeer500ml.jpg_480Wx480H,Oettinger
683,FAXE CAN 500ML,Pcs,Beer,/files/media/product/images.jpeg,Faxe
1549,OJ 16% BEER,Pcs,Beer,/files/media/product/oj16500ml.webp,OJ
1212,KINGFISHER STRAWBERRY 300ML,Pcs,Beer,/files/media/product/Kingfisher-Strawberry-300ml-600x600-1.jpg,Kingfisher
928,GUINESS SMOOTH CAN 500ML,Pcs,Beer,/files/media/product/guinness smooth.jpg,Guiness
1386,MANYATTA PINEAPPLE MINT 330ML,Pcs,Beer,/files/media/product/MANYATTA PINEAPPLE MINT 330ML.jpeg,MANYATTA
1222,KO PASSION&LIME 330ML,Pcs,Beer,/files/media/product/KO-passion-lime.jpg,Kenyan Originals
1223,KO PINEAPPLE & MINT 330ML,Pcs,Beer,/files/media/product/KO-pineapple-mint-600x600.jpg,Kenyan Originals
2434,TUSKER MALT 500ML,Pcs,Beer,/files/media/product/tusker-malt.png,Tusker
2433,TUSKER LITE 500ML,Pcs,Beer,/files/media/product/tuskerlite500ml.jpg,Tusker
1220,KO LIME&GINGER 330ML,Pcs,Beer,/files/media/product/kolimeginger.webp,Kenyan Originals
1385,MANYATTA LEMON & GINGER CIDER 330ML,Pcs,Beer,/files/media/product/images (13).jpeg,MANYATTA
1765,SAVANNA ANGRY LEMON 330ML,Pcs,Beer,/files/media/product/SAVANA ANGRY LEMON 330ML.jpg,Savana
170,BALOZI CANS 500ML,Pcs,Beer,/files/media/product/balozicans500ml.png,Balozi
529,CORONA EXTRA 355ML,Pcs,Beer,/files/media/product/coronaextra355ml.webp,Corona
2424,GUINESS CAN 500ML,Pcs,Beer,/files/media/product/guiness.jpg,Guiness
949,HEINEKEN CAN 500ML,Pcs,Beer,/files/media/product/Untitled design(1).png,Heineken
948,HEINEKEN BOTTLE 330 ML,Pcs,Beer,/files/media/product/Heineken.jpg,Heineken
1626,PILSNER CAN 500ML,Pcs,Beer,/files/media/product/pilsnercan500ml.jpg,Pilsner
2432,TUSKER LAGER 500ML,Pcs,Beer,/files/media/product/tuskerlager500ml.jpg,Tusker
2435,WHITECAP LAGER 500ML,Pcs,Beer,/files/media/product/whitecaplager500ml.jpg_480Wx480H,Whitecap
998,HUNTERS GOLD 330ML,Pcs,Beer,/files/media/product/huntersgold330ml.jpg,Hunters
1221,KO MANGO & GINGER 330ML,Pcs,Beer,/files/media/product/komangoginger330ml.jpeg,Kenyan Originals
704,FITCH & LEEDES CLASSIC GINGER BEER 300ML,Pcs,Beer,/files/media/product/gingerfitch&leeds.jpg,Fitch & Leedes
1383,MANYATTA MANGO & GINGER 330ML,Pcs,Beer,/files/media/product/MANYATTA MANGO & GINGER 330ML.jpeg,MANYATTA
997,HUNTERS DRY 330ML,Pcs,Beer,/files/media/product/huntersdry330ml.jpeg,Hunters dry
2127,WINDHOEK DRAUGHT NRB 440ML,Pcs,Beer,/files/media/product/windhoekdraughtnrb330ml.jpeg,Windhoek
2088,WHITECAP CRISP 330ML,Pcs,Beer,/files/media/product/whitecap crisp 330ml.jpeg,Whitecap
599,DESPERADOS 500ML,Pcs,Beer,/files/media/product/desperados500ml.jpeg,Desperados
1384,MANYATTA CIDER 330ML,Pcs,Beer,/files/media/product/images (14).jpeg,MANYATTA
1764,SAVANNA DRY BOTTLE 330ML,Pcs,Beer,/files/media/product/savanadrybottle330ml.jpg_480Wx480H,Savana
2026,TUSKER CIDER 500ML,Pcs,Beer,/files/media/product/tuskercider500ml.jpg,Tusker
1685,ROLLER PREMIUM CRISP APPLE 330ml,Pcs,Beer,/files/media/product/ROLLER PREMIUM CRISP APPLE 330ml.jpeg,Roller
1846,SNAPP APPLE CAN 330ML,Pcs,Beer,/files/media/product/snappapplecan330ml.webp,Snapp
