ID,Thumbnail,Item Code,Website Image
WEB-ITM-1875,/files/media/product/TWINS DRY WHITE BLANCO 5L.webp,2934,/files/media/product/TWINS DRY WHITE BLANCO 5L.webp
WEB-ITM-1874,/files/media/product/TWINS DRY RED TINTO 5L.jpg,2933,/files/media/product/TWINS DRY RED TINTO 5L.jpg
WEB-ITM-1873,/files/media/product/TERRA LINDA CHARDONNAY WHITE 750ML.jpeg,2978,/files/media/product/TERRA LINDA CHARDONNAY WHITE 750ML.jpeg
WEB-ITM-1872,/files/media/product/SIGNORE GIUSEPPE PROSECCO SPUMANTE WHITE 750ML.webp,2979,/files/media/product/SIGNORE GIUSEPPE PROSECCO SPUMANTE WHITE 750ML.webp
WEB-ITM-1871,/files/media/product/SIGNORE GIUSEPPE PROSECCO SPUMANTE ROSE 750ML.jpg,2980,/files/media/product/SIGNORE GIUSEPPE PROSECCO SPUMANTE ROSE 750ML.jpg
WEB-ITM-1870,/files/media/product/PINTA NEGRA WHITE 5L.jpeg,2988,/files/media/product/PINTA NEGRA WHITE 5L.jpeg
WEB-ITM-1869,/files/media/product/PINTA NEGRA VINHO VERDE WHITE WINE 750ML.jpg,2992,/files/media/product/PINTA NEGRA VINHO VERDE WHITE WINE 750ML.jpg
WEB-ITM-1868,/files/media/product/PINTA NEGRA SWEET WHITE WINE 2025 750ML.jpg,2991,/files/media/product/PINTA NEGRA SWEET WHITE WINE 2025 750ML.jpg
WEB-ITM-1867,/files/media/product/PINTA NEGRA SWEET WHITE WINE 2024 750ML.jpg,2996,/files/media/product/PINTA NEGRA SWEET WHITE WINE 2024 750ML.jpg
WEB-ITM-1866,/files/media/product/PINTA NEGRA SWEET RED WINE 750ML.jpeg,2995,/files/media/product/PINTA NEGRA SWEET RED WINE 750ML.jpeg
WEB-ITM-1865,/files/media/product/PINTA NEGRA RED 5L.webp,2989,/files/media/product/PINTA NEGRA RED 5L.webp
WEB-ITM-1864,/files/media/product/PINTA NEGRA DRY RED WINE 750ML.jpg,2990,/files/media/product/PINTA NEGRA DRY RED WINE 750ML.jpg
WEB-ITM-1863,/files/media/product/PEARLY BAY SWEET RED 750ml.jpg,1600,/files/media/product/PEARLY BAY SWEET RED 750ml.jpg
WEB-ITM-1862,/files/media/product/LA CONSULTA MALBEC.webp,2945,/files/media/product/LA CONSULTA MALBEC.webp
WEB-ITM-1861,/files/media/product/GRANDE RESERVE LE LYS ROUGE BORDEAUX RED 750ML.jpg,2923,/files/media/product/GRANDE RESERVE LE LYS ROUGE BORDEAUX RED 750ML.jpg
WEB-ITM-1860,/files/media/product/FANTINEL SPUMANTE ZUCCOLO PROSECCO EXTRA-DRY 750ML.webp,2999,/files/media/product/FANTINEL SPUMANTE ZUCCOLO PROSECCO EXTRA-DRY 750ML.webp
WEB-ITM-1859,/files/media/product/CALVET CINSUALT ROSE 750ML.jpg,2982,/files/media/product/CALVET CINSUALT ROSE 750ML.jpg
WEB-ITM-1858,/files/media/product/CALVET CHARDONNAY WHITE 750ML.webp,2981,/files/media/product/CALVET CHARDONNAY WHITE 750ML.webp
WEB-ITM-1857,/files/media/product/BRUCE JACK CHENIN BLANC 750ML.webp,289,/files/media/product/BRUCE JACK CHENIN BLANC 750ML.webp
WEB-ITM-1856,/files/media/product/ADEGAMAE TERRAS DE LISBOA SWEET WHITE WINE 850ML.webp,2994,/files/media/product/ADEGAMAE TERRAS DE LISBOA SWEET WHITE WINE 850ML.webp
WEB-ITM-1855,/files/media/product/ADEGAMAE TERRAS DE LISBOA DRY RED 750ML.webp,2993,/files/media/product/ADEGAMAE TERRAS DE LISBOA DRY RED 750ML.webp
WEB-ITM-1854,/files/media/product/ADEGAMAE MAR LINDO SWEET WHITE 750ML.png,2998,/files/media/product/ADEGAMAE MAR LINDO SWEET WHITE 750ML.png
WEB-ITM-1853,/files/media/product/ADEGAMAE MAR LINDO DRY RED 750ML.webp,2997,/files/media/product/ADEGAMAE MAR LINDO DRY RED 750ML.webp
WEB-ITM-1852,/files/media/product/THE YAMAZAKI 12YRS 700ML.png,2954,/files/media/product/THE YAMAZAKI 12YRS 700ML.png
WEB-ITM-1851,/files/media/product/THE GLENLIVET 21 YO 43% 700ML.jpeg,1973,/files/media/product/THE GLENLIVET 21 YO 43% 700ML.jpeg
WEB-ITM-1850,/files/media/product/TEELING WHISKY 700ML.jpg,2958,/files/media/product/TEELING WHISKY 700ML.jpg
WEB-ITM-1849,/files/media/product/SINGLETON ARTISAN 1L.jpg,2956,/files/media/product/SINGLETON ARTISAN 1L.jpg
WEB-ITM-1848,/files/media/product/PROPER TWELVE IRISH WHISKY 1LTR.png,1636,/files/media/product/PROPER TWELVE IRISH WHISKY 1LTR.png
WEB-ITM-1847,/files/media/product/JOHNNIE WALKER XR 19YRS 750ML.jpg,2976,/files/media/product/JOHNNIE WALKER XR 19YRS 750ML.jpg
WEB-ITM-1846,/files/media/product/JOHNNIE WALKER BLACK RUBY LITRE.jpg,2966,/files/media/product/JOHNNIE WALKER BLACK RUBY LITRE.jpg
WEB-ITM-1845,/files/media/product/JAMESON TRIPLE TRIPLE MARSALA LITRE.webp,2965,/files/media/product/JAMESON TRIPLE TRIPLE MARSALA LITRE.webp
WEB-ITM-1844,/files/media/product/JAMESON BLACK BARREL 1L.webp,2935,/files/media/product/JAMESON BLACK BARREL 1L.webp
WEB-ITM-1843,/files/media/product/JACK DANIELS BLACK BERRY 700ML.webp,2940,/files/media/product/JACK DANIELS BLACK BERRY 700ML.webp
WEB-ITM-1842,/files/media/product/JACK DANIELS 1.75L.webp,2951,/files/media/product/JACK DANIELS 1.75L.webp
WEB-ITM-1841,/files/media/product/GRANTS SUMMER ORANGE 700ML.webp,2949,/files/media/product/GRANTS SUMMER ORANGE 700ML.webp
WEB-ITM-1840,/files/media/product/GRANTS SELECT WHISKY 750ML.webp,911,/files/media/product/GRANTS SELECT WHISKY 750ML.webp
WEB-ITM-1839,/files/media/product/GLEN SCANLAN 4.5L.jpg,2967,/files/media/product/GLEN SCANLAN 4.5L.jpg
WEB-ITM-1838,/files/media/product/GLENGRANT 12YRS MALT SCOTCH WHISKY 700ML.webp,862,/files/media/product/GLENGRANT 12YRS MALT SCOTCH WHISKY 700ML.webp
WEB-ITM-1837,/files/media/product/EARLY TIMES WHISKY 700ML.webp,3001,/files/media/product/EARLY TIMES WHISKY 700ML.webp
WEB-ITM-1836,/files/media/product/CANADIAN BLACK VELVET 1L.jpeg,3000,/files/media/product/CANADIAN BLACK VELVET 1L.jpeg
WEB-ITM-1835,/files/media/product/BUSHMILL SHERRY CASK 1LTR.webp,2977,/files/media/product/BUSHMILL SHERRY CASK 1LTR.webp
WEB-ITM-1834,/files/media/product/ORIGIN 250ML.avif,1571,/files/media/product/ORIGIN 250ML.avif
WEB-ITM-1833,/files/media/product/M-16 RIFLE ABSOLUTE STANDARD PREMIUM VODKA 700ML.jpg,2970,/files/media/product/M-16 RIFLE ABSOLUTE STANDARD PREMIUM VODKA 700ML.jpg
WEB-ITM-1832,/files/media/product/LEGENDARY ABSOLUTE PREMIUM VODKA AK-47 700ML.jpg,2968,/files/media/product/LEGENDARY ABSOLUTE PREMIUM VODKA AK-47 700ML.jpg
WEB-ITM-1831,/files/media/product/FIRE STARTER VODKA 700ML.webp,2962,/files/media/product/FIRE STARTER VODKA 700ML.webp
WEB-ITM-1830,/files/media/product/AMSTERDAM CANNABIS SATIVA VODKA 700ML.jpg,2971,/files/media/product/AMSTERDAM CANNABIS SATIVA VODKA 700ML.jpg
WEB-ITM-1829,/files/media/product/VAPENGIN 6500 PODS PUFFS.webp,2942,/files/media/product/VAPENGIN 6500 PODS PUFFS.webp
WEB-ITM-1828,/files/media/product/VAPENGIN 13000 PODS PUFFS.jpg,2941,/files/media/product/VAPENGIN 13000 PODS PUFFS.jpg
WEB-ITM-1827,/files/media/product/EROS POD 20000 PUFFS.webp,2943,/files/media/product/EROS POD 20000 PUFFS.webp
WEB-ITM-1826,/files/media/product/EROS KIT WATERMELON ICE.webp,2928,/files/media/product/EROS KIT WATERMELON ICE.webp
WEB-ITM-1825,/files/media/product/EROS KIT TROPICAL ICE.webp,2932,/files/media/product/EROS KIT TROPICAL ICE.webp
WEB-ITM-1824,/files/media/product/EROS KIT PEACH MANGO ICE.webp,2930,/files/media/product/EROS KIT PEACH MANGO ICE.webp
WEB-ITM-1823,/files/media/product/EROS KIT GRAPE ICE.webp,2929,/files/media/product/EROS KIT GRAPE ICE.webp
WEB-ITM-1822,/files/media/product/EROS KIT COOL MINT.webp,2931,/files/media/product/EROS KIT COOL MINT.webp
WEB-ITM-1821,/files/media/product/EROS BATTERY.webp,2944,/files/media/product/EROS BATTERY.webp
WEB-ITM-1820,"/files/media/product/SIERRA TROPICAL CHILI, PASSIONFRUIT & MANGO 700ML.webp",3003,"/files/media/product/SIERRA TROPICAL CHILI, PASSIONFRUIT & MANGO 700ML.webp"
WEB-ITM-1819,/files/media/product/HAVANA CLUB ANEJO 3YRS TEQUILA 700ML.jpeg,942,/files/media/product/HAVANA CLUB ANEJO 3YRS TEQUILA 700ML.jpeg
WEB-ITM-1818,/files/media/product/DON JULIO 70 CRISTALINO 700ML.jpg,2952,/files/media/product/DON JULIO 70 CRISTALINO 700ML.jpg
WEB-ITM-1817,/files/media/product/ALTA AZUL TEQUILA REPOSADO 1LTR.webp,2973,/files/media/product/ALTA AZUL TEQUILA REPOSADO 1LTR.webp
WEB-ITM-1816,/files/media/product/ALTA AZUL TEQUILA BLANCO 1LTR.webp,2974,/files/media/product/ALTA AZUL TEQUILA BLANCO 1LTR.webp
WEB-ITM-1815,/files/media/product/FANTA BLACKCURRANT 1L.webp,3006,/files/media/product/FANTA BLACKCURRANT 1L.webp
WEB-ITM-1814,/files/media/product/DAWA GINGER DRINK 1L.webp,2946,/files/media/product/DAWA GINGER DRINK 1L.webp
WEB-ITM-1813,/files/media/product/CHARGED LEMON BURST ENERGY DRINK 330ML.webp,3005,/files/media/product/CHARGED LEMON BURST ENERGY DRINK 330ML.webp
WEB-ITM-1812,/files/media/product/CHARGED ELECTRIC PINEAPPLE ENERGY DRINK 330ML.webp,3004,/files/media/product/CHARGED ELECTRIC PINEAPPLE ENERGY DRINK 330ML.webp
WEB-ITM-1811,/files/media/product/CAPTAIN MORGAN TIKI MANGO & PINEAPPLE 700ML.jpg,2961,/files/media/product/CAPTAIN MORGAN TIKI MANGO & PINEAPPLE 700ML.jpg
WEB-ITM-1810,/files/media/product/BACARDI LIMON 750ML.webp,2975,/files/media/product/BACARDI LIMON 750ML.webp
WEB-ITM-1809,/files/media/product/VELO 5 DOT JADE GREEN.webp,2908,/files/media/product/VELO 5 DOT JADE GREEN.webp
WEB-ITM-1808,/files/media/product/VELO 3 DOT JADE GREEN.webp,2048,/files/media/product/VELO 3 DOT JADE GREEN.webp
WEB-ITM-1807,/files/media/product/VELO 3 DOT INDIGO BLUE.webp,2907,/files/media/product/VELO 3 DOT INDIGO BLUE.webp
WEB-ITM-1806,/files/media/product/SPORTMAN KING SIZE.jpg,2910,/files/media/product/SPORTMAN KING SIZE.jpg
WEB-ITM-1805,/files/media/product/UNDERBERG NATURAL HERBAL BITTER 20ML.jpeg,2953,/files/media/product/UNDERBERG NATURAL HERBAL BITTER 20ML.jpeg
WEB-ITM-1804,/files/media/product/SALMARI PREMIUM LIQOUR 3L.jpg,2964,/files/media/product/SALMARI PREMIUM LIQOUR 3L.jpg
WEB-ITM-1803,/files/media/product/JAGERMEISTER ORANGE 700ML.png,2938,/files/media/product/JAGERMEISTER ORANGE 700ML.png
WEB-ITM-1802,/files/media/product/JAGERMEISTER ORANGE 1L.webp,2939,/files/media/product/JAGERMEISTER ORANGE 1L.webp
WEB-ITM-1801,/files/media/product/JAGERMEISTER 3L.avif,2937,/files/media/product/JAGERMEISTER 3L.avif
WEB-ITM-1800,/files/media/product/ICE TROPEZ 275ML.webp,2960,/files/media/product/ICE TROPEZ 275ML.webp
WEB-ITM-1799,/files/media/product/HEERING CHERRY LIQUEUR 700ML.jpg,2959,/files/media/product/HEERING CHERRY LIQUEUR 700ML.jpg
WEB-ITM-1798,/files/media/product/AMSTERDAM CANNABIS SATIVA RUM 700ML.jpg,2955,/files/media/product/AMSTERDAM CANNABIS SATIVA RUM 700ML.jpg
WEB-ITM-1797,/files/media/product/TANQUERAY 0.0 700ML.jpg,2963,/files/media/product/TANQUERAY 0.0 700ML.jpg
WEB-ITM-1796,/files/media/product/FOUR PILLARS OLIVE LEAF GIN 700ML.webp,762,/files/media/product/FOUR PILLARS OLIVE LEAF GIN 700ML.webp
WEB-ITM-1795,/files/media/product/FIRE STARTER GIN 700ML.jpeg,2957,/files/media/product/FIRE STARTER GIN 700ML.jpeg
WEB-ITM-1794,/files/media/product/BAILEYS MINT CHOCOLATE 1L.jpeg,2936,/files/media/product/BAILEYS MINT CHOCOLATE 1L.jpeg
WEB-ITM-1793,/files/media/product/HENNESSY XO COGNAC 1.5L.webp,2985,/files/media/product/HENNESSY XO COGNAC 1.5L.webp
WEB-ITM-1792,/files/media/product/VEUVE CLICQUOT DEMI-SEC 750ML.jpeg,2972,/files/media/product/VEUVE CLICQUOT DEMI-SEC 750ML.jpeg
WEB-ITM-1791,/files/media/product/LOUIS ROEDERER CHAMPAGNE CRISTAL BRUT 2013 1.5L.webp,2969,/files/media/product/LOUIS ROEDERER CHAMPAGNE CRISTAL BRUT 2013 1.5L.webp
WEB-ITM-1790,/files/media/product/ST REMY XO FRENCH BRANDY 750ML.jpeg,1874,/files/media/product/ST REMY XO FRENCH BRANDY 750ML.jpeg
WEB-ITM-1789,/files/media/product/CHROME BRANDY 750 ML.png,2984,/files/media/product/CHROME BRANDY 750 ML.png
WEB-ITM-1788,/files/media/product/CHROME BRANDY 250 ML.webp,2983,/files/media/product/CHROME BRANDY 250 ML.webp
WEB-ITM-1787,/files/media/product/snappapplecan330ml.webp,1846,/files/media/product/snappapplecan330ml.webp
WEB-ITM-1786,/files/media/product/ROLLER PREMIUM CRISP APPLE 330ml.jpeg,1685,/files/media/product/ROLLER PREMIUM CRISP APPLE 330ml.jpeg
WEB-ITM-1785,/files/media/product/tuskercider500ml.jpg,2026,/files/media/product/tuskercider500ml.jpg
WEB-ITM-1784,/files/media/product/savanadrybottle330ml.jpg_480Wx480H,1764,/files/media/product/savanadrybottle330ml.jpg_480Wx480H
WEB-ITM-1783,/files/media/product/images (14).jpeg,1384,/files/media/product/images (14).jpeg
WEB-ITM-1782,/files/media/product/desperados500ml.jpeg,599,/files/media/product/desperados500ml.jpeg
WEB-ITM-1781,/files/media/product/whitecap crisp 330ml.jpeg,2088,/files/media/product/whitecap crisp 330ml.jpeg
WEB-ITM-1780,/files/media/product/MANYATTA MANGO & GINGER 330ML.jpeg,1383,/files/media/product/MANYATTA MANGO & GINGER 330ML.jpeg
WEB-ITM-1779,/files/media/product/gingerfitch&leeds.jpg,704,/files/media/product/gingerfitch&leeds.jpg
WEB-ITM-1778,/files/media/product/komangoginger330ml.jpeg,1221,/files/media/product/komangoginger330ml.jpeg
WEB-ITM-1777,/files/media/product/huntersgold330ml.jpg,998,/files/media/product/huntersgold330ml.jpg
WEB-ITM-1776,/files/media/product/whitecaplager500ml.jpg_480Wx480H,2435,/files/media/product/whitecaplager500ml.jpg_480Wx480H
WEB-ITM-1775,/files/media/product/tuskerlager500ml.jpg,2432,/files/media/product/tuskerlager500ml.jpg
WEB-ITM-1774,/files/media/product/pilsnercan500ml.jpg,1626,/files/media/product/pilsnercan500ml.jpg
WEB-ITM-1773,/files/media/product/Untitled design(1).png,949,/files/media/product/Untitled design(1).png
WEB-ITM-1772,/files/media/product/coronaextra355ml.webp,529,/files/media/product/coronaextra355ml.webp
WEB-ITM-1771,/files/media/product/balozicans500ml.png,170,/files/media/product/balozicans500ml.png
WEB-ITM-1770,/files/media/product/SAVANA ANGRY LEMON 330ML.jpg,1765,/files/media/product/SAVANA ANGRY LEMON 330ML.jpg
WEB-ITM-1769,/files/media/product/images (13).jpeg,1385,/files/media/product/images (13).jpeg
WEB-ITM-1768,/files/media/product/kolimeginger.webp,1220,/files/media/product/kolimeginger.webp
WEB-ITM-1767,/files/media/product/tuskerlite500ml.jpg,2433,/files/media/product/tuskerlite500ml.jpg
WEB-ITM-1766,/files/media/product/KO-pineapple-mint-600x600.jpg,1223,/files/media/product/KO-pineapple-mint-600x600.jpg
WEB-ITM-1765,/files/media/product/MANYATTA PINEAPPLE MINT 330ML.jpeg,1386,/files/media/product/MANYATTA PINEAPPLE MINT 330ML.jpeg
WEB-ITM-1764,/files/media/product/guinness smooth.jpg,928,/files/media/product/guinness smooth.jpg
WEB-ITM-1763,/files/media/product/Kingfisher-Strawberry-300ml-600x600-1.jpg,1212,/files/media/product/Kingfisher-Strawberry-300ml-600x600-1.jpg
WEB-ITM-1762,/files/media/product/oj16500ml.webp,1549,/files/media/product/oj16500ml.webp
WEB-ITM-1761,/files/media/product/images.jpeg,683,/files/media/product/images.jpeg
WEB-ITM-1760,/files/media/product/oettingersuperforteextrastrongbeer500ml.jpg_480Wx480H,1543,/files/media/product/oettingersuperforteextrastrongbeer500ml.jpg_480Wx480H
WEB-ITM-1759,/files/media/product/heineken0.0330ml.jpg,947,/files/media/product/heineken0.0330ml.jpg
WEB-ITM-1758,/files/media/product/Greenspoon-Kenya-Del-Monte-Apple-Juice-1L.webp,586,/files/media/product/Greenspoon-Kenya-Del-Monte-Apple-Juice-1L.webp
WEB-ITM-1757,/files/media/product/smirnoffblackice330ml.jpg,1821,/files/media/product/smirnoffblackice330ml.jpg
WEB-ITM-1756,/files/media/product/RED BLAZE 150ML.jpg,2242,/files/media/product/RED BLAZE 150ML.jpg
WEB-ITM-1755,/files/media/product/monsterenergy.jpg,1474,/files/media/product/monsterenergy.jpg
WEB-ITM-1754,/files/media/product/58 CLASSIC G&T 330ML CAN.png,2166,/files/media/product/58 CLASSIC G&T 330ML CAN.png
WEB-ITM-1753,/files/media/product/58 VERY BERRY G&T 330ML CAN.webp,2168,/files/media/product/58 VERY BERRY G&T 330ML CAN.webp
WEB-ITM-1752,/files/media/product/Grenadine-Syrup-750ml-600x600-1.jpg,922,/files/media/product/Grenadine-Syrup-750ml-600x600-1.jpg
WEB-ITM-1751,/files/media/product/Untitled design(4).png,1287,/files/media/product/Untitled design(4).png
WEB-ITM-1750,/files/media/product/limejuice700ml.jpeg,1288,/files/media/product/limejuice700ml.jpeg
WEB-ITM-1749,/files/media/product/peplimejuice15ltr.jpeg,1607,/files/media/product/peplimejuice15ltr.jpeg
WEB-ITM-1748,/files/media/product/peplimejuice700ml.jpeg,1608,/files/media/product/peplimejuice700ml.jpeg
WEB-ITM-1747,/files/media/product/delmontepineapplemango1ltr.jpg_480Wx480H,593,/files/media/product/delmontepineapplemango1ltr.jpg_480Wx480H
WEB-ITM-1746,/files/media/product/KO MANGO & CHILLI 330ML.webp,2164,/files/media/product/KO MANGO & CHILLI 330ML.webp
WEB-ITM-1745,/files/media/product/delmonte mixed berries.png,588,/files/media/product/delmonte mixed berries.png
WEB-ITM-1744,/files/media/product/58 SPICED ORANGE 330ML CAN.webp,2167,/files/media/product/58 SPICED ORANGE 330ML CAN.webp
WEB-ITM-1743,/files/media/product/SMIRNOFF ICE PINEAPPLE PUNCH 330ML.avif,2431,/files/media/product/SMIRNOFF ICE PINEAPPLE PUNCH 330ML.avif
WEB-ITM-1742,/files/media/product/delmonte-pineapple-removebg-preview_406x.webp,592,/files/media/product/delmonte-pineapple-removebg-preview_406x.webp
WEB-ITM-1741,/files/media/product/stoney500ml.jpeg,1892,/files/media/product/stoney500ml.jpeg
WEB-ITM-1740,/files/media/product/SPRITE1.25Ltr.jpg,1865,/files/media/product/SPRITE1.25Ltr.jpg
WEB-ITM-1739,/files/media/product/PET SODA 500ML.jpeg,1618,/files/media/product/PET SODA 500ML.jpeg
WEB-ITM-1738,/files/media/product/krestbitterlemon500mlpet.jpg,1232,/files/media/product/krestbitterlemon500mlpet.jpg
WEB-ITM-1737,/files/media/product/cocacola 1.25l.png,506,/files/media/product/cocacola 1.25l.png
WEB-ITM-1736,/files/media/product/coke2ltr.jpg,507,/files/media/product/coke2ltr.jpg
WEB-ITM-1735,/files/media/product/coke350ml.jpg_480Wx480H,508,/files/media/product/coke350ml.jpg_480Wx480H
WEB-ITM-1734,/files/media/product/COKE-500ML-1.jpg,509,/files/media/product/COKE-500ML-1.jpg
WEB-ITM-1733,/files/media/product/SPRITE 2LTR.jpg,2248,/files/media/product/SPRITE 2LTR.jpg
WEB-ITM-1732,/files/media/product/fitchleedesindiantoniccan200ml.jpg_480Wx480H,711,/files/media/product/fitchleedesindiantoniccan200ml.jpg_480Wx480H
WEB-ITM-1731,/files/media/product/fitchleedesindiantonicsugarfreecan200ml.jpeg,712,/files/media/product/fitchleedesindiantonicsugarfreecan200ml.jpeg
WEB-ITM-1730,/files/media/product/fitchleedespinktoniccan200ml.webp,718,/files/media/product/fitchleedespinktoniccan200ml.webp
WEB-ITM-1729,/files/media/product/fitch-&-leedes-pink-tonic.webp,719,/files/media/product/fitch-&-leedes-pink-tonic.webp
WEB-ITM-1728,/files/media/product/fitchleedeslemonadecan200ml.webp,713,/files/media/product/fitchleedeslemonadecan200ml.webp
WEB-ITM-1727,/files/media/product/GORDON'S &TONIC PURPLE 330ML.jpg,884,/files/media/product/GORDON'S &TONIC PURPLE 330ML.jpg
WEB-ITM-1726,/files/media/product/delmontetropical1ltr.jpg,594,/files/media/product/delmontetropical1ltr.jpg
WEB-ITM-1725,/files/media/product/MAYERS SPARKLING 1LTR.jpg,2348,/files/media/product/MAYERS SPARKLING 1LTR.jpg
WEB-ITM-1724,/files/media/product/KERINGET MINERAL WATER 1LTR.jpg,1186,/files/media/product/KERINGET MINERAL WATER 1LTR.jpg
WEB-ITM-1723,/files/media/product/KERINGET DRINKING WATER 1L.jpg,2161,/files/media/product/KERINGET DRINKING WATER 1L.jpg
WEB-ITM-1722,/files/media/product/DASANI DRINKING WATER 1L.webp,579,/files/media/product/DASANI DRINKING WATER 1L.webp
WEB-ITM-1721,/files/media/product/Dasani Drinking Water 500ml.jpeg,580,/files/media/product/Dasani Drinking Water 500ml.jpeg
WEB-ITM-1720,/files/media/product/S. PELLEGRRINO 750.jpeg,1727,/files/media/product/S. PELLEGRRINO 750.jpeg
WEB-ITM-1719,/files/media/product/Tonic-Water.jpg,2008,/files/media/product/Tonic-Water.jpg
WEB-ITM-1718,/files/media/product/RED BULL 0.0 250ML.webp,1646,/files/media/product/RED BULL 0.0 250ML.webp
WEB-ITM-1717,/files/media/product/fernetbranca700ml.jpeg,685,/files/media/product/fernetbranca700ml.jpeg
WEB-ITM-1716,/files/media/product/angostura200ml.png,99,/files/media/product/angostura200ml.png
WEB-ITM-1715,/files/media/product/kwvbrand10years750ml.jpeg,1233,/files/media/product/kwvbrand10years750ml.jpeg
WEB-ITM-1714,/files/media/product/kwvbrandy12years750ml.jpeg,1234,/files/media/product/kwvbrandy12years750ml.jpeg
WEB-ITM-1713,/files/media/product/SHUSTOFF 3YRS 1LTR.webp,1786,/files/media/product/SHUSTOFF 3YRS 1LTR.webp
WEB-ITM-1712,/files/media/product/shushtoffbrandy3yrs500ml.png,1783,/files/media/product/shushtoffbrandy3yrs500ml.png
WEB-ITM-1711,/files/media/product/SANDEMAN FINE RUBY 700ML.jpg,1747,/files/media/product/SANDEMAN FINE RUBY 700ML.jpg
WEB-ITM-1710,/files/media/product/MORPHEUS 750ML.jpeg,1477,/files/media/product/MORPHEUS 750ML.jpeg
WEB-ITM-1709,/files/media/product/KLIPDRIFT 750ML.jpeg,1215,/files/media/product/KLIPDRIFT 750ML.jpeg
WEB-ITM-1708,/files/media/product/viceroy250ml.webp,2060,/files/media/product/viceroy250ml.webp
WEB-ITM-1707,/files/media/product/viceroy.png,2062,/files/media/product/viceroy.png
WEB-ITM-1706,/files/media/product/richot250ml.png,1663,/files/media/product/richot250ml.png
WEB-ITM-1705,/files/media/product/richot-350ml.webp,1664,/files/media/product/richot-350ml.webp
WEB-ITM-1704,/files/media/product/richot750ml.jpg,1665,/files/media/product/richot750ml.jpg
WEB-ITM-1703,/files/media/product/NAPOLEON GOLD 750ML.jpg,2280,/files/media/product/NAPOLEON GOLD 750ML.jpg
WEB-ITM-1702,/files/media/product/KWV 15YRS BRANDY 750ML.jpeg,1235,/files/media/product/KWV 15YRS BRANDY 750ML.jpeg
WEB-ITM-1701,/files/media/product/KING OF ARAK 500ml.jpg,1203,/files/media/product/KING OF ARAK 500ml.jpg
WEB-ITM-1700,/files/media/product/donmontego(age5years)500ml.jpeg,625,/files/media/product/donmontego(age5years)500ml.jpeg
WEB-ITM-1699,/files/media/product/don montego 250ml.png,626,/files/media/product/don montego 250ml.png
WEB-ITM-1698,/files/media/product/don-montego-vsop.webp,627,/files/media/product/don-montego-vsop.webp
WEB-ITM-1697,/files/media/product/CICERO BRANDY 350ML.webp,2185,/files/media/product/CICERO BRANDY 350ML.webp
WEB-ITM-1696,/files/media/product/BERTRAMS TRIPLE 'R' 750ml.png,214,/files/media/product/BERTRAMS TRIPLE 'R' 750ml.png
WEB-ITM-1695,/files/media/product/bertramsvoold750ml.jpg,215,/files/media/product/bertramsvoold750ml.jpg
WEB-ITM-1694,/files/media/product/stremyvsopfrenchbrandy1ltr.webp,1872,/files/media/product/stremyvsopfrenchbrandy1ltr.webp
WEB-ITM-1693,/files/media/product/stremy.jpeg,1873,/files/media/product/stremy.jpeg
WEB-ITM-1692,/files/media/product/JP CHENET VSOP 700ML.jpeg,1156,/files/media/product/JP CHENET VSOP 700ML.jpeg
WEB-ITM-1691,/files/media/product/MARTEL CORDON BLEU 1LTR.webp,1391,/files/media/product/MARTEL CORDON BLEU 1LTR.webp
WEB-ITM-1690,/files/media/product/martelcordonbleu700ml.jpeg,2800,/files/media/product/martelcordonbleu700ml.jpeg
WEB-ITM-1689,/files/media/product/HENNESSY MASTER BLENDER'S 500ML.webp,959,/files/media/product/HENNESSY MASTER BLENDER'S 500ML.webp
WEB-ITM-1688,/files/media/product/remy martinaccordroyal.jpg,1655,/files/media/product/remy martinaccordroyal.jpg
WEB-ITM-1687,/files/media/product/martelblue.webp,1390,/files/media/product/martelblue.webp
WEB-ITM-1686,/files/media/product/martelvs1ltr.webp,1392,/files/media/product/martelvs1ltr.webp
WEB-ITM-1685,/files/media/product/Martell-VS-Single-Distillery.jpg,1395,/files/media/product/Martell-VS-Single-Distillery.jpg
WEB-ITM-1684,/files/media/product/hennessy350ml.jpeg,961,/files/media/product/hennessy350ml.jpeg
WEB-ITM-1683,/files/media/product/courvoisiervs1ltr.jpeg,536,/files/media/product/courvoisiervs1ltr.jpeg
WEB-ITM-1682,/files/media/product/courvoisiervs700ml.jpg,537,/files/media/product/courvoisiervs700ml.jpg
WEB-ITM-1681,/files/media/product/camusvs.png,359,/files/media/product/camusvs.png
WEB-ITM-1680,/files/media/product/camusvs700ml.webp,360,/files/media/product/camusvs700ml.webp
WEB-ITM-1679,/files/media/product/remy-martin-vsop-1l.jpg,1652,/files/media/product/remy-martin-vsop-1l.jpg
WEB-ITM-1678,/files/media/product/brandy-cognac-cognac-remy-martin-vsop-1l.webp,1653,/files/media/product/brandy-cognac-cognac-remy-martin-vsop-1l.webp
WEB-ITM-1677,/files/media/product/martellvsop_1024x.webp,1393,/files/media/product/martellvsop_1024x.webp
WEB-ITM-1676,/files/media/product/Hennessyvsop.webp,963,/files/media/product/Hennessyvsop.webp
WEB-ITM-1675,/files/media/product/HENNESSY VSOP 350ML.png,964,/files/media/product/HENNESSY VSOP 350ML.png
WEB-ITM-1674,/files/media/product/Hennessy-VSOP-600x600.png,965,/files/media/product/Hennessy-VSOP-600x600.png
WEB-ITM-1673,/files/media/product/Courvoisier-VSOP-Cognac-750-ml_1.png,538,/files/media/product/Courvoisier-VSOP-Cognac-750-ml_1.png
WEB-ITM-1672,/files/media/product/courvoisiervsop700ml.jpeg,539,/files/media/product/courvoisiervsop700ml.jpeg
WEB-ITM-1671,/files/media/product/camuscognac_vsop.jpg,361,/files/media/product/camuscognac_vsop.jpg
WEB-ITM-1670,/files/media/product/beehive vsop.jpeg,192,/files/media/product/beehive vsop.jpeg
WEB-ITM-1669,/files/media/product/remymartinxo1ltr.jpeg,1654,/files/media/product/remymartinxo1ltr.jpeg
WEB-ITM-1668,/files/media/product/martellxo40700ml.jpeg,1398,/files/media/product/martellxo40700ml.jpeg
WEB-ITM-1667,/files/media/product/hennessy xo.avif,966,/files/media/product/hennessy xo.avif
WEB-ITM-1666,/files/media/product/hennessy-xo.webp,967,/files/media/product/hennessy-xo.webp
WEB-ITM-1665,/files/media/product/CAMUS XO 1LTR.webp,2268,/files/media/product/CAMUS XO 1LTR.webp
WEB-ITM-1664,/files/media/product/camus xo.jpeg,363,/files/media/product/camus xo.jpeg
WEB-ITM-1663,/files/media/product/BAILEYS SALTED CARAMEL 700ML.jpeg,155,/files/media/product/BAILEYS SALTED CARAMEL 700ML.jpeg
WEB-ITM-1662,/files/media/product/SCOTTISH LEADER ORIGINAL 1LTR.jpg,93,/files/media/product/SCOTTISH LEADER ORIGINAL 1LTR.jpg
WEB-ITM-1661,/files/media/product/strawberrylips750ml.jpg,1897,/files/media/product/strawberrylips750ml.jpg
WEB-ITM-1660,/files/media/product/VELVET CREAM LIQUEUR 750ML.jpg,2049,/files/media/product/VELVET CREAM LIQUEUR 750ML.jpg
WEB-ITM-1659,/files/media/product/royal rhino cream 750ml.jpeg,1712,/files/media/product/royal rhino cream 750ml.jpeg
WEB-ITM-1658,/files/media/product/27-harveys-bristol-cream-sherry.jpg,940,/files/media/product/27-harveys-bristol-cream-sherry.jpg
WEB-ITM-1657,/files/media/product/baileyscream1ltr.webp,148,/files/media/product/baileyscream1ltr.webp
WEB-ITM-1656,/files/media/product/baileys-original-irish-cream.png,150,/files/media/product/baileys-original-irish-cream.png
WEB-ITM-1655,/files/media/product/amarula1ltr.jpeg,90,/files/media/product/amarula1ltr.jpeg
WEB-ITM-1654,/files/media/product/amarula-375ml.jpg,91,/files/media/product/amarula-375ml.jpg
WEB-ITM-1653,/files/media/product/amarula_raspberry.jpg,94,/files/media/product/amarula_raspberry.jpg
WEB-ITM-1652,/files/media/product/baileys velvet.jpg,154,/files/media/product/baileys velvet.jpg
WEB-ITM-1651,/files/media/product/BAILEYS VANILLA 1LTR.jpg,157,/files/media/product/BAILEYS VANILLA 1LTR.jpg
WEB-ITM-1650,/files/media/product/inverrocheginamber750ml.jpeg,1009,/files/media/product/inverrocheginamber750ml.jpeg
WEB-ITM-1649,/files/media/product/WhitleyNeillBloodOrangeGin.webp,2099,/files/media/product/WhitleyNeillBloodOrangeGin.webp
WEB-ITM-1648,/files/media/product/malfyorange.webp,1373,/files/media/product/malfyorange.webp
WEB-ITM-1647,/files/media/product/BEEFEATER BLOOD ORANGE 750ML.jpg,2261,/files/media/product/BEEFEATER BLOOD ORANGE 750ML.jpg
WEB-ITM-1646,/files/media/product/grenallsgin.png,915,/files/media/product/grenallsgin.png
WEB-ITM-1645,/files/media/product/beefeater-clear-gin.webp,188,/files/media/product/beefeater-clear-gin.webp
WEB-ITM-1644,/files/media/product/TANQUERAY RANGPUR 750ML.jpeg,1941,/files/media/product/TANQUERAY RANGPUR 750ML.jpeg
WEB-ITM-1643,/files/media/product/WINDSOR GIN 1LTR.jpg,2128,/files/media/product/WINDSOR GIN 1LTR.jpg
WEB-ITM-1642,/files/media/product/VALE GIN 750ML.jpg,2043,/files/media/product/VALE GIN 750ML.jpg
WEB-ITM-1641,/files/media/product/TOBERMORY GIN 750ML.jpeg,1997,/files/media/product/TOBERMORY GIN 750ML.jpeg
WEB-ITM-1640,/files/media/product/THE BOTANIST GIN 1LTR.jpeg,1958,/files/media/product/THE BOTANIST GIN 1LTR.jpeg
WEB-ITM-1639,/files/media/product/tanqueray101ltr.webp,1936,/files/media/product/tanqueray101ltr.webp
WEB-ITM-1638,/files/media/product/SOLO AVIATOR 500ML.jpeg,1852,/files/media/product/SOLO AVIATOR 500ML.jpeg
WEB-ITM-1637,/files/media/product/SIPSMINTH LONDON LTR.jpeg,2284,/files/media/product/SIPSMINTH LONDON LTR.jpeg
WEB-ITM-1636,/files/media/product/RIVAGE GIN 1LTR.jpg,2281,/files/media/product/RIVAGE GIN 1LTR.jpg
WEB-ITM-1635,/files/media/product/PLY MOUTH GIN 1LTR.jpeg,1631,/files/media/product/PLY MOUTH GIN 1LTR.jpeg
WEB-ITM-1634,/files/media/product/MR. BOSTON GIN 750ml.webp,1482,/files/media/product/MR. BOSTON GIN 750ml.webp
WEB-ITM-1633,/files/media/product/monkey47500ml.png,1469,/files/media/product/monkey47500ml.png
WEB-ITM-1632,/files/media/product/MAD CHIMP 1LTR.jpeg,1349,/files/media/product/MAD CHIMP 1LTR.jpeg
WEB-ITM-1631,/files/media/product/LORDSON DRY GIN 750ML.jpeg,1300,/files/media/product/LORDSON DRY GIN 750ML.jpeg
WEB-ITM-1630,/files/media/product/KINGSTONE GIN 1LTR.webp,2225,/files/media/product/KINGSTONE GIN 1LTR.webp
WEB-ITM-1629,/files/media/product/King-Robert-Gin-1L.png,1205,/files/media/product/King-Robert-Gin-1L.png
WEB-ITM-1628,/files/media/product/KIBAO GIN 250ML.jpeg,1200,/files/media/product/KIBAO GIN 250ML.jpeg
WEB-ITM-1627,/files/media/product/KIBAO GIN 350ML.webp,1201,/files/media/product/KIBAO GIN 350ML.webp
WEB-ITM-1626,/files/media/product/kensington.webp,1176,/files/media/product/kensington.webp
WEB-ITM-1625,/files/media/product/IRISH MIST 1LTR.jpg,2294,/files/media/product/IRISH MIST 1LTR.jpg
WEB-ITM-1624,/files/media/product/INVERROCHE CLASSIC 750ML.jpeg,1008,/files/media/product/INVERROCHE CLASSIC 750ML.jpeg
WEB-ITM-1623,/files/media/product/HUNTING LODGE GIN 750ML.webp,1000,/files/media/product/HUNTING LODGE GIN 750ML.webp
WEB-ITM-1622,/files/media/product/hendrick'samarziniagin1ltr.jpeg,951,/files/media/product/hendrick'samarziniagin1ltr.jpeg
WEB-ITM-1621,/files/media/product/Hendricks-Orbium-Gin-700ml.webp,953,/files/media/product/Hendricks-Orbium-Gin-700ml.webp
WEB-ITM-1620,/files/media/product/HENDRICKS 350ML.png,955,/files/media/product/HENDRICKS 350ML.png
WEB-ITM-1619,/files/media/product/hendricks750ml.jpg,957,/files/media/product/hendricks750ml.jpg
WEB-ITM-1618,/files/media/product/haymansgin750ml.jpeg,946,/files/media/product/haymansgin750ml.jpeg
WEB-ITM-1617,/files/media/product/gordons-london-dry-gin.png,885,/files/media/product/gordons-london-dry-gin.png
WEB-ITM-1616,/files/media/product/gordonsoriginal1ltr.jpg_480Wx480H,888,/files/media/product/gordonsoriginal1ltr.jpg_480Wx480H
WEB-ITM-1615,/files/media/product/GLEN'S GIN 1LTR.jpeg,835,/files/media/product/GLEN'S GIN 1LTR.jpeg
WEB-ITM-1614,/files/media/product/ginmare-botella.webp,832,/files/media/product/ginmare-botella.webp
WEB-ITM-1613,/files/media/product/ginmare700ml.jpeg,833,/files/media/product/ginmare700ml.jpeg
WEB-ITM-1612,/files/media/product/gilbeys350ml.jpg,2422,/files/media/product/gilbeys350ml.jpg
WEB-ITM-1611,/files/media/product/gilbeys.jpg,2423,/files/media/product/gilbeys.jpg
WEB-ITM-1610,/files/media/product/gibson'sgin70c.jpg,821,/files/media/product/gibson'sgin70c.jpg
WEB-ITM-1609,/files/media/product/fourpillars_bloody.jpg,760,/files/media/product/fourpillars_bloody.jpg
WEB-ITM-1608,/files/media/product/four pillars.jpeg,761,/files/media/product/four pillars.jpeg
WEB-ITM-1607,/files/media/product/chromegin250ml.jpg,2419,/files/media/product/chromegin250ml.jpg
WEB-ITM-1606,/files/media/product/images (19).jpeg,388,/files/media/product/images (19).jpeg
WEB-ITM-1605,/files/media/product/brooklyn.jpg,282,/files/media/product/brooklyn.jpg
WEB-ITM-1604,/files/media/product/BROKER'S GIN 1LTR.jpg,279,/files/media/product/BROKER'S GIN 1LTR.jpg
WEB-ITM-1603,/files/media/product/BROKERS GIN 700ml.webp,281,/files/media/product/BROKERS GIN 700ml.webp
WEB-ITM-1602,/files/media/product/BOMBAY DRY GIN 1LTR.jpg,261,/files/media/product/BOMBAY DRY GIN 1LTR.jpg
WEB-ITM-1601,/files/media/product/bloomlondongin.jpg,243,/files/media/product/bloomlondongin.jpg
WEB-ITM-1600,/files/media/product/bestgin250ml.webp,218,/files/media/product/bestgin250ml.webp
WEB-ITM-1599,/files/media/product/beefeater40350ml.png,189,/files/media/product/beefeater40350ml.png
WEB-ITM-1598,/files/media/product/SCOTTISH LEADER ORIGINAL 1LTR.jpg,22,/files/media/product/SCOTTISH LEADER ORIGINAL 1LTR.jpg
WEB-ITM-1597,/files/media/product/whitleyneillblackberrygin750ml.jpg,2098,/files/media/product/whitleyneillblackberrygin750ml.jpg
WEB-ITM-1596,/files/media/product/koclassicgin750ml.jpeg,1219,/files/media/product/koclassicgin750ml.jpeg
WEB-ITM-1595,/files/media/product/Kenyan-Originals-58-Classic-Gin.webp,21,/files/media/product/Kenyan-Originals-58-Classic-Gin.webp
WEB-ITM-1594,/files/media/product/58orangegin750ml.jpg,2165,/files/media/product/58orangegin750ml.jpg
WEB-ITM-1593,/files/media/product/whitleyneillproteahibiscusgin750ml.jpg,2104,/files/media/product/whitleyneillproteahibiscusgin750ml.jpg
WEB-ITM-1592,/files/media/product/OBC-Spirits-Four-Pillars-Rare-Dry-Gin.webp,763,/files/media/product/OBC-Spirits-Four-Pillars-Rare-Dry-Gin.webp
WEB-ITM-1591,/files/media/product/greenallssloegin700ml.jpg,920,/files/media/product/greenallssloegin700ml.jpg
WEB-ITM-1590,/files/media/product/four-pillars-spiced-negroni-gin-1.png,764,/files/media/product/four-pillars-spiced-negroni-gin-1.png
WEB-ITM-1589,/files/media/product/tanqueray.webp,1944,/files/media/product/tanqueray.webp
WEB-ITM-1588,/files/media/product/martini_extra_dry.jpg,1404,/files/media/product/martini_extra_dry.jpg
WEB-ITM-1587,/files/media/product/WHITLEY NEIL ALOE & CUCUMBER 1LTR.jpg,2093,/files/media/product/WHITLEY NEIL ALOE & CUCUMBER 1LTR.jpg
WEB-ITM-1586,/files/media/product/WHITLEY NEIL BLOOD ORANGE GIN 1LTR.jpeg,2095,/files/media/product/WHITLEY NEIL BLOOD ORANGE GIN 1LTR.jpeg
WEB-ITM-1585,/files/media/product/bombaybrumble.webp,260,/files/media/product/bombaybrumble.webp
WEB-ITM-1584,/files/media/product/kotambuzi.webp,1226,/files/media/product/kotambuzi.webp
WEB-ITM-1583,/files/media/product/WHITLEY NEILL RASBERRY GIN 750ML.webp,2107,/files/media/product/WHITLEY NEILL RASBERRY GIN 750ML.webp
WEB-ITM-1582,/files/media/product/STRETTON RUBY ORANGE 750ML.jpeg,1898,/files/media/product/STRETTON RUBY ORANGE 750ML.jpeg
WEB-ITM-1581,/files/media/product/STRETTON`S TRIPPLE BERRY 750ML.jpeg,1900,/files/media/product/STRETTON`S TRIPPLE BERRY 750ML.jpeg
WEB-ITM-1580,/files/media/product/STRETTON`S WILD BERRIES 750ML.jpeg,1901,/files/media/product/STRETTON`S WILD BERRIES 750ML.jpeg
WEB-ITM-1579,/files/media/product/beefeater-pink-gin.webp,191,/files/media/product/beefeater-pink-gin.webp
WEB-ITM-1578,/files/media/product/Drumshanbo-Gunpowder-Irish-Gin-700ml.jpg,931,/files/media/product/Drumshanbo-Gunpowder-Irish-Gin-700ml.jpg
WEB-ITM-1577,/files/media/product/MALFY GIN LEMON 1LTR.jpg,1370,/files/media/product/MALFY GIN LEMON 1LTR.jpg
WEB-ITM-1576,/files/media/product/MalfyLimoneTransp.webp,1374,/files/media/product/MalfyLimoneTransp.webp
WEB-ITM-1575,/files/media/product/chromelemon250ml,472,/files/media/product/chromelemon250ml
WEB-ITM-1574,/files/media/product/whitleyneil.png,2100,/files/media/product/whitleyneil.png
WEB-ITM-1573,/files/media/product/Whitley-Neil-Lemon-Grass-1Lt-Gin.jpg,2101,/files/media/product/Whitley-Neil-Lemon-Grass-1Lt-Gin.jpg
WEB-ITM-1572,/files/media/product/gin-hendrick-s-lunar-70cl.jpg,954,/files/media/product/gin-hendrick-s-lunar-70cl.jpg
WEB-ITM-1571,/files/media/product/tanqueray.webp,1939,/files/media/product/tanqueray.webp
WEB-ITM-1570,/files/media/product/58 SPICED ORANGE GIN 350ML.webp,2169,/files/media/product/58 SPICED ORANGE GIN 350ML.webp
WEB-ITM-1569,/files/media/product/ZAFIRO ORANGE 1LTR.webp,2343,/files/media/product/ZAFIRO ORANGE 1LTR.webp
WEB-ITM-1568,/files/media/product/GORDONS MEDITERANEAN ORANGE 700ML.jpg,887,/files/media/product/GORDONS MEDITERANEAN ORANGE 700ML.jpg
WEB-ITM-1567,/files/media/product/whitleyneilloriginalgin1ltr.jpg,2102,/files/media/product/whitleyneilloriginalgin1ltr.jpg
WEB-ITM-1566,/files/media/product/malfyginsoriginal750ml.jpeg,1375,/files/media/product/malfyginsoriginal750ml.jpeg
WEB-ITM-1565,/files/media/product/WHITLEY NEILL PARMA VIOLET 700ML.webp,2319,/files/media/product/WHITLEY NEILL PARMA VIOLET 700ML.webp
WEB-ITM-1564,/files/media/product/ NEW AMSTERDAM PEACH 750ml.jpeg,1528,/files/media/product/ NEW AMSTERDAM PEACH 750ml.jpeg
WEB-ITM-1563,/files/media/product/gordonpink700ml.jpg,882,/files/media/product/gordonpink700ml.jpg
WEB-ITM-1562,/files/media/product/gordonpinkgin1ltr.webp,883,/files/media/product/gordonpinkgin1ltr.webp
WEB-ITM-1561,/files/media/product/gibsons-pink-gin.webp,822,/files/media/product/gibsons-pink-gin.webp
WEB-ITM-1560,/files/media/product/BROKER'S PINK GIN 750ML.webp,280,/files/media/product/BROKER'S PINK GIN 750ML.webp
WEB-ITM-1559,/files/media/product/GREENALLS WILD BERRY PINK 700ML.webp,921,/files/media/product/GREENALLS WILD BERRY PINK 700ML.webp
WEB-ITM-1558,/files/media/product/WHITLEY NEILL PROTEA & HIBISCUS 750ML.webp,2096,/files/media/product/WHITLEY NEILL PROTEA & HIBISCUS 750ML.webp
WEB-ITM-1557,/files/media/product/TANQUERAY RANGPUR GIN 1LTR.webp,1940,/files/media/product/TANQUERAY RANGPUR GIN 1LTR.webp
WEB-ITM-1556,/files/media/product/whitleyneillrasberrygin1ltr.jpg,2106,/files/media/product/whitleyneillrasberrygin1ltr.jpg
WEB-ITM-1555,/files/media/product/GREENALLS RASPBERRY 700ML.jpg,2198,/files/media/product/GREENALLS RASPBERRY 700ML.jpg
WEB-ITM-1554,/files/media/product/WHITLEY NEILL RHUBARB & GINGER GIN 750ML.jpeg,2109,/files/media/product/WHITLEY NEILL RHUBARB & GINGER GIN 750ML.jpeg
WEB-ITM-1553,/files/media/product/malfy-grapefruit-gin_500x.webp,1376,/files/media/product/malfy-grapefruit-gin_500x.webp
WEB-ITM-1552,/files/media/product/bloomjasminerosegin700ml.jpg,242,/files/media/product/bloomjasminerosegin700ml.jpg
WEB-ITM-1551,/files/media/product/bombaysaphire.jpg,266,/files/media/product/bombaysaphire.jpg
WEB-ITM-1550,/files/media/product/tanqueraysevilia.webp,1937,/files/media/product/tanqueraysevilia.webp
WEB-ITM-1549,/files/media/product/rosed'argentstrawberrygin700ml.jpeg,1690,/files/media/product/rosed'argentstrawberrygin700ml.jpeg
WEB-ITM-1548,/files/media/product/ten.webp,1938,/files/media/product/ten.webp
WEB-ITM-1547,/files/media/product/inverrocheginverdant750ml.jpeg,1010,/files/media/product/inverrocheginverdant750ml.jpeg
WEB-ITM-1546,/files/media/product/greenalls-wildberry-pink-gin.png,916,/files/media/product/greenalls-wildberry-pink-gin.png
WEB-ITM-1545,/files/media/product/APEROL 700ML.avif,105,/files/media/product/APEROL 700ML.avif
WEB-ITM-1544,/files/media/product/tangsourapple750ml.jpeg,1931,/files/media/product/tangsourapple750ml.jpeg
WEB-ITM-1543,/files/media/product/camparimilanobitter750ml.jpg,358,/files/media/product/camparimilanobitter750ml.jpg
WEB-ITM-1542,/files/media/product/zappa black.jpg,2145,/files/media/product/zappa black.jpg
WEB-ITM-1541,/files/media/product/zappa blue.jpg,2146,/files/media/product/zappa blue.jpg
WEB-ITM-1540,/files/media/product/BUTLERS BLUE CURACAO 750ML.jpeg,317,/files/media/product/BUTLERS BLUE CURACAO 750ML.jpeg
WEB-ITM-1539,/files/media/product/BOLS BLUE CURACAO 750ML.jpg,256,/files/media/product/BOLS BLUE CURACAO 750ML.jpg
WEB-ITM-1538,/files/media/product/TANG SOUR CHERRY 750ML.jpeg,1932,/files/media/product/TANG SOUR CHERRY 750ML.jpeg
WEB-ITM-1537,/files/media/product/Zappa-Original-Sambuca-1.jpg,2147,/files/media/product/Zappa-Original-Sambuca-1.jpg
WEB-ITM-1536,/files/media/product/Sheridans-1-Litre.jpg,1781,/files/media/product/Sheridans-1-Litre.jpg
WEB-ITM-1535,/files/media/product/kahlua.webp,1167,/files/media/product/kahlua.webp
WEB-ITM-1534,/files/media/product/kahlua20700ml.jpg,1168,/files/media/product/kahlua20700ml.jpg
WEB-ITM-1533,/files/media/product/kahlua.webp,1169,/files/media/product/kahlua.webp
WEB-ITM-1532,/files/media/product/sheridans750ml.jpeg,1782,/files/media/product/sheridans750ml.jpeg
WEB-ITM-1531,/files/media/product/BUTLERS ESPRESSO 750ML.jpeg,321,/files/media/product/BUTLERS ESPRESSO 750ML.jpeg
WEB-ITM-1530,/files/media/product/jagermeister351ltr.jpeg,1046,/files/media/product/jagermeister351ltr.jpeg
WEB-ITM-1529,/files/media/product/jagermesiter1ltr.png,1050,/files/media/product/jagermesiter1ltr.png
WEB-ITM-1528,/files/media/product/va750ml.jpg,2042,/files/media/product/va750ml.jpg
WEB-ITM-1527,/files/media/product/Southern-Comfort-1ltr.jpeg,95,/files/media/product/Southern-Comfort-1ltr.jpeg
WEB-ITM-1526,/files/media/product/southerncomfort350ml.jpeg,1857,/files/media/product/southerncomfort350ml.jpeg
WEB-ITM-1525,/files/media/product/southern comfort.png,1858,/files/media/product/southern comfort.png
WEB-ITM-1524,/files/media/product/disarono 1ltr.jpeg,610,/files/media/product/disarono 1ltr.jpeg
WEB-ITM-1523,/files/media/product/southerncomfortblack.webp,1859,/files/media/product/southerncomfortblack.webp
WEB-ITM-1522,/files/media/product/BUTLERS CHERRY KIRSCH 700ML.webp,318,/files/media/product/BUTLERS CHERRY KIRSCH 700ML.webp
WEB-ITM-1521,/files/media/product/pimms-no-1.png,1628,/files/media/product/pimms-no-1.png
WEB-ITM-1520,/files/media/product/Zappa-Sambuca-Green-750ml.jpg,2148,/files/media/product/Zappa-Sambuca-Green-750ml.jpg
WEB-ITM-1519,/files/media/product/FRANGELICO 1LTR.webp,769,/files/media/product/FRANGELICO 1LTR.webp
WEB-ITM-1518,/files/media/product/FRANGELICO 1LTR.webp,768,/files/media/product/FRANGELICO 1LTR.webp
WEB-ITM-1517,/files/media/product/butlerscherrykirsch750ml.webp,319,/files/media/product/butlerscherrykirsch750ml.webp
WEB-ITM-1516,/files/media/product/GrandMarnier__43977__53201.1396284478.380.500-1.jpg,901,/files/media/product/GrandMarnier__43977__53201.1396284478.380.500-1.jpg
WEB-ITM-1515,/files/media/product/grandmanier350ml.jpg,902,/files/media/product/grandmanier350ml.jpg
WEB-ITM-1514,/files/media/product/product-cutout-cordon-rouge-min.webp,903,/files/media/product/product-cutout-cordon-rouge-min.webp
WEB-ITM-1513,/files/media/product/BOLS DRY ORANGE 750ML.jpeg,257,/files/media/product/BOLS DRY ORANGE 750ML.jpeg
WEB-ITM-1512,/files/media/product/jagermisrer350ml.png,1047,/files/media/product/jagermisrer350ml.png
WEB-ITM-1511,/files/media/product/campari-bitter.webp,357,/files/media/product/campari-bitter.webp
WEB-ITM-1510,/files/media/product/Cointreau_original_v4.jpg,504,/files/media/product/Cointreau_original_v4.jpg
WEB-ITM-1509,/files/media/product/Cointreau.webp,505,/files/media/product/Cointreau.webp
WEB-ITM-1508,/files/media/product/butlerstripplesec750ml.png,325,/files/media/product/butlerstripplesec750ml.png
WEB-ITM-1507,/files/media/product/bols.jpeg,259,/files/media/product/bols.jpeg
WEB-ITM-1506,/files/media/product/DISARONNO VELVET 700ML.jpeg,611,/files/media/product/DISARONNO VELVET 700ML.jpeg
WEB-ITM-1505,/files/media/product/735-7351769_captain-morgan-black-label-1-ltr-captain-morgan.png,376,/files/media/product/735-7351769_captain-morgan-black-label-1-ltr-captain-morgan.png
WEB-ITM-1504,/files/media/product/bacardiblack.jpg,136,/files/media/product/bacardiblack.jpg
WEB-ITM-1503,/files/media/product/bacardiblack.jpg,137,/files/media/product/bacardiblack.jpg
WEB-ITM-1502,/files/media/product/BACARDI CARTA NEGRA 1ltr.webp,140,/files/media/product/BACARDI CARTA NEGRA 1ltr.webp
WEB-ITM-1501,/files/media/product/BACARDI CARTA NEGRA 750ML.jpeg,141,/files/media/product/BACARDI CARTA NEGRA 750ML.jpeg
WEB-ITM-1500,/files/media/product/RED HEART 750ML.png,1648,/files/media/product/RED HEART 750ML.png
WEB-ITM-1499,/files/media/product/maliburumcoconut21750ml.jpg,1380,/files/media/product/maliburumcoconut21750ml.jpg
WEB-ITM-1498,/files/media/product/Myers-Rum-Key-Visual-Square.jpg,1493,/files/media/product/Myers-Rum-Key-Visual-Square.jpg
WEB-ITM-1497,/files/media/product/huntersdry330ml.jpeg,997,/files/media/product/huntersdry330ml.jpeg
WEB-ITM-1496,/files/media/product/guiness.jpg,2424,/files/media/product/guiness.jpg
WEB-ITM-1495,/files/media/product/KO-passion-lime.jpg,1222,/files/media/product/KO-passion-lime.jpg
WEB-ITM-1494,/files/media/product/redbull250ml.jpg,1647,/files/media/product/redbull250ml.jpg
WEB-ITM-1493,/files/media/product/mango.png,587,/files/media/product/mango.png
WEB-ITM-1492,/files/media/product/Sprite-500ml.jpeg,1866,/files/media/product/Sprite-500ml.jpeg
WEB-ITM-1491,/files/media/product/fitchleedesgingeralecan200ml.webp,709,/files/media/product/fitchleedesgingeralecan200ml.webp
WEB-ITM-1490,/files/media/product/KERINGET MINERAL WATER 500ML.webp,1187,/files/media/product/KERINGET MINERAL WATER 500ML.webp
WEB-ITM-1489,/files/media/product/originbitters750ml.jpeg,1572,/files/media/product/originbitters750ml.jpeg
WEB-ITM-1488,/files/media/product/viceroy375ml.webp,2061,/files/media/product/viceroy375ml.webp
WEB-ITM-1487,/files/media/product/COUNTY 750ML.jpeg,535,/files/media/product/COUNTY 750ML.jpeg
WEB-ITM-1486,/files/media/product/BRANDY MARNAT XO 750ML.webp,276,/files/media/product/BRANDY MARNAT XO 750ML.webp
WEB-ITM-1485,/files/media/product/VS_0.png,960,/files/media/product/VS_0.png
WEB-ITM-1484,/files/media/product/remy martin.webp,1658,/files/media/product/remy martin.webp
WEB-ITM-1483,/files/media/product/camusvsop700ml.jpg,362,/files/media/product/camusvsop700ml.jpg
WEB-ITM-1482,/files/media/product/BAILEYS EXPRESSO CR鑴燤E 1LTR.jpeg,153,/files/media/product/BAILEYS EXPRESSO CR鑴燤E 1LTR.jpeg
WEB-ITM-1481,/files/media/product/images (17).jpeg,156,/files/media/product/images (17).jpeg
WEB-ITM-1480,/files/media/product/SCOTTISH LEADER ORIGINAL 1LTR.jpg,2141,/files/media/product/SCOTTISH LEADER ORIGINAL 1LTR.jpg
WEB-ITM-1479,/files/media/product/OPIHR 1LTR.png,2338,/files/media/product/OPIHR 1LTR.png
WEB-ITM-1478,/files/media/product/KIBAO GIN 750ML.webp,1202,/files/media/product/KIBAO GIN 750ML.webp
WEB-ITM-1477,/files/media/product/Hendricks-Gin.jpg,956,/files/media/product/Hendricks-Gin.jpg
WEB-ITM-1476,/files/media/product/gilbeys250ml.jpg,2326,/files/media/product/gilbeys250ml.jpg
WEB-ITM-1475,/files/media/product/chromegin750ml.jpeg,471,/files/media/product/chromegin750ml.jpeg
WEB-ITM-1474,/files/media/product/bestgin750ml.png,219,/files/media/product/bestgin750ml.png
WEB-ITM-1473,/files/media/product/Bombay-Sapphire-Gin.jpg,264,/files/media/product/Bombay-Sapphire-Gin.jpg
WEB-ITM-1472,/files/media/product/TANQUERAY ROYALE GIN 700ML.jpg,1942,/files/media/product/TANQUERAY ROYALE GIN 700ML.jpg
WEB-ITM-1471,/files/media/product/GORDON`S SICILIAN LEMON 700ML.jpeg,891,/files/media/product/GORDON`S SICILIAN LEMON 700ML.jpeg
WEB-ITM-1470,/files/media/product/whitleyneiloriginal.jpg,2103,/files/media/product/whitleyneiloriginal.jpg
WEB-ITM-1469,/files/media/product/beefeaterpinkgin1ltr.webp,190,/files/media/product/beefeaterpinkgin1ltr.webp
WEB-ITM-1468,/files/media/product/KO BLUSH PREMIUM ROSE & CUCUMBER 750ML.webp,2226,/files/media/product/KO BLUSH PREMIUM ROSE & CUCUMBER 750ML.webp
WEB-ITM-1467,/files/media/product/aperolaperitivo750ml.jpeg,106,/files/media/product/aperolaperitivo750ml.jpeg
WEB-ITM-1466,/files/media/product/malibu.png,1377,/files/media/product/malibu.png
WEB-ITM-1465,/files/media/product/tiamaria_dark.webp,1991,/files/media/product/tiamaria_dark.webp
WEB-ITM-1464,/files/media/product/pimms 1l.webp,1627,/files/media/product/pimms 1l.webp
WEB-ITM-1463,/files/media/product/bolspeppermint75cl.webp,323,/files/media/product/bolspeppermint75cl.webp
WEB-ITM-1462,/files/media/product/ROYAL CIRCLE 1LTR.jpeg,1706,/files/media/product/ROYAL CIRCLE 1LTR.jpeg
WEB-ITM-1461,/files/media/product/9403-MYERS-RUM-DARK.webp,1494,/files/media/product/9403-MYERS-RUM-DARK.webp
WEB-ITM-1460,/files/media/product/KING ROBERT DARK RUM 1LTR.jpeg,1204,/files/media/product/KING ROBERT DARK RUM 1LTR.jpeg
WEB-ITM-1459,/files/media/product/oldmonk750ml.jpeg,1551,/files/media/product/oldmonk750ml.jpeg
WEB-ITM-1458,/files/media/product/BACARDI SUPERIOR 350ML.webp,146,/files/media/product/BACARDI SUPERIOR 350ML.webp
WEB-ITM-1457,/files/media/product/NEGRITA BARDINET 1LTR.webp,2322,/files/media/product/NEGRITA BARDINET 1LTR.webp
WEB-ITM-1456,/files/media/product/NEGRITA BARDINET ORIGINAL CARIBBEAN RUM 1LTR.jpeg,2323,/files/media/product/NEGRITA BARDINET ORIGINAL CARIBBEAN RUM 1LTR.jpeg
WEB-ITM-1455,/files/media/product/WILD TIGER SPICED 750ML.webp,2320,/files/media/product/WILD TIGER SPICED 750ML.webp
WEB-ITM-1454,/files/media/product/WILD TIGER SPICED RESERVE 750ML.webp,2321,/files/media/product/WILD TIGER SPICED RESERVE 750ML.webp
WEB-ITM-1453,/files/media/product/captain gold.jpg,374,/files/media/product/captain gold.jpg
WEB-ITM-1452,/files/media/product/1000010707.jpg,2417,/files/media/product/1000010707.jpg
WEB-ITM-1451,/files/media/product/Captain-Morgan-Gold-250ml.jpg,2418,/files/media/product/Captain-Morgan-Gold-250ml.jpg
WEB-ITM-1450,/files/media/product/BACARDIGOLDRUM.webp,142,/files/media/product/BACARDIGOLDRUM.webp
WEB-ITM-1449,/files/media/product/bacardigold.png,143,/files/media/product/bacardigold.png
WEB-ITM-1448,/files/media/product/barcardioakheart1ltr.jpg,172,/files/media/product/barcardioakheart1ltr.jpg
WEB-ITM-1447,/files/media/product/BACARDI OAKHEART 700ML.jpg,2240,/files/media/product/BACARDI OAKHEART 700ML.jpg
WEB-ITM-1446,/files/media/product/BACARDI RAZZ 1LTR.jpg,144,/files/media/product/BACARDI RAZZ 1LTR.jpg
WEB-ITM-1445,/files/media/product/captainmorganblackspiced1ltr.jpg,377,/files/media/product/captainmorganblackspiced1ltr.jpg
WEB-ITM-1444,/files/media/product/bacardirumspiced700ml.jpg,145,/files/media/product/bacardirumspiced700ml.jpg
WEB-ITM-1443,/files/media/product/bumburum700ml.jpg,306,/files/media/product/bumburum700ml.jpg
WEB-ITM-1442,/files/media/product/captainmorganwhiterum1ltr.webp,380,/files/media/product/captainmorganwhiterum1ltr.webp
WEB-ITM-1441,/files/media/product/BACARDI 750 ML.webp,138,/files/media/product/BACARDI 750 ML.webp
WEB-ITM-1440,/files/media/product/bacardicartablancawhite1ltr.jpg,139,/files/media/product/bacardicartablancawhite1ltr.jpg
WEB-ITM-1439,/files/media/product/havanaanejoespecial40700ml.webp,941,/files/media/product/havanaanejoespecial40700ml.webp
WEB-ITM-1438,/files/media/product/konyagi750ml.jpeg,1228,/files/media/product/konyagi750ml.jpeg
WEB-ITM-1437,/files/media/product/KENYA CANE LEMON & GINGER 250ML.webp,2331,/files/media/product/KENYA CANE LEMON & GINGER 250ML.webp
WEB-ITM-1436,/files/media/product/patronanejotequilla750ml.jpeg,1590,/files/media/product/patronanejotequilla750ml.jpeg
WEB-ITM-1435,/files/media/product/OLMECA ANEJO 750ML.jpeg,1558,/files/media/product/OLMECA ANEJO 750ML.jpeg
WEB-ITM-1434,/files/media/product/donjulioanejo750ml.jpg,622,/files/media/product/donjulioanejo750ml.jpg
WEB-ITM-1433,/files/media/product/1800 TEQUILA ANEJO 700ML.jpeg,7,/files/media/product/1800 TEQUILA ANEJO 700ML.jpeg
WEB-ITM-1432,/files/media/product/teremana reposado tequila 1 liter.jpeg,1954,/files/media/product/teremana reposado tequila 1 liter.jpeg
WEB-ITM-1431,/files/media/product/tequilaagavitablanco700ml.jpeg,1950,/files/media/product/tequilaagavitablanco700ml.jpeg
WEB-ITM-1430,/files/media/product/olmecablanco1ltr.jpeg,1559,/files/media/product/olmecablanco1ltr.jpeg
WEB-ITM-1429,/files/media/product/Olmeca_Blanco_Tequila_700ml.jpg,1560,/files/media/product/Olmeca_Blanco_Tequila_700ml.jpg
WEB-ITM-1428,/files/media/product/1800 Tequila Blanco 700ML.jpg,8,/files/media/product/1800 Tequila Blanco 700ML.jpg
WEB-ITM-1427,/files/media/product/jose cuervo.jpg,1130,/files/media/product/jose cuervo.jpg
WEB-ITM-1426,/files/media/product/caminoclear750ml.webp,355,/files/media/product/caminoclear750ml.webp
WEB-ITM-1425,/files/media/product/CLASE AZUL DURANGO 750ml.jpg,494,/files/media/product/CLASE AZUL DURANGO 750ml.jpg
WEB-ITM-1424,/files/media/product/tequilaagavitagold700ml.jpeg,1951,/files/media/product/tequilaagavitagold700ml.jpeg
WEB-ITM-1423,/files/media/product/olmecagold38750ml.jpeg,1562,/files/media/product/olmecagold38750ml.jpeg
WEB-ITM-1422,/files/media/product/olmecatequilagold1ltr.jpeg,1563,/files/media/product/olmecatequilagold1ltr.jpeg
WEB-ITM-1421,/files/media/product/josecuervogold.webp,1131,/files/media/product/josecuervogold.webp
WEB-ITM-1420,/files/media/product/jose-cuervo-gold.png,1132,/files/media/product/jose-cuervo-gold.png
WEB-ITM-1419,/files/media/product/CASA MIGOS MESCAL 700ML.jpg,402,/files/media/product/CASA MIGOS MESCAL 700ML.jpg
WEB-ITM-1418,/files/media/product/CLASE AZUL PLATA 700ML.jpeg,495,/files/media/product/CLASE AZUL PLATA 700ML.jpeg
WEB-ITM-1417,/files/media/product/OLMECA EXTRA AGED 1LTR.jpg,2241,/files/media/product/OLMECA EXTRA AGED 1LTR.jpg
WEB-ITM-1416,/files/media/product/DON JULIO 1942 750ml.webp,621,/files/media/product/DON JULIO 1942 750ml.webp
WEB-ITM-1415,/files/media/product/images (12).jpeg,1788,/files/media/product/images (12).jpeg
WEB-ITM-1414,/files/media/product/SIERRA REPOSADO 700ML.jpeg,1789,/files/media/product/SIERRA REPOSADO 700ML.jpeg
WEB-ITM-1413,/files/media/product/ PONCHOS TEQUILA REPOSADO 750ml.jpeg,1633,/files/media/product/ PONCHOS TEQUILA REPOSADO 750ml.jpeg
WEB-ITM-1412,/files/media/product/patronreposado750ml.jpeg,1591,/files/media/product/patronreposado750ml.jpeg
WEB-ITM-1411,/files/media/product/donjulioreposado750ml.jpg,624,/files/media/product/donjulioreposado750ml.jpg
WEB-ITM-1410,/files/media/product/CASA MIGOS REPOSADO 1LTR.jpg,403,/files/media/product/CASA MIGOS REPOSADO 1LTR.jpg
WEB-ITM-1409,/files/media/product/1800 TEQUILA REPOSADO 700ML.jpeg,9,/files/media/product/1800 TEQUILA REPOSADO 700ML.jpeg
WEB-ITM-1408,/files/media/product/818 TEQUILA REPOSADO 750ML.jpeg,29,/files/media/product/818 TEQUILA REPOSADO 750ML.jpeg
WEB-ITM-1407,/files/media/product/JOSE CUERVO RESERVA 700ML.jpeg,1128,/files/media/product/JOSE CUERVO RESERVA 700ML.jpeg
WEB-ITM-1406,/files/media/product/tequila.jpg,1952,/files/media/product/tequila.jpg
WEB-ITM-1405,/files/media/product/SIERRA TEQUILA SILVER 1ltr.webp,1790,/files/media/product/SIERRA TEQUILA SILVER 1ltr.webp
WEB-ITM-1404,/files/media/product/SIERRA TEQUILA SILVER 700ML.webp,1791,/files/media/product/SIERRA TEQUILA SILVER 700ML.webp
WEB-ITM-1403,/files/media/product/PATRON SILVER 1LTR.jpeg,1596,/files/media/product/PATRON SILVER 1LTR.jpeg
WEB-ITM-1402,/files/media/product/patrontequilasilver375ml.jpeg,1597,/files/media/product/patrontequilasilver375ml.jpeg
WEB-ITM-1401,/files/media/product/Jose-Cuervo-Silver-Tequila-1L.png,1129,/files/media/product/Jose-Cuervo-Silver-Tequila-1L.png
WEB-ITM-1400,/files/media/product/patronanejotequilla1ltr.jpeg,1589,/files/media/product/patronanejotequilla1ltr.jpeg
WEB-ITM-1399,/files/media/product/martini blanco.jpg,1399,/files/media/product/martini blanco.jpg
WEB-ITM-1398,/files/media/product/Martini-Bianco.png,1400,/files/media/product/Martini-Bianco.png
WEB-ITM-1397,/files/media/product/martinirosso1ltr.jpg,1401,/files/media/product/martinirosso1ltr.jpg
WEB-ITM-1396,/files/media/product/flirtvodkagreenapple1ltr.webp,729,/files/media/product/flirtvodkagreenapple1ltr.webp
WEB-ITM-1395,/files/media/product/khor.webp,1190,/files/media/product/khor.webp
WEB-ITM-1394,/files/media/product/Smirnoff-Blue-750ml.jpg,1823,/files/media/product/Smirnoff-Blue-750ml.jpg
WEB-ITM-1393,/files/media/product/absolutblue1ltr.png,37,/files/media/product/absolutblue1ltr.png
WEB-ITM-1392,/files/media/product/absolutblue375ml.png,38,/files/media/product/absolutblue375ml.png
WEB-ITM-1391,/files/media/product/absolutblue4045ltr.jpg,39,/files/media/product/absolutblue4045ltr.jpg
WEB-ITM-1390,/files/media/product/absolutblue750ml.jpg,40,/files/media/product/absolutblue750ml.jpg
WEB-ITM-1389,/files/media/product/Flirt_Vodka_Chocolate_1_Litre.jpg,727,/files/media/product/Flirt_Vodka_Chocolate_1_Litre.jpg
WEB-ITM-1388,/files/media/product/Absolut-Citron-Vodka-750ml.jpg,42,/files/media/product/Absolut-Citron-Vodka-750ml.jpg
WEB-ITM-1387,/files/media/product/stolichnayacitrus750ml.jpeg,1887,/files/media/product/stolichnayacitrus750ml.jpeg
WEB-ITM-1386,/files/media/product/grey_goose.png,924,/files/media/product/grey_goose.png
WEB-ITM-1385,/files/media/product/KLUNQ-1.jpg,925,/files/media/product/KLUNQ-1.jpg
WEB-ITM-1384,/files/media/product/chrome_vodka.jpg,2421,/files/media/product/chrome_vodka.jpg
WEB-ITM-1383,/files/media/product/GREY-GOOSE-ORANGE-750ML-1900.00.webp,923,/files/media/product/GREY-GOOSE-ORANGE-750ML-1900.00.webp
WEB-ITM-1382,,2073,
WEB-ITM-1381,/files/media/product/tripleacevodka750ml.webp,2011,/files/media/product/tripleacevodka750ml.webp
WEB-ITM-1380,/files/media/product/Supreme-Vodka.png,1904,/files/media/product/Supreme-Vodka.png
WEB-ITM-1379,/files/media/product/kibao250ml.jpeg,1197,/files/media/product/kibao250ml.jpeg
WEB-ITM-1378,/files/media/product/kibao350ml.jpeg,1198,/files/media/product/kibao350ml.jpeg
WEB-ITM-1377,/files/media/product/KIBAO-750ML-BOTTLE-RGB-WS-scaled.png,1199,/files/media/product/KIBAO-750ML-BOTTLE-RGB-WS-scaled.png
WEB-ITM-1376,/files/media/product/ketel-one.webp,1188,/files/media/product/ketel-one.webp
WEB-ITM-1375,/files/media/product/ketelone.webp,1189,/files/media/product/ketelone.webp
WEB-ITM-1374,/files/media/product/cruzvodka.avif,548,/files/media/product/cruzvodka.avif
WEB-ITM-1373,/files/media/product/cirocvodka1ltr.jpg,489,/files/media/product/cirocvodka1ltr.jpg
WEB-ITM-1372,/files/media/product/chrome_vodka.avif,2420,/files/media/product/chrome_vodka.avif
WEB-ITM-1371,/files/media/product/ best vodka 250ml.jpeg,220,/files/media/product/ best vodka 250ml.jpeg
WEB-ITM-1370,/files/media/product/BEST VODKA 750ml.png,221,/files/media/product/BEST VODKA 750ml.png
WEB-ITM-1369,/files/media/product/belvederevodka1ltr.webp,209,/files/media/product/belvederevodka1ltr.webp
WEB-ITM-1368,/files/media/product/belvederevodka75cl.jpeg,210,/files/media/product/belvederevodka75cl.jpeg
WEB-ITM-1367,/files/media/product/NEW AMSTERDAM CITRON 750ML.jpeg,1525,/files/media/product/NEW AMSTERDAM CITRON 750ML.jpeg
WEB-ITM-1366,/files/media/product/NEW AMSTERDAM COCONUT 750ML.jpeg,1526,/files/media/product/NEW AMSTERDAM COCONUT 750ML.jpeg
WEB-ITM-1365,/files/media/product/NEMIROFF CRANBERRY 1LTR.jpg,1523,/files/media/product/NEMIROFF CRANBERRY 1LTR.jpg
WEB-ITM-1364,/files/media/product/NEW AMSTERDAM MANGO 750ML.webp,1527,/files/media/product/NEW AMSTERDAM MANGO 750ML.webp
WEB-ITM-1363,/files/media/product/NEW AMSTERDAM PINEAPPLE 750ML.jpeg,1529,/files/media/product/NEW AMSTERDAM PINEAPPLE 750ML.jpeg
WEB-ITM-1362,/files/media/product/ABSOLUTE RASPBERRY 1LTR.jpg,57,/files/media/product/ABSOLUTE RASPBERRY 1LTR.jpg
WEB-ITM-1361,/files/media/product/BELVEDERE SMOGORY FOREST 1LTR.webp,208,/files/media/product/BELVEDERE SMOGORY FOREST 1LTR.webp
WEB-ITM-1360,/files/media/product/khorwhite&gold750ml.jpeg,1194,/files/media/product/khorwhite&gold750ml.jpeg
WEB-ITM-1359,/files/media/product/skyy_citrus_15nv_750.webp,1814,/files/media/product/skyy_citrus_15nv_750.webp
WEB-ITM-1358,/files/media/product/Stolichnaya-Hot-Vodka__49896.jpg,1888,/files/media/product/Stolichnaya-Hot-Vodka__49896.jpg
WEB-ITM-1357,/files/media/product/absolutkurrant40750ml.jpeg,46,/files/media/product/absolutkurrant40750ml.jpeg
WEB-ITM-1356,/files/media/product/flirtvodkaorange.png,731,/files/media/product/flirtvodkaorange.png
WEB-ITM-1355,/files/media/product/smirnofflime1ltr.jpeg,1828,/files/media/product/smirnofflime1ltr.jpeg
WEB-ITM-1354,/files/media/product/CIROC MANGO 750ML.jpg,481,/files/media/product/CIROC MANGO 750ML.jpg
WEB-ITM-1353,/files/media/product/absolutmango.gif,56,/files/media/product/absolutmango.gif
WEB-ITM-1352,/files/media/product/BELUGA NOBLE 1ltr.jpeg,205,/files/media/product/BELUGA NOBLE 1ltr.jpeg
WEB-ITM-1351,/files/media/product/stolichnayaorange750ml.jpeg,1889,/files/media/product/stolichnayaorange750ml.jpeg
WEB-ITM-1350,/files/media/product/FLIRT ORANGE LTR.webp,732,/files/media/product/FLIRT ORANGE LTR.webp
WEB-ITM-1349,/files/media/product/flirtvodkaorange750ml.jpeg,733,/files/media/product/flirtvodkaorange750ml.jpeg
WEB-ITM-1348,/files/media/product/tripleacevodka250ml.png,2010,/files/media/product/tripleacevodka250ml.png
WEB-ITM-1347,/files/media/product/SKYY VODKA 1LTR.jpeg,1817,/files/media/product/SKYY VODKA 1LTR.jpeg
WEB-ITM-1346,/files/media/product/KING ROBERT VODKA 1LTR.jpeg,1209,/files/media/product/KING ROBERT VODKA 1LTR.jpeg
WEB-ITM-1345,/files/media/product/HUNTING LODGE VODKA 700ML.jpg,1002,/files/media/product/HUNTING LODGE VODKA 700ML.jpg
WEB-ITM-1344,/files/media/product/ERISTOFF 1LTR.jpeg,664,/files/media/product/ERISTOFF 1LTR.jpeg
WEB-ITM-1343,/files/media/product/CIROC PEACH 1LTR.jpg,482,/files/media/product/CIROC PEACH 1LTR.jpg
WEB-ITM-1342,/files/media/product/absolut-pears-750ml.webp,49,/files/media/product/absolut-pears-750ml.webp
WEB-ITM-1341,/files/media/product/Kenya_Cane_Pineapple_750ml.jpg,2427,/files/media/product/Kenya_Cane_Pineapple_750ml.jpg
WEB-ITM-1340,/files/media/product/kenyacanepineapple750ml.webp,2428,/files/media/product/kenyacanepineapple750ml.webp
WEB-ITM-1339,/files/media/product/khorplatinum.webp,1192,/files/media/product/khorplatinum.webp
WEB-ITM-1338,/files/media/product/khor_platinum.webp,1193,/files/media/product/khor_platinum.webp
WEB-ITM-1337,/files/media/product/WHITE MISCHIEF 750ML.webp,2327,/files/media/product/WHITE MISCHIEF 750ML.webp
WEB-ITM-1336,/files/media/product/STOLICHNAYA 1LTR.jpg,2299,/files/media/product/STOLICHNAYA 1LTR.jpg
WEB-ITM-1335,/files/media/product/STOLICHNAYA 375ML.webp,2285,/files/media/product/STOLICHNAYA 375ML.webp
WEB-ITM-1334,/files/media/product/SOBIESKI VODKA 1LTR.webp,1847,/files/media/product/SOBIESKI VODKA 1LTR.webp
WEB-ITM-1333,/files/media/product/LELESHWA VODKA 750ML.png,2341,/files/media/product/LELESHWA VODKA 750ML.png
WEB-ITM-1332,/files/media/product/KHOR STRUCTURED VODKA 1LTR.webp,2224,/files/media/product/KHOR STRUCTURED VODKA 1LTR.webp
WEB-ITM-1331,/files/media/product/Hunting-Lodge-Vodka.jpg,1001,/files/media/product/Hunting-Lodge-Vodka.jpg
WEB-ITM-1330,/files/media/product/GREY GOOSE 375ML.png,2295,/files/media/product/GREY GOOSE 375ML.png
WEB-ITM-1329,/files/media/product/NEON VANILLA VODKA 750ML.jpg,2308,/files/media/product/NEON VANILLA VODKA 750ML.jpg
WEB-ITM-1328,/files/media/product/NEON PINEAPPLE VODKA 750ML.jpg,2307,/files/media/product/NEON PINEAPPLE VODKA 750ML.jpg
WEB-ITM-1327,/files/media/product/NEON ORANGE VODKA 750ML.jpg,2309,/files/media/product/NEON ORANGE VODKA 750ML.jpg
WEB-ITM-1326,/files/media/product/NEON APPLE VODKA 750ML.jpg,2310,/files/media/product/NEON APPLE VODKA 750ML.jpg
WEB-ITM-1325,/files/media/product/SMIRNOFF - RED 1LT.webp,1831,/files/media/product/SMIRNOFF - RED 1LT.webp
WEB-ITM-1324,/files/media/product/stolichnayarasberry750ml.jpeg,1890,/files/media/product/stolichnayarasberry750ml.jpeg
WEB-ITM-1323,/files/media/product/offred250ml.png,1832,/files/media/product/offred250ml.png
WEB-ITM-1322,/files/media/product/Smirnoff-Red-Vodka-350ml.webp,1833,/files/media/product/Smirnoff-Red-Vodka-350ml.webp
WEB-ITM-1321,/files/media/product/off red.jpg,1834,/files/media/product/off red.jpg
WEB-ITM-1320,/files/media/product/flirt-strawberry-600x600.png,735,/files/media/product/flirt-strawberry-600x600.png
WEB-ITM-1319,/files/media/product/flirt-vodka-unflavoured.webp,722,/files/media/product/flirt-vodka-unflavoured.webp
WEB-ITM-1318,/files/media/product/kenya-cane-smooth250ml.jpeg,2429,/files/media/product/kenya-cane-smooth250ml.jpeg
WEB-ITM-1317,/files/media/product/kenyacanesmooth350ml.webp,1184,/files/media/product/kenyacanesmooth350ml.webp
WEB-ITM-1316,/files/media/product/kenya_cane_smooth_750ml.png,1185,/files/media/product/kenya_cane_smooth_750ml.png
WEB-ITM-1315,/files/media/product/flirt-strawberry.jpg,726,/files/media/product/flirt-strawberry.jpg
WEB-ITM-1314,/files/media/product/Flirt-Vodka-Strawberry-350ml-600x600-1.jpg,738,/files/media/product/Flirt-Vodka-Strawberry-350ml-600x600-1.jpg
WEB-ITM-1313,/files/media/product/stoli vanil-800x1000.jpeg,1891,/files/media/product/stoli vanil-800x1000.jpeg
WEB-ITM-1312,/files/media/product/absolut_vanilla.webp,58,/files/media/product/absolut_vanilla.webp
WEB-ITM-1311,/files/media/product/khorwhite&goldvodka1ltr.jpeg,1195,/files/media/product/khorwhite&goldvodka1ltr.jpeg
WEB-ITM-1310,/files/media/product/jamesonblackbarrel.webp,1057,/files/media/product/jamesonblackbarrel.webp
WEB-ITM-1309,/files/media/product/jbrare200ml.webp,1016,/files/media/product/jbrare200ml.webp
WEB-ITM-1308,/files/media/product/hampton_dram.webp,933,/files/media/product/hampton_dram.webp
WEB-ITM-1307,/files/media/product/dewar's12years750ml.png,602,/files/media/product/dewar's12years750ml.png
WEB-ITM-1306,/files/media/product/crazycock375ml.jpg_480Wx480H,544,/files/media/product/crazycock375ml.jpg_480Wx480H
WEB-ITM-1305,/files/media/product/cattos 1ltr.jpeg,416,/files/media/product/cattos 1ltr.jpeg
WEB-ITM-1304,/files/media/product/canadianclub750ml.jpg,364,/files/media/product/canadianclub750ml.jpg
WEB-ITM-1303,/files/media/product/CANADIAN CLUB 1ltr .jpeg,365,/files/media/product/CANADIAN CLUB 1ltr .jpeg
WEB-ITM-1302,/files/media/product/aberfeldy.jpg,32,/files/media/product/aberfeldy.jpg
WEB-ITM-1301,/files/media/product/8pmblendedwhisky750ml.jpg,31,/files/media/product/8pmblendedwhisky750ml.jpg
WEB-ITM-1300,/files/media/product/wildturkey.jpg,2116,/files/media/product/wildturkey.jpg
WEB-ITM-1299,/files/media/product/OLD FORESTER 1LTR.jpeg,1550,/files/media/product/OLD FORESTER 1LTR.jpeg
WEB-ITM-1298,/files/media/product/MAKERS MARK BOURBON 1LITRE.png,1369,/files/media/product/MAKERS MARK BOURBON 1LITRE.png
WEB-ITM-1297,/files/media/product/Jim-Beam-White-Label-Bourbon-1-Litre-Bayfields-Liquor-Superstore.webp,1079,/files/media/product/Jim-Beam-White-Label-Bourbon-1-Litre-Bayfields-Liquor-Superstore.webp
WEB-ITM-1296,/files/media/product/jimbeambourbonwhisky750ml.jpeg,1080,/files/media/product/jimbeambourbonwhisky750ml.jpeg
WEB-ITM-1295,/files/media/product/Jim beam devals cut.jpeg,1081,/files/media/product/Jim beam devals cut.jpeg
WEB-ITM-1294,/files/media/product/bulleitbourbon.jpg,304,/files/media/product/bulleitbourbon.jpg
WEB-ITM-1293,/files/media/product/bulleitbourbon.jpg,305,/files/media/product/bulleitbourbon.jpg
WEB-ITM-1292,/files/media/product/buffallotrace.jpeg,301,/files/media/product/buffallotrace.jpeg
WEB-ITM-1291,/files/media/product/laphroaigpxcask1ltr.webp,1260,/files/media/product/laphroaigpxcask1ltr.webp
WEB-ITM-1290,/files/media/product/FIRE WATER 1LTR.jpeg,698,/files/media/product/FIRE WATER 1LTR.jpeg
WEB-ITM-1289,/files/media/product/FIRE WATER 750ML.webp,699,/files/media/product/FIRE WATER 750ML.webp
WEB-ITM-1288,/files/media/product/Best-Cream-750ml.jpg,217,/files/media/product/Best-Cream-750ml.jpg
WEB-ITM-1287,/files/media/product/talisker-storm-whisky.webp,1921,/files/media/product/talisker-storm-whisky.webp
WEB-ITM-1286,/files/media/product/abelour.jpg,33,/files/media/product/abelour.jpg
WEB-ITM-1285,/files/media/product/jdfineold.jpg,1028,/files/media/product/jdfineold.jpg
WEB-ITM-1284,/files/media/product/ballentinesfinest.jpg,167,/files/media/product/ballentinesfinest.jpg
WEB-ITM-1283,/files/media/product/royalwhytehallhoney1ltr.jpeg,1716,/files/media/product/royalwhytehallhoney1ltr.jpeg
WEB-ITM-1282,/files/media/product/blackramwhiskyhoney700ml.jpg,238,/files/media/product/blackramwhiskyhoney700ml.jpg
WEB-ITM-1281,/files/media/product/royalchallengewhisky750ml.jpeg,1704,/files/media/product/royalchallengewhisky750ml.jpeg
WEB-ITM-1280,/files/media/product/undefined,2022,/files/media/product/undefined
WEB-ITM-1279,/files/media/product/paddyirishwhisky375ml.jpg_480Wx480H,1576,/files/media/product/paddyirishwhisky375ml.jpg_480Wx480H
WEB-ITM-1278,/files/media/product/jameson4.5l.jpg,1069,/files/media/product/jameson4.5l.jpg
WEB-ITM-1277,/files/media/product/bushmills-100cl.jpg,313,/files/media/product/bushmills-100cl.jpg
WEB-ITM-1276,/files/media/product/bushmillsredbush700ml.jpeg,314,/files/media/product/bushmillsredbush700ml.jpeg
WEB-ITM-1275,/files/media/product/whisky-tullamore-dew-blended-irish.jpg,2024,/files/media/product/whisky-tullamore-dew-blended-irish.jpg
WEB-ITM-1274,/files/media/product/IWAI JAPANESE WHISKY 750ml.jpeg,1014,/files/media/product/IWAI JAPANESE WHISKY 750ml.jpeg
WEB-ITM-1273,/files/media/product/singleton15years75cl.webp,1801,/files/media/product/singleton15years75cl.webp
WEB-ITM-1272,/files/media/product/shackleton.jpeg,1779,/files/media/product/shackleton.jpeg
WEB-ITM-1271,/files/media/product/RESERVE 7 750ML.jpeg,1660,/files/media/product/RESERVE 7 750ML.jpeg
WEB-ITM-1270,/files/media/product/themacallantheharmonycollection700ml.jfif,1983,/files/media/product/themacallantheharmonycollection700ml.jfif
WEB-ITM-1269,/files/media/product/jura12yroldsinglemalt700ml.webp,1159,/files/media/product/jura12yroldsinglemalt700ml.webp
WEB-ITM-1268,/files/media/product/glenfiddichipaexperiment700ml.jpeg,849,/files/media/product/glenfiddichipaexperiment700ml.jpeg
WEB-ITM-1267,/files/media/product/Cragganmore-12-Year-Old-750ml (1).jpg,541,/files/media/product/Cragganmore-12-Year-Old-750ml (1).jpg
WEB-ITM-1266,/files/media/product/Cragganmore-12-Year-Old-750ml.jpg,542,/files/media/product/Cragganmore-12-Year-Old-750ml.jpg
WEB-ITM-1265,/files/media/product/bowmore18years.jpg,275,/files/media/product/bowmore18years.jpg
WEB-ITM-1264,/files/media/product/black_rum.webp,236,/files/media/product/black_rum.webp
WEB-ITM-1263,/files/media/product/glenfiddich-fire-and-cane.webp,846,/files/media/product/glenfiddich-fire-and-cane.webp
WEB-ITM-1262,/files/media/product/dalmore18yearssinglemalt700ml.webp,570,/files/media/product/dalmore18yearssinglemalt700ml.webp
WEB-ITM-1261,/files/media/product/WHYTE & MACKAY WHISKY 1LTR.webp,2110,/files/media/product/WHYTE & MACKAY WHISKY 1LTR.webp
WEB-ITM-1260,/files/media/product/TWO KEYS 375ML.jpg,2290,/files/media/product/TWO KEYS 375ML.jpg
WEB-ITM-1259,/files/media/product/teachers1ltr.jpeg,1946,/files/media/product/teachers1ltr.jpeg
WEB-ITM-1258,/files/media/product/teachers750ml.jpeg,1948,/files/media/product/teachers750ml.jpeg
WEB-ITM-1257,/files/media/product/SOMETHING SPECIAL 1LTR.jpeg,1853,/files/media/product/SOMETHING SPECIAL 1LTR.jpeg
WEB-ITM-1256,/files/media/product/ROYAL CIRCLE 350ML.jpeg,1707,/files/media/product/ROYAL CIRCLE 350ML.jpeg
WEB-ITM-1255,/files/media/product/ROYAL CIRCLE 750ML.jpeg,1708,/files/media/product/ROYAL CIRCLE 750ML.jpeg
WEB-ITM-1254,/files/media/product/ROYAL ARMS BLUE RESERVE BLACK 750ML.jpeg,1703,/files/media/product/ROYAL ARMS BLUE RESERVE BLACK 750ML.jpeg
WEB-ITM-1253,/files/media/product/OLD MONK 1LTR.webp,2311,/files/media/product/OLD MONK 1LTR.webp
WEB-ITM-1252,/files/media/product/OFFICERS CHOICE 750ML.webp,1546,/files/media/product/OFFICERS CHOICE 750ML.webp
WEB-ITM-1251,/files/media/product/LAMBAY WHISKY 1LTR.jpg,2306,/files/media/product/LAMBAY WHISKY 1LTR.jpg
WEB-ITM-1250,/files/media/product/JURA FRENCH OAK 700ML.jpg,1161,/files/media/product/JURA FRENCH OAK 700ML.jpg
WEB-ITM-1249,/files/media/product/HUNTING LODGE GREEN APPLE 1LTR.jpg,2199,/files/media/product/HUNTING LODGE GREEN APPLE 1LTR.jpg
WEB-ITM-1248,/files/media/product/hunting-lodge-blend-1l.jpg,1003,/files/media/product/hunting-lodge-blend-1l.jpg
WEB-ITM-1247,/files/media/product/hunters350ml.jpg,993,/files/media/product/hunters350ml.jpg
WEB-ITM-1246,/files/media/product/Hunters-Choice-Whisky-750ml.png,994,/files/media/product/Hunters-Choice-Whisky-750ml.png
WEB-ITM-1245,/files/media/product/HIGH COMMISSIONER 1LTR.webp,2344,/files/media/product/HIGH COMMISSIONER 1LTR.webp
WEB-ITM-1244,/files/media/product/DEWARS 12YRS 1LTR.webp,2269,/files/media/product/DEWARS 12YRS 1LTR.webp
WEB-ITM-1243,/files/media/product/DEWARS 15YRS 1LTR.webp,2187,/files/media/product/DEWARS 15YRS 1LTR.webp
WEB-ITM-1242,/files/media/product/DEWARS 1LTR.webp,605,/files/media/product/DEWARS 1LTR.webp
WEB-ITM-1241,/files/media/product/DEWARS 750ML.jpeg,606,/files/media/product/DEWARS 750ML.jpeg
WEB-ITM-1240,/files/media/product/DEWARS WHITE LABEL WHISKY 750ML.jpeg,607,/files/media/product/DEWARS WHITE LABEL WHISKY 750ML.jpeg
WEB-ITM-1239,/files/media/product/CLAN MACGREGOR 1ltr.webp,492,/files/media/product/CLAN MACGREGOR 1ltr.webp
WEB-ITM-1238,/files/media/product/BUSHMILLS STEAMSHIP 1LTR.webp,2266,/files/media/product/BUSHMILLS STEAMSHIP 1LTR.webp
WEB-ITM-1237,/files/media/product/blackramwhisky700ml.jpeg,237,/files/media/product/blackramwhisky700ml.jpeg
WEB-ITM-1236,/files/media/product/bestwhisky250ml.webp,222,/files/media/product/bestwhisky250ml.webp
WEB-ITM-1235,/files/media/product/Best-Whisky-750ml-600x600-1.jpg,223,/files/media/product/Best-Whisky-750ml-600x600-1.jpg
WEB-ITM-1234,/files/media/product/BERKSHIRE 500ML.png,213,/files/media/product/BERKSHIRE 500ML.png
WEB-ITM-1233,/files/media/product/BELLS 750ML.jpeg,203,/files/media/product/BELLS 750ML.jpeg
WEB-ITM-1232,/files/media/product/AUCHENTOSHAN 12YRS 700ML.jpg,2258,/files/media/product/AUCHENTOSHAN 12YRS 700ML.jpg
WEB-ITM-1231,/files/media/product/AUCHENTOSHAN AMERICAN OAK 700ML.png,2259,/files/media/product/AUCHENTOSHAN AMERICAN OAK 700ML.png
WEB-ITM-1230,/files/media/product/all seasons reserve whisky 1ltr.jpeg,75,/files/media/product/all seasons reserve whisky 1ltr.jpeg
WEB-ITM-1229,/files/media/product/allseasons250ml.jpg,76,/files/media/product/allseasons250ml.jpg
WEB-ITM-1228,/files/media/product/allseasonswhisky750ml.jpeg,79,/files/media/product/allseasonswhisky750ml.jpeg
WEB-ITM-1227,/files/media/product/woodford-reserve-double-oaked.webp,2129,/files/media/product/woodford-reserve-double-oaked.webp
WEB-ITM-1226,/files/media/product/mrdowellsno1reservewhisky75cl.jpeg,1484,/files/media/product/mrdowellsno1reservewhisky75cl.jpeg
WEB-ITM-1225,/files/media/product/ballentinesfinest21years.webp,162,/files/media/product/ballentinesfinest21years.webp
WEB-ITM-1224,/files/media/product/williamlawsons1l.jpg,2121,/files/media/product/williamlawsons1l.jpg
WEB-ITM-1223,/files/media/product/williamlawson.jpg,2122,/files/media/product/williamlawson.jpg
WEB-ITM-1222,/files/media/product/WILLIAM LAWSON'S SPICED 750ML.jpg,2335,/files/media/product/WILLIAM LAWSON'S SPICED 750ML.jpg
WEB-ITM-1221,/files/media/product/whyte-mackay.webp,2112,/files/media/product/whyte-mackay.webp
WEB-ITM-1220,/files/media/product/vat69.jpg,2044,/files/media/product/vat69.jpg
WEB-ITM-1219,/files/media/product/vat69375ml.jpeg,2046,/files/media/product/vat69375ml.jpeg
WEB-ITM-1218,/files/media/product/vat69750ml.jpg,2047,/files/media/product/vat69750ml.jpg
WEB-ITM-1217,/files/media/product/TALISKER NEIST POINT 700ml.jpg,1916,/files/media/product/TALISKER NEIST POINT 700ml.jpg
WEB-ITM-1216,/files/media/product/taliskerportruighe700ml.jpeg,1917,/files/media/product/taliskerportruighe700ml.jpeg
WEB-ITM-1215,/files/media/product/Buy-Talisker-10yrs-750ml-online-in-Nairobi.jpg,1918,/files/media/product/Buy-Talisker-10yrs-750ml-online-in-Nairobi.jpg
WEB-ITM-1214,/files/media/product/Talisker-10-Years-Old-700ML.jpg,1919,/files/media/product/Talisker-10-Years-Old-700ML.jpg
WEB-ITM-1213,/files/media/product/talisker skye 1ltr.jpg,1923,/files/media/product/talisker skye 1ltr.jpg
WEB-ITM-1212,/files/media/product/strathisla12yo700ml.webp,1896,/files/media/product/strathisla12yo700ml.webp
WEB-ITM-1211,/files/media/product/sir-edwards-smokey-black.jpg,1805,/files/media/product/sir-edwards-smokey-black.jpg
WEB-ITM-1210,/files/media/product/SIR EDWARDS SMOKY 1L.webp,2162,/files/media/product/SIR EDWARDS SMOKY 1L.webp
WEB-ITM-1209,/files/media/product/johnnie-walker-red-label-600x800.jpg,1806,/files/media/product/johnnie-walker-red-label-600x800.jpg
WEB-ITM-1208,/files/media/product/SINGLETON 12YRS 1LTR.webp,2282,/files/media/product/SINGLETON 12YRS 1LTR.webp
WEB-ITM-1207,/files/media/product/singleton12years750ml.webp,1799,/files/media/product/singleton12years750ml.webp
WEB-ITM-1206,/files/media/product/SINGLETON 21YRS 700ML.jpeg,1800,/files/media/product/SINGLETON 21YRS 700ML.jpeg
WEB-ITM-1205,/files/media/product/SCOTTISH LEADER ORIGINAL 1LTR.jpg,1774,/files/media/product/SCOTTISH LEADER ORIGINAL 1LTR.jpg
WEB-ITM-1204,/files/media/product/SCOTTISH LEADER ORIGINAL 1LTR.jpg,1775,/files/media/product/SCOTTISH LEADER ORIGINAL 1LTR.jpg
WEB-ITM-1203,/files/media/product/ROYAL CHALLENGE 375ML.webp,2244,/files/media/product/ROYAL CHALLENGE 375ML.webp
WEB-ITM-1202,/files/media/product/PERNOD 1LTR.jpeg,1616,/files/media/product/PERNOD 1LTR.jpeg
WEB-ITM-1201,/files/media/product/passportscotch.png,1587,/files/media/product/passportscotch.png
WEB-ITM-1200,/files/media/product/passport scotch.jpeg,1588,/files/media/product/passport scotch.jpeg
WEB-ITM-1199,/files/media/product/monkeyshoulder750ml.webp,1471,/files/media/product/monkeyshoulder750ml.webp
WEB-ITM-1198,/files/media/product/MAKER'S MARK 750ML.jpeg,1368,/files/media/product/MAKER'S MARK 750ML.jpeg
WEB-ITM-1197,/files/media/product/MAJOR GUNN'S 1LTR.jpeg,1367,/files/media/product/MAJOR GUNN'S 1LTR.jpeg
WEB-ITM-1196,/files/media/product/themacallannightonearth700ml.jpeg,1982,/files/media/product/themacallannightonearth700ml.jpeg
WEB-ITM-1195,/files/media/product/LAUDERS SCOTH WHISKY 1LTR.webp,1265,/files/media/product/LAUDERS SCOTH WHISKY 1LTR.webp
WEB-ITM-1194,/files/media/product/LAPHROAIG 700ML.jpg,2231,/files/media/product/LAPHROAIG 700ML.jpg
WEB-ITM-1193,/files/media/product/LAPHROAIG AN CUAN MOR 700ML.png,2232,/files/media/product/LAPHROAIG AN CUAN MOR 700ML.png
WEB-ITM-1192,/files/media/product/LAPHROAIG FOUR OAK 750ML.webp,1259,/files/media/product/LAPHROAIG FOUR OAK 750ML.webp
WEB-ITM-1191,/files/media/product/LAGAVULIN ISLAY 12YRS 750ML.webp,2230,/files/media/product/LAGAVULIN ISLAY 12YRS 750ML.webp
WEB-ITM-1190,/files/media/product/kingrobertrum750ml.webp,1208,/files/media/product/kingrobertrum750ml.webp
WEB-ITM-1189,/files/media/product/kingrobertwhisky1ltr.jpeg,1210,/files/media/product/kingrobertwhisky1ltr.jpeg
WEB-ITM-1188,/files/media/product/kingrobertwhisky750ml.jpg,1211,/files/media/product/kingrobertwhisky750ml.jpg
WEB-ITM-1187,/files/media/product/jwplatnum1ltr.jpeg,1094,/files/media/product/jwplatnum1ltr.jpeg
WEB-ITM-1186,/files/media/product/johnnie-walker-18-years-1254733-s199.png,1096,/files/media/product/johnnie-walker-18-years-1254733-s199.png
WEB-ITM-1185,/files/media/product/johnniewalker18yrs750ml.jpg,1097,/files/media/product/johnniewalker18yrs750ml.jpg
WEB-ITM-1184,/files/media/product/jw-black-label-1.webp,1101,/files/media/product/jw-black-label-1.webp
WEB-ITM-1183,/files/media/product/images (1).jpeg,1105,/files/media/product/images (1).jpeg
WEB-ITM-1182,/files/media/product/black label375.jpg,2426,/files/media/product/black label375.jpg
WEB-ITM-1181,/files/media/product/JOHNNIE WALKER BLONDE 750ML.webp,1108,/files/media/product/JOHNNIE WALKER BLONDE 750ML.webp
WEB-ITM-1180,/files/media/product/JOHNNIE WALKER BLUE LABEL 1LTR.jpg,1109,/files/media/product/JOHNNIE WALKER BLUE LABEL 1LTR.jpg
WEB-ITM-1179,/files/media/product/johnniewalkerislandgreen1ltr.jpeg,1116,/files/media/product/johnniewalkerislandgreen1ltr.jpeg
WEB-ITM-1178,/files/media/product/JOHNNIE WALKER KING GEORGE V 750ML.webp,2203,/files/media/product/JOHNNIE WALKER KING GEORGE V 750ML.webp
WEB-ITM-1177,/files/media/product/JOHNNIE WALKER RED LABEL 500ML.jpg,2296,/files/media/product/JOHNNIE WALKER RED LABEL 500ML.jpg
WEB-ITM-1176,/files/media/product/RED LABEL 250ML.jpg,1119,/files/media/product/RED LABEL 250ML.jpg
WEB-ITM-1175,/files/media/product/JohnnieWalkerXR_600x.png,1124,/files/media/product/JohnnieWalkerXR_600x.png
WEB-ITM-1174,/files/media/product/244970-big.jpg,2425,/files/media/product/244970-big.jpg
WEB-ITM-1173,/files/media/product/johnbarrred.jpg,1091,/files/media/product/johnbarrred.jpg
WEB-ITM-1172,/files/media/product/John-Barr-Finest-Blend-Red-750ml.jpg,1092,/files/media/product/John-Barr-Finest-Blend-Red-750ml.jpg
WEB-ITM-1171,/files/media/product/images (4).jpeg,1093,/files/media/product/images (4).jpeg
WEB-ITM-1170,/files/media/product/JIM BEAM APPLE 750ML.webp,2201,/files/media/product/JIM BEAM APPLE 750ML.webp
WEB-ITM-1169,/files/media/product/JAMESON IPA 750ML.jpeg,1064,/files/media/product/JAMESON IPA 750ML.jpeg
WEB-ITM-1168,/files/media/product/jameson.jpg,1065,/files/media/product/jameson.jpg
WEB-ITM-1167,/files/media/product/jameson .jpeg,1066,/files/media/product/jameson .jpeg
WEB-ITM-1166,/files/media/product/jameson40%.jpg,1067,/files/media/product/jameson40%.jpg
WEB-ITM-1165,/files/media/product/jb.jpeg,1015,/files/media/product/jb.jpeg
WEB-ITM-1164,/files/media/product/jb.jpeg,1018,/files/media/product/jb.jpeg
WEB-ITM-1163,/files/media/product/huntinglodgewhisky750ml.jpg,1004,/files/media/product/huntinglodgewhisky750ml.jpg
WEB-ITM-1162,/files/media/product/Harrington-Scotch-Whisky-819x1024.jpg,938,/files/media/product/Harrington-Scotch-Whisky-819x1024.jpg
WEB-ITM-1161,/files/media/product/grants-12-years-triple-wood.webp,910,/files/media/product/grants-12-years-triple-wood.webp
WEB-ITM-1160,/files/media/product/grants.jpg,913,/files/media/product/grants.jpg
WEB-ITM-1159,/files/media/product/GLENMORANGIE ORIGINAL 10YRS 1LTR.webp,2190,/files/media/product/GLENMORANGIE ORIGINAL 10YRS 1LTR.webp
WEB-ITM-1158,/files/media/product/GLENMORANGIE 12YRS 1LTR.webp,868,/files/media/product/GLENMORANGIE 12YRS 1LTR.webp
WEB-ITM-1157,/files/media/product/3464595743623165264107646384919316626958.png,870,/files/media/product/3464595743623165264107646384919316626958.png
WEB-ITM-1156,/files/media/product/glenmorangienectard'or700ml.jpeg,871,/files/media/product/glenmorangienectard'or700ml.jpeg
WEB-ITM-1155,/files/media/product/GLENMORANGIE ORIGINAL 10YRS 1LTR.webp,872,/files/media/product/GLENMORANGIE ORIGINAL 10YRS 1LTR.webp
WEB-ITM-1154,/files/media/product/glenmorangiequintaruban700ml.jpeg,875,/files/media/product/glenmorangiequintaruban700ml.jpeg
WEB-ITM-1153,/files/media/product/GLENMORANGIE X 700ML.jpeg,876,/files/media/product/GLENMORANGIE X 700ML.jpeg
WEB-ITM-1152,/files/media/product/theglenlivet15yo401ltr.webp,1969,/files/media/product/theglenlivet15yo401ltr.webp
WEB-ITM-1151,/files/media/product/glenlivet15years.jpg,1970,/files/media/product/glenlivet15years.jpg
WEB-ITM-1150,/files/media/product/theglenlivet18yo431ltr.webp,1971,/files/media/product/theglenlivet18yo431ltr.webp
WEB-ITM-1149,/files/media/product/theglenlivet18yo43700ml.webp,1972,/files/media/product/theglenlivet18yo43700ml.webp
WEB-ITM-1148,/files/media/product/glenlivetfoundersreserve.webp,1975,/files/media/product/glenlivetfoundersreserve.webp
WEB-ITM-1147,/files/media/product/glenlivetfoundersreserve___00486.webp,1976,/files/media/product/glenlivetfoundersreserve___00486.webp
WEB-ITM-1146,/files/media/product/glenkinchie-12-yo.jpg,2191,/files/media/product/glenkinchie-12-yo.jpg
WEB-ITM-1145,/files/media/product/glenfidich12years.jpg,836,/files/media/product/glenfidich12years.jpg
WEB-ITM-1144,/files/media/product/glenfiddich-18-years.webp,839,/files/media/product/glenfiddich-18-years.webp
WEB-ITM-1143,/files/media/product/GLENFIDDICH 18YRS 1LTR.jpeg,840,/files/media/product/GLENFIDDICH 18YRS 1LTR.jpeg
WEB-ITM-1142,/files/media/product/glenfiddich-18-years (1).webp,841,/files/media/product/glenfiddich-18-years (1).webp
WEB-ITM-1141,/files/media/product/glenfindich21years.jpg,843,/files/media/product/glenfindich21years.jpg
WEB-ITM-1140,/files/media/product/Glenfiddich-25-Years-Old-Rare-Oak-Box-Must-Have-Malts-MHM.jpg,844,/files/media/product/Glenfiddich-25-Years-Old-Rare-Oak-Box-Must-Have-Malts-MHM.jpg
WEB-ITM-1139,/files/media/product/GLENFIDDICH GRAND CORONNE 26YRS 700ML.jpeg,847,/files/media/product/GLENFIDDICH GRAND CORONNE 26YRS 700ML.jpeg
WEB-ITM-1138,/files/media/product/GLENFIDDICH SELECT CASK WHISKY 1LTR.jpg,854,/files/media/product/GLENFIDDICH SELECT CASK WHISKY 1LTR.jpg
WEB-ITM-1137,/files/media/product/GLENFIDICH 12YRS 50ML.jpg,2275,/files/media/product/GLENFIDICH 12YRS 50ML.jpg
WEB-ITM-1136,/files/media/product/glenfidich12yo1ltr.jpeg,857,/files/media/product/glenfidich12yo1ltr.jpeg
WEB-ITM-1135,/files/media/product/glenfidich12yo700ml.jpeg,860,/files/media/product/glenfidich12yo700ml.jpeg
WEB-ITM-1134,/files/media/product/Glenfiddich-15yrs-1ltr.jpeg,861,/files/media/product/Glenfiddich-15yrs-1ltr.jpeg
WEB-ITM-1133,/files/media/product/GLEN SILVER'S 8YRS 700ML.jpeg,2274,/files/media/product/GLEN SILVER'S 8YRS 700ML.jpeg
WEB-ITM-1132,/files/media/product/glen-silvers-single-malt.webp,1964,/files/media/product/glen-silvers-single-malt.webp
WEB-ITM-1131,/files/media/product/NAKED GROUSE 750ML.jpg,2328,/files/media/product/NAKED GROUSE 750ML.jpg
WEB-ITM-1130,/files/media/product/famous-grouse-blended-scotch-whisky-1l.jpg,1961,/files/media/product/famous-grouse-blended-scotch-whisky-1l.jpg
WEB-ITM-1129,/files/media/product/thefamousgrouse350ml.jpeg,1962,/files/media/product/thefamousgrouse350ml.jpeg
WEB-ITM-1128,/files/media/product/thefamousgrouse750ml.jpg,1963,/files/media/product/thefamousgrouse750ml.jpg
WEB-ITM-1127,/files/media/product/drambuie.webp,636,/files/media/product/drambuie.webp
WEB-ITM-1126,/files/media/product/dimple15yo750ml.jpeg,609,/files/media/product/dimple15yo750ml.jpeg
WEB-ITM-1125,/files/media/product/cutty sark.jpeg,559,/files/media/product/cutty sark.jpeg
WEB-ITM-1124,/files/media/product/cutty sark.jpg,560,/files/media/product/cutty sark.jpg
WEB-ITM-1123,/files/media/product/CLAYMORE BLENDED SCOTCH WHISKY 1ltr.jpeg,497,/files/media/product/CLAYMORE BLENDED SCOTCH WHISKY 1ltr.jpeg
WEB-ITM-1122,/files/media/product/CLAN MACGREGOR 1LTR.jpeg,491,/files/media/product/CLAN MACGREGOR 1LTR.jpeg
WEB-ITM-1121,/files/media/product/images (3).jpeg,455,/files/media/product/images (3).jpeg
WEB-ITM-1120,/files/media/product/chivasregal12yo40750ml.webp,458,/files/media/product/chivasregal12yo40750ml.webp
WEB-ITM-1119,/files/media/product/Chivas Regal 12 YO 40% 4.5L GIFT PACK.jpeg,460,/files/media/product/Chivas Regal 12 YO 40% 4.5L GIFT PACK.jpeg
WEB-ITM-1118,/files/media/product/chivasregal13years1ltr.jpeg,461,/files/media/product/chivasregal13years1ltr.jpeg
WEB-ITM-1117,/files/media/product/chivas-Regal18years.jpg,464,/files/media/product/chivas-Regal18years.jpg
WEB-ITM-1116,/files/media/product/chivas-regal-25-year-old.jpg,467,/files/media/product/chivas-regal-25-year-old.jpg
WEB-ITM-1115,/files/media/product/cardhu15yo700ml.webp,385,/files/media/product/cardhu15yo700ml.webp
WEB-ITM-1114,/files/media/product/bushmils.jpg,310,/files/media/product/bushmils.jpg
WEB-ITM-1113,/files/media/product/BOWMORE 10YRS 1LTR.jpeg,273,/files/media/product/BOWMORE 10YRS 1LTR.jpeg
WEB-ITM-1112,/files/media/product/bond7.avif,267,/files/media/product/bond7.avif
WEB-ITM-1111,/files/media/product/Bond-7-350Ml-1.jpg.webp,268,/files/media/product/Bond-7-350Ml-1.jpg.webp
WEB-ITM-1110,/files/media/product/blackwhite1ltr.webp,229,/files/media/product/blackwhite1ltr.webp
WEB-ITM-1109,/files/media/product/blackwhite375ml.jpeg,231,/files/media/product/blackwhite375ml.jpeg
WEB-ITM-1108,/files/media/product/black-and-white-750ml.webp,232,/files/media/product/black-and-white-750ml.webp
WEB-ITM-1107,/files/media/product/BALLANTINES FINEST WHISKY 12YRS 750ml.jpeg,166,/files/media/product/BALLANTINES FINEST WHISKY 12YRS 750ml.jpeg
WEB-ITM-1106,/files/media/product/auchentoshanwhisky750ml.jpeg,131,/files/media/product/auchentoshanwhisky750ml.jpeg
WEB-ITM-1105,/files/media/product/redlabel.jpg,1118,/files/media/product/redlabel.jpg
WEB-ITM-1104,/files/media/product/johnwalkergoldreserve1ltr.webp,1113,/files/media/product/johnwalkergoldreserve1ltr.webp
WEB-ITM-1103,/files/media/product/double-black.webp,1110,/files/media/product/double-black.webp
WEB-ITM-1102,/files/media/product/double-black (1).webp,1111,/files/media/product/double-black (1).webp
WEB-ITM-1101,/files/media/product/WHYTE & MACKAY WHISKY 350ML.jpeg,2111,/files/media/product/WHYTE & MACKAY WHISKY 350ML.jpeg
WEB-ITM-1100,/files/media/product/johnnie-walker-gold-label-reserve.webp,1114,/files/media/product/johnnie-walker-gold-label-reserve.webp
WEB-ITM-1099,/files/media/product/jwwhitewalke.webp,1122,/files/media/product/jwwhitewalke.webp
WEB-ITM-1098,/files/media/product/highlandqueen1l.png,989,/files/media/product/highlandqueen1l.png
WEB-ITM-1097,/files/media/product/grant's375ml.jpeg,906,/files/media/product/grant's375ml.jpeg
WEB-ITM-1096,/files/media/product/chivasregal12yo40lcradle4.5ltr.jpeg,454,/files/media/product/chivasregal12yo40lcradle4.5ltr.jpeg
WEB-ITM-1095,/files/media/product/johnniewalkerice.webp,1099,/files/media/product/johnniewalkerice.webp
WEB-ITM-1094,/files/media/product/ABERLOUR SPEYSIDE 12YRS WHISKY 1LTR.jpeg,2171,/files/media/product/ABERLOUR SPEYSIDE 12YRS WHISKY 1LTR.jpeg
WEB-ITM-1093,/files/media/product/imperialblue40750ml.webp,1007,/files/media/product/imperialblue40750ml.webp
WEB-ITM-1092,/files/media/product/ROYAL CHALLENGE WHISKY RED 750ML.webp,1705,/files/media/product/ROYAL CHALLENGE WHISKY RED 750ML.webp
WEB-ITM-1091,/files/media/product/JAMESON STOUT 750ML.jpeg,1068,/files/media/product/JAMESON STOUT 750ML.jpeg
WEB-ITM-1090,/files/media/product/Glenfiddichreservecask.jpg,853,/files/media/product/Glenfiddichreservecask.jpg
WEB-ITM-1089,/files/media/product/jackd.singlebarrel750ml.webp,1035,/files/media/product/jackd.singlebarrel750ml.webp
WEB-ITM-1088,/files/media/product/lagavulin.webp,1251,/files/media/product/lagavulin.webp
WEB-ITM-1087,/files/media/product/cardhu12yo75cl.jpg,383,/files/media/product/cardhu12yo75cl.jpg
WEB-ITM-1086,/files/media/product/Bushmills-80-20-bottle-and-container.jpg,309,/files/media/product/Bushmills-80-20-bottle-and-container.jpg
WEB-ITM-1085,/files/media/product/ABERLOUR SPEYSIDE 12YRS 700ML.jpeg,2172,/files/media/product/ABERLOUR SPEYSIDE 12YRS 700ML.jpeg
WEB-ITM-1084,/files/media/product/TALISKER SINGLE MALT 700ML.jpeg,1922,/files/media/product/TALISKER SINGLE MALT 700ML.jpeg
WEB-ITM-1083,"/files/media/product/jackdanielssourmashno7,-legacyedition7700ml.webp",1036,"/files/media/product/jackdanielssourmashno7,-legacyedition7700ml.webp"
WEB-ITM-1082,/files/media/product/jackdanielssourmash.webp,1037,/files/media/product/jackdanielssourmash.webp
WEB-ITM-1081,/files/media/product/jdsinatra.webp,1034,/files/media/product/jdsinatra.webp
WEB-ITM-1080,/files/media/product/gentleman_jack_01.webp,817,/files/media/product/gentleman_jack_01.webp
WEB-ITM-1079,/files/media/product/jackdaniels1ltr.jpg,1021,/files/media/product/jackdaniels1ltr.jpg
WEB-ITM-1078,/files/media/product/jackdanielsmasterdistiller1ltr.jpeg,1022,/files/media/product/jackdanielsmasterdistiller1ltr.jpeg
WEB-ITM-1077,/files/media/product/jd375.webp,1024,/files/media/product/jd375.webp
WEB-ITM-1076,/files/media/product/JACK DANIELS APPLE 700ML.jpg,1026,/files/media/product/JACK DANIELS APPLE 700ML.jpg
WEB-ITM-1075,/files/media/product/JACK DANIELS LEGACY EDITION 1 1LTR.jpeg,1032,/files/media/product/JACK DANIELS LEGACY EDITION 1 1LTR.jpeg
WEB-ITM-1074,/files/media/product/jackdaniels3ltr.jpeg,1039,/files/media/product/jackdaniels3ltr.jpeg
WEB-ITM-1073,/files/media/product/jackdaniesapple.jpg,1025,/files/media/product/jackdaniesapple.jpg
WEB-ITM-1072,/files/media/product/jackdaniels1ltr.jpg,1023,/files/media/product/jackdaniels1ltr.jpg
WEB-ITM-1071,/files/media/product/jdfire.webp,1019,/files/media/product/jdfire.webp
WEB-ITM-1070,/files/media/product/jdfire.jpg,1029,/files/media/product/jdfire.jpg
WEB-ITM-1069,/files/media/product/jd honey.jpg,1020,/files/media/product/jd honey.jpg
WEB-ITM-1068,/files/media/product/JACK DANIELS RYE 1LTR.webp,2330,/files/media/product/JACK DANIELS RYE 1LTR.webp
WEB-ITM-1067,/files/media/product/POMMERY ROYAL BRUT 750ML.jpeg,1632,/files/media/product/POMMERY ROYAL BRUT 750ML.jpeg
WEB-ITM-1066,/files/media/product/NEDERBURG - LYRIC 750ML.jpg,1515,/files/media/product/NEDERBURG - LYRIC 750ML.jpg
WEB-ITM-1065,/files/media/product/FRONTERA-AFTER-MIDNIGHT-750ML.jpg,781,/files/media/product/FRONTERA-AFTER-MIDNIGHT-750ML.jpg
WEB-ITM-1064,/files/media/product/Namaqua_blanc.webp,1496,/files/media/product/Namaqua_blanc.webp
WEB-ITM-1063,/files/media/product/calvetsancerreblanc750ml.webp,349,/files/media/product/calvetsancerreblanc750ml.webp
WEB-ITM-1062,/files/media/product/kwv3yrsbrandy750ml.jpeg,1236,/files/media/product/kwv3yrsbrandy750ml.jpeg
WEB-ITM-1061,/files/media/product/VILAVERARONI Prosecco Brut 750ML.jpg,2063,/files/media/product/VILAVERARONI Prosecco Brut 750ML.jpg
WEB-ITM-1060,/files/media/product/domperignonbrut750ml.jpeg,612,/files/media/product/domperignonbrut750ml.jpeg
WEB-ITM-1059,/files/media/product/RUINART BRUT 750ML.jpg,2245,/files/media/product/RUINART BRUT 750ML.jpg
WEB-ITM-1058,/files/media/product/KWV CUVEE BRUT 750ML.webp,2227,/files/media/product/KWV CUVEE BRUT 750ML.webp
WEB-ITM-1057,/files/media/product/swartland winery.jpg,1905,/files/media/product/swartland winery.jpg
WEB-ITM-1056,/files/media/product/trumpetercabernetfranc2021750ml.jpg,2012,/files/media/product/trumpetercabernetfranc2021750ml.jpg
WEB-ITM-1055,/files/media/product/welmoedcabernetsauvignon750ml.jpeg,2075,/files/media/product/welmoedcabernetsauvignon750ml.jpeg
WEB-ITM-1054,/files/media/product/Trumpeter-Cab-Sauv-750ml-600x600-1.jpg,2013,/files/media/product/Trumpeter-Cab-Sauv-750ml-600x600-1.jpg
WEB-ITM-1053,/files/media/product/stellenboschvineyardscabernetsauvignon750ml.jpeg,1884,/files/media/product/stellenboschvineyardscabernetsauvignon750ml.jpeg
WEB-ITM-1052,/files/media/product/nederbergcarb(5600)750ml.ashx,1508,/files/media/product/nederbergcarb(5600)750ml.ashx
WEB-ITM-1051,/files/media/product/nederburgcabsauv250ml.jpg,1510,/files/media/product/nederburgcabsauv250ml.jpg
WEB-ITM-1050,/files/media/product/nederburgcarbsauv75cl.jpg,1511,/files/media/product/nederburgcarbsauv75cl.jpg
WEB-ITM-1049,/files/media/product/NATURALYS CAB SAUV 750ML.webp,1504,/files/media/product/NATURALYS CAB SAUV 750ML.webp
WEB-ITM-1048,/files/media/product/namaquacabarenetsauvignon750ml.jpeg,1497,/files/media/product/namaquacabarenetsauvignon750ml.jpeg
WEB-ITM-1047,/files/media/product/kwvclassiccabernetsauvignon750ml.webp,1241,/files/media/product/kwvclassiccabernetsauvignon750ml.webp
WEB-ITM-1046,/files/media/product/gatonegrocarbsauv.jpeg,809,/files/media/product/gatonegrocarbsauv.jpeg
WEB-ITM-1045,/files/media/product/fronteracabsauv.jpg,785,/files/media/product/fronteracabsauv.jpg
WEB-ITM-1044,/files/media/product/fronteracabsauv.png,786,/files/media/product/fronteracabsauv.png
WEB-ITM-1043,/files/media/product/durbanvillehillscabsauv750ml.jpeg,652,/files/media/product/durbanvillehillscabsauv750ml.jpeg
WEB-ITM-1042,/files/media/product/Greenspoon-Kenya-2020-Cabernet-Sauvignon-Bruce-Jack.webp,287,/files/media/product/Greenspoon-Kenya-2020-Cabernet-Sauvignon-Bruce-Jack.webp
WEB-ITM-1041,/files/media/product/bolandcellarcarbanetsauvignon750ml.webp,254,/files/media/product/bolandcellarcarbanetsauvignon750ml.webp
WEB-ITM-1040,/files/media/product/Kiss-Me-Now-front.jpg,119,/files/media/product/Kiss-Me-Now-front.jpg
WEB-ITM-1039,/files/media/product/1659.png,2,/files/media/product/1659.png
WEB-ITM-1038,/files/media/product/piperheidsieckbrutchampagnebottles750ml.jpeg,1629,/files/media/product/piperheidsieckbrutchampagnebottles750ml.jpeg
WEB-ITM-1037,/files/media/product/MOET & CHANDON ICE IMPERIAL ROSE 750ML.jpeg,1445,/files/media/product/MOET & CHANDON ICE IMPERIAL ROSE 750ML.jpeg
WEB-ITM-1036,/files/media/product/luc_belaire_luxe_600x.webp,1322,/files/media/product/luc_belaire_luxe_600x.webp
WEB-ITM-1035,/files/media/product/LANSON CHAMPAIGN 750ML.webp,2303,/files/media/product/LANSON CHAMPAIGN 750ML.webp
WEB-ITM-1034,/files/media/product/GH MUMM 750ML.jpg,818,/files/media/product/GH MUMM 750ML.jpg
WEB-ITM-1033,/files/media/product/taittinger.jpg,1911,/files/media/product/taittinger.jpg
WEB-ITM-1032,/files/media/product/veuveclickquot.jpg,2056,/files/media/product/veuveclickquot.jpg
WEB-ITM-1031,/files/media/product/LUC BELAIRE BRUT GOLD 1.5LTR.webp,2180,/files/media/product/LUC BELAIRE BRUT GOLD 1.5LTR.webp
WEB-ITM-1030,/files/media/product/GRAHAM BECK BRUT ROSE 750ML.jpg,2193,/files/media/product/GRAHAM BECK BRUT ROSE 750ML.jpg
WEB-ITM-1029,/files/media/product/LUC BELAIRE LUXE RARE FANTOM 750ML.jpg,2304,/files/media/product/LUC BELAIRE LUXE RARE FANTOM 750ML.jpg
WEB-ITM-1028,,1451,
WEB-ITM-1027,/files/media/product/LUC BELAIRE ROSE FANTOM 1.5LTR.jpeg,1324,/files/media/product/LUC BELAIRE ROSE FANTOM 1.5LTR.jpeg
WEB-ITM-1026,/files/media/product/VEUVE-CLICQUOT-ROSE.webp,2057,/files/media/product/VEUVE-CLICQUOT-ROSE.webp
WEB-ITM-1025,/files/media/product/taittinger-prestige-rose_1.jpg,1915,/files/media/product/taittinger-prestige-rose_1.jpg
WEB-ITM-1024,/files/media/product/moetchandonrose.jpg,1448,/files/media/product/moetchandonrose.jpg
WEB-ITM-1023,/files/media/product/moetchandonrose.jpg,1452,/files/media/product/moetchandonrose.jpg
WEB-ITM-1022,/files/media/product/moet&chandongrandvintage750ml.webp,1441,/files/media/product/moet&chandongrandvintage750ml.webp
WEB-ITM-1021,/files/media/product/oreandachardonnay750ml.jpeg,1568,/files/media/product/oreandachardonnay750ml.jpeg
WEB-ITM-1020,/files/media/product/nederburgchardonnay750ml.webp,1512,/files/media/product/nederburgchardonnay750ml.webp
WEB-ITM-1019,/files/media/product/lodezchardonnay750ml.jpeg,1293,/files/media/product/lodezchardonnay750ml.jpeg
WEB-ITM-1018,/files/media/product/kwvclassicchardonnay750ml.jpeg,1242,/files/media/product/kwvclassicchardonnay750ml.jpeg
WEB-ITM-1017,/files/media/product/Gato-Negro-Chardonnay-1.5Ltrs.png,810,/files/media/product/Gato-Negro-Chardonnay-1.5Ltrs.png
WEB-ITM-1016,/files/media/product/Gato-Negro-Chardonnay-750ml.png,811,/files/media/product/Gato-Negro-Chardonnay-750ml.png
WEB-ITM-1015,/files/media/product/fronterachardonay.jpeg,787,/files/media/product/fronterachardonay.jpeg
WEB-ITM-1014,/files/media/product/fronterachardonnay750ml.jpeg,788,/files/media/product/fronterachardonnay750ml.jpeg
WEB-ITM-1013,/files/media/product/calvetbourgogne.webp,335,/files/media/product/calvetbourgogne.webp
WEB-ITM-1012,/files/media/product/calvetvarietalschardonnay750ml.webp,351,/files/media/product/calvetvarietalschardonnay750ml.webp
WEB-ITM-1011,/files/media/product/ANG003_6e590dc5-7af1-4aa4-9534-081ebdd7cbe4_439x509.jpg,326,/files/media/product/ANG003_6e590dc5-7af1-4aa4-9534-081ebdd7cbe4_439x509.jpg
WEB-ITM-1010,/files/media/product/brucejackchardonnay.webp,288,/files/media/product/brucejackchardonnay.webp
WEB-ITM-1009,/files/media/product/brucejackreservechardonnay750ml.ashx,293,/files/media/product/brucejackreservechardonnay750ml.ashx
WEB-ITM-1008,/files/media/product/bellinghamhomesteadchardonnay750ml.webp,195,/files/media/product/bellinghamhomesteadchardonnay750ml.webp
WEB-ITM-1007,/files/media/product/18_chardonnay.jpg,6,/files/media/product/18_chardonnay.jpg
WEB-ITM-1006,/files/media/product/welmoedcheninblanc750ml.webp,2077,/files/media/product/welmoedcheninblanc750ml.webp
WEB-ITM-1005,/files/media/product/kwvclassiccheninblanc750ml.jpeg,1243,/files/media/product/kwvclassiccheninblanc750ml.jpeg
WEB-ITM-1004,/files/media/product/Harveys-Bristol-Cream-750ml-600x600-1.jpg,939,/files/media/product/Harveys-Bristol-Cream-750ml-600x600-1.jpg
WEB-ITM-1003,/files/media/product/rosso_nobile_chocolata.webp,1694,/files/media/product/rosso_nobile_chocolata.webp
WEB-ITM-1002,/files/media/product/cremanobilealcioccolata750ml.jpeg,547,/files/media/product/cremanobilealcioccolata750ml.jpeg
WEB-ITM-1001,/files/media/product/rupert-roth.webp,1720,/files/media/product/rupert-roth.webp
WEB-ITM-1000,/files/media/product/moillardchabliscoquillage750ml.jpeg,1459,/files/media/product/moillardchabliscoquillage750ml.jpeg
WEB-ITM-0999,/files/media/product/MAISON CASTEL CUVEE BRUT 750ML.jpeg,1360,/files/media/product/MAISON CASTEL CUVEE BRUT 750ML.jpeg
WEB-ITM-0998,/files/media/product/ESTANCIA MENDOZA MALBEC 750ml.webp,668,/files/media/product/ESTANCIA MENDOZA MALBEC 750ml.webp
WEB-ITM-0997,/files/media/product/MOLINA RESERVA 750ML.webp,2277,/files/media/product/MOLINA RESERVA 750ML.webp
WEB-ITM-0996,/files/media/product/NEDERBURG - SHIRAZ 750ML.jpeg,1522,/files/media/product/NEDERBURG - SHIRAZ 750ML.jpeg
WEB-ITM-0995,/files/media/product/MAISON CASTEL PINOT NOIR 750ML.jpeg,1365,/files/media/product/MAISON CASTEL PINOT NOIR 750ML.jpeg
WEB-ITM-0994,/files/media/product/FIVE'S RESERVE MERLOT ROSE 750ML.jpeg,2273,/files/media/product/FIVE'S RESERVE MERLOT ROSE 750ML.jpeg
WEB-ITM-0993,/files/media/product/ESTANCIA MENDOZA MERLOT 750ml.png,669,/files/media/product/ESTANCIA MENDOZA MERLOT 750ml.png
WEB-ITM-0992,/files/media/product/overmeer5ltr.jpeg,1573,/files/media/product/overmeer5ltr.jpeg
WEB-ITM-0991,/files/media/product/DROSTDY HOF CLARET 3LTR.webp,638,/files/media/product/DROSTDY HOF CLARET 3LTR.webp
WEB-ITM-0990,/files/media/product/SOUTHERN OCEAN SAUV BLANC 750ML.jpeg,1861,/files/media/product/SOUTHERN OCEAN SAUV BLANC 750ML.jpeg
WEB-ITM-0989,/files/media/product/DROSTDY DRY WHITE 3LTR.jpeg,642,/files/media/product/DROSTDY DRY WHITE 3LTR.jpeg
WEB-ITM-0988,/files/media/product/nederburgduet750ml.jpeg,1513,/files/media/product/nederburgduet750ml.jpeg
WEB-ITM-0987,/files/media/product/nederburgedelrood750ml.webp,1514,/files/media/product/nederburgedelrood750ml.webp
WEB-ITM-0986,/files/media/product/frontera-late-harvest.webp,789,/files/media/product/frontera-late-harvest.webp
WEB-ITM-0985,/files/media/product/trumpetermalbec750ml.jpg,2014,/files/media/product/trumpetermalbec750ml.jpg
WEB-ITM-0984,/files/media/product/sanfelipeoakmalbec750ml.jpeg,1736,/files/media/product/sanfelipeoakmalbec750ml.jpeg
WEB-ITM-0983,/files/media/product/regalmalbec.png,1666,/files/media/product/regalmalbec.png
WEB-ITM-0982,/files/media/product/Playa del Sol MALBEC75OML.jpeg,1630,/files/media/product/Playa del Sol MALBEC75OML.jpeg
WEB-ITM-0981,/files/media/product/michelTorino.jpg,1425,/files/media/product/michelTorino.jpg
WEB-ITM-0980,/files/media/product/michel torino.jpg,1431,/files/media/product/michel torino.jpg
WEB-ITM-0979,/files/media/product/brucejack.webp,291,/files/media/product/brucejack.webp
WEB-ITM-0978,/files/media/product/brazosmalbec750ml.png,277,/files/media/product/brazosmalbec750ml.png
WEB-ITM-0977,/files/media/product/rutini-encuentro-malbec.webp,1725,/files/media/product/rutini-encuentro-malbec.webp
WEB-ITM-0976,/files/media/product/legendemedoc750ml.jpeg,1282,/files/media/product/legendemedoc750ml.jpeg
WEB-ITM-0975,/files/media/product/jp chenet merlot.jpg,1151,/files/media/product/jp chenet merlot.jpg
WEB-ITM-0974,/files/media/product/welmoed.png,2078,/files/media/product/welmoed.png
WEB-ITM-0973,/files/media/product/warwick.webp,2070,/files/media/product/warwick.webp
WEB-ITM-0972,/files/media/product/Trumpeter-Cab-Sauv-750ml-600x600-1.jpg,2015,/files/media/product/Trumpeter-Cab-Sauv-750ml-600x600-1.jpg
WEB-ITM-0971,/files/media/product/Tall Horse Merlot 750mL-1Q0I7SbR52.jpg,1928,/files/media/product/Tall Horse Merlot 750mL-1Q0I7SbR52.jpg
WEB-ITM-0970,/files/media/product/Simonsig Cab Sauv Merlot 750ml.jpg,1793,/files/media/product/Simonsig Cab Sauv Merlot 750ml.jpg
WEB-ITM-0969,/files/Gerard-Bertrand-Naturalys-Merlot.webp,2239,/files/Gerard-Bertrand-Naturalys-Merlot.webp
WEB-ITM-0968,/files/media/product/KWV-Merlot-750ML.png,1244,/files/media/product/KWV-Merlot-750ML.png
WEB-ITM-0967,/files/media/product/jacobscreekmerlot.jpeg,1045,/files/media/product/jacobscreekmerlot.jpeg
WEB-ITM-0966,/files/media/product/Gato-Negro-Cab-Merlot-750ml-600x600-1.jpg,807,/files/media/product/Gato-Negro-Cab-Merlot-750ml-600x600-1.jpg
WEB-ITM-0965,/files/media/product/gatonegromerlot.webp,813,/files/media/product/gatonegromerlot.webp
WEB-ITM-0964,/files/media/product/fronteramerlot15ltr.jpg,790,/files/media/product/fronteramerlot15ltr.jpg
WEB-ITM-0963,/files/media/product/frontera merlot.jpeg,791,/files/media/product/frontera merlot.jpeg
WEB-ITM-0962,/files/media/product/douglas-green-merlot.jpg,632,/files/media/product/douglas-green-merlot.jpg
WEB-ITM-0961,/files/media/product/culemborgmerlot750ml.jpeg,552,/files/media/product/culemborgmerlot750ml.jpeg
WEB-ITM-0960,/files/media/product/brucejackmerlot750ml.webp,290,/files/media/product/brucejackmerlot750ml.webp
WEB-ITM-0959,/files/media/product/CASA SOLIS MERLOT 750ML.webp,405,/files/media/product/CASA SOLIS MERLOT 750ML.webp
WEB-ITM-0958,/files/media/product/Vina_Maipo_Moscato.jpg,2065,/files/media/product/Vina_Maipo_Moscato.jpg
WEB-ITM-0957,/files/media/product/jpchenet_pineapple.png,1144,/files/media/product/jpchenet_pineapple.png
WEB-ITM-0956,/files/media/product/EXPRESSION PINK ROSE 750ML.jpg,2218,/files/media/product/EXPRESSION PINK ROSE 750ML.jpg
WEB-ITM-0955,/files/media/product/nederburgpinotage750ml.jpeg,1518,/files/media/product/nederburgpinotage750ml.jpeg
WEB-ITM-0954,/files/media/product/kwvpinotage750ml.ashx,1248,/files/media/product/kwvpinotage750ml.ashx
WEB-ITM-0953,/files/media/product/durbanvillehillspinotage750ml.jpeg,654,/files/media/product/durbanvillehillspinotage750ml.jpeg
WEB-ITM-0952,/files/media/product/bellinghamhomesteadpinotage750ml.jpg,196,/files/media/product/bellinghamhomesteadpinotage750ml.jpg
WEB-ITM-0951,/files/media/product/COCKBURN FINE TAWNY 1LTR.webp,503,/files/media/product/COCKBURN FINE TAWNY 1LTR.webp
WEB-ITM-0950,/files/media/product/BOTTEGA GOLD 750ML.png,2346,/files/media/product/BOTTEGA GOLD 750ML.png
WEB-ITM-0949,/files/media/product/BOTTEGA WHITE GOLD 750ML.webp,2345,/files/media/product/BOTTEGA WHITE GOLD 750ML.webp
WEB-ITM-0948,/files/media/product/LE BOLICINE PROSECO 750ML.png,1268,/files/media/product/LE BOLICINE PROSECO 750ML.png
WEB-ITM-0947,/files/media/product/ZONIN Prosecco 750ML.jpg,2153,/files/media/product/ZONIN Prosecco 750ML.jpg
WEB-ITM-0946,/files/media/product/versus-sweet-red-.jpg,2052,/files/media/product/versus-sweet-red-.jpg
WEB-ITM-0945,/files/media/product/Buy-Versus-Sweet-Red-online-in-Nairobi.png,2053,/files/media/product/Buy-Versus-Sweet-Red-online-in-Nairobi.png
WEB-ITM-0944,/files/media/product/twooceanscarbanetsauvignonmerlot750ml.ashx,2444,/files/media/product/twooceanscarbanetsauvignonmerlot750ml.ashx
WEB-ITM-0943,/files/media/product/TWIGA HILL 750ML.jpeg,2034,/files/media/product/TWIGA HILL 750ML.jpeg
WEB-ITM-0942,/files/media/product/TOMMASI AMARONE DELLA VALPOLICELLA CLASSICO 750ML.webp,2002,/files/media/product/TOMMASI AMARONE DELLA VALPOLICELLA CLASSICO 750ML.webp
WEB-ITM-0941,/files/media/product/starchaser.jpg,1881,/files/media/product/starchaser.jpg
WEB-ITM-0940,/files/media/product/Abbazia-san-gaudenzio-fiorino-oro-asti-spumante-docg.jpg,1867,/files/media/product/Abbazia-san-gaudenzio-fiorino-oro-asti-spumante-docg.jpg
WEB-ITM-0939,/files/media/product/Simonsig cabernet sauvignon shiraz 750ml.jpg,1794,/files/media/product/Simonsig cabernet sauvignon shiraz 750ml.jpg
WEB-ITM-0938,/files/media/product/Simonsig Pinotage 750ml.jpg,1796,/files/media/product/Simonsig Pinotage 750ml.jpg
WEB-ITM-0937,/files/media/product/SANTA HELENA TINTO 750ML.jpg,1758,/files/media/product/SANTA HELENA TINTO 750ML.jpg
WEB-ITM-0936,/files/media/product/SANDEMAN FINE RUBY 1000ML.jpg,1746,/files/media/product/SANDEMAN FINE RUBY 1000ML.jpg
WEB-ITM-0935,/files/media/product/sandara_sangria.png,1741,/files/media/product/sandara_sangria.png
WEB-ITM-0934,/files/media/product/SAINT CELINE RED WINE 750ML.jpeg,1729,/files/media/product/SAINT CELINE RED WINE 750ML.jpeg
WEB-ITM-0933,/files/media/product/images (8).jpeg,1719,/files/media/product/images (8).jpeg
WEB-ITM-0932,/files/media/product/ROCHE MAZET GRENACHE 750ML.jpeg,1682,/files/media/product/ROCHE MAZET GRENACHE 750ML.jpeg
WEB-ITM-0931,/files/media/product/roccadeifortired750ml.jpeg,1678,/files/media/product/roccadeifortired750ml.jpeg
WEB-ITM-0930,/files/media/product/robertson-sweet-red-750 (1).png,1670,/files/media/product/robertson-sweet-red-750 (1).png
WEB-ITM-0929,/files/media/product/robertsonwinerypinotage750ml.jpeg,1677,/files/media/product/robertsonwinerypinotage750ml.jpeg
WEB-ITM-0928,/files/media/product/RIB SHACK RED 750ML.jpeg,1661,/files/media/product/RIB SHACK RED 750ML.jpeg
WEB-ITM-0927,/files/media/product/pierremarcelsweetred750ml.jpeg,1623,/files/media/product/pierremarcelsweetred750ml.jpeg
WEB-ITM-0926,/files/media/product/PENASOL ALREN 750ML.jpeg,1602,/files/media/product/PENASOL ALREN 750ML.jpeg
WEB-ITM-0925,/files/media/product/images (7).jpeg,1604,/files/media/product/images (7).jpeg
WEB-ITM-0924,/files/media/product/nobledryred750ml.webp,1531,/files/media/product/nobledryred750ml.webp
WEB-ITM-0923,/files/media/product/namaquajohannisbergerred5ltr.jpeg,1500,/files/media/product/namaquajohannisbergerred5ltr.jpeg
WEB-ITM-0922,/files/media/product/namaquasweetred5ltr.jpeg,1502,/files/media/product/namaquasweetred5ltr.jpeg
WEB-ITM-0921,/files/media/product/Namaquasweetwhite.png,1503,/files/media/product/Namaquasweetwhite.png
WEB-ITM-0920,/files/media/product/Mucho-Mas-Vino-Tinto-75cl.jpg,1487,/files/media/product/Mucho-Mas-Vino-Tinto-75cl.jpg
WEB-ITM-0919,/files/media/product/moscateldesetubal750ml.webp,1478,/files/media/product/moscateldesetubal750ml.webp
WEB-ITM-0918,/files/media/product/MIRADOR RED 750ML.jpeg,1438,/files/media/product/MIRADOR RED 750ML.jpeg
WEB-ITM-0917,/files/media/product/mikado.avif,1435,/files/media/product/mikado.avif
WEB-ITM-0916,/files/media/product/Menage_a_Trois_Folie_Red.jpg,1418,/files/media/product/Menage_a_Trois_Folie_Red.jpg
WEB-ITM-0915,/files/media/product/MATEUS 1LTR.jpeg,1411,/files/media/product/MATEUS 1LTR.jpeg
WEB-ITM-0914,/files/media/product/LAURENT 750ML.jpeg,1266,/files/media/product/LAURENT 750ML.jpeg
WEB-ITM-0913,/files/media/product/LA MAUQUELINE 750ML.webp,1250,/files/media/product/LA MAUQUELINE 750ML.webp
WEB-ITM-0912,/files/media/product/KWV CAPE RUBY 750ML.png,1239,/files/media/product/KWV CAPE RUBY 750ML.png
WEB-ITM-0911,/files/media/product/kanonkop-estate-cabernet-sauvignon.webp,1173,/files/media/product/kanonkop-estate-cabernet-sauvignon.webp
WEB-ITM-0910,/files/media/product/jpchenetsauvblanc.jpg,1152,/files/media/product/jpchenetsauvblanc.jpg
WEB-ITM-0909,/files/media/product/jacobscreekchardonnay750ml.jpg,1044,/files/media/product/jacobscreekchardonnay750ml.jpg
WEB-ITM-0908,/files/media/product/heritageaoplanguedoc750ml.jpeg,968,/files/media/product/heritageaoplanguedoc750ml.jpeg
WEB-ITM-0907,/files/media/product/GATO NEGRO CARMENERE 750ML.webp,2221,/files/media/product/GATO NEGRO CARMENERE 750ML.webp
WEB-ITM-0906,/files/media/product/20210731_150603-011-1-scaled.jpeg,800,/files/media/product/20210731_150603-011-1-scaled.jpeg
WEB-ITM-0905,/files/media/product/fourcousinsweetred15ltr.jpeg,745,/files/media/product/fourcousinsweetred15ltr.jpeg
WEB-ITM-0904,/files/media/product/fourcousinsred750ml.webp,750,/files/media/product/fourcousinsred750ml.webp
WEB-ITM-0903,/files/media/product/Natural-sweet-red-four-cousins.jpg,753,/files/media/product/Natural-sweet-red-four-cousins.jpg
WEB-ITM-0902,/files/media/product/FINCA LOS ALTOS 750ML.jpg,2272,/files/media/product/FINCA LOS ALTOS 750ML.jpg
WEB-ITM-0901,/files/media/product/ESTANCIA MENDOZA 750ML.jpeg,667,/files/media/product/ESTANCIA MENDOZA 750ML.jpeg
WEB-ITM-0900,/files/media/product/DUCHESALIA BARBERA 750ML.webp,2216,/files/media/product/DUCHESALIA BARBERA 750ML.webp
WEB-ITM-0899,/files/media/product/drostdy-hofclaret750ml.jpg,643,/files/media/product/drostdy-hofclaret750ml.jpg
WEB-ITM-0898,/files/media/product/culemborg_cape_red.jpg,549,/files/media/product/culemborg_cape_red.jpg
WEB-ITM-0897,/files/media/product/culemborgs.ared75cl.jpeg,553,/files/media/product/culemborgs.ared75cl.jpeg
WEB-ITM-0896,/files/media/product/thechocolateblock750ml.jpg,1960,/files/media/product/thechocolateblock750ml.jpg
WEB-ITM-0895,/files/media/product/Chamdor-Red-750ml.jpg,428,/files/media/product/Chamdor-Red-750ml.jpg
WEB-ITM-0894,/files/media/product/cellar_red_5ltr.467.png,423,/files/media/product/cellar_red_5ltr.467.png
WEB-ITM-0893,/files/media/product/images (5).jpeg,424,/files/media/product/images (5).jpeg
WEB-ITM-0892,/files/media/product/casabuenasweetred1ltr.jpg,399,/files/media/product/casabuenasweetred1ltr.jpg
WEB-ITM-0891,/files/media/product/carlo rossi red.webp,391,/files/media/product/carlo rossi red.webp
WEB-ITM-0890,/files/media/product/carlo rossi.webp,394,/files/media/product/carlo rossi.webp
WEB-ITM-0889,/files/media/product/CAPE AUCTION 750ML.avif,2267,/files/media/product/CAPE AUCTION 750ML.avif
WEB-ITM-0888,/files/media/product/CALVET GRANDE RESERVE BORDEAUX 1.5LTR.jpeg,344,/files/media/product/CALVET GRANDE RESERVE BORDEAUX 1.5LTR.jpeg
WEB-ITM-0887,/files/media/product/calvetvarietalssyrah750ml.jpg,354,/files/media/product/calvetvarietalssyrah750ml.jpg
WEB-ITM-0886,/files/media/product/BRUCE JACK 750ML.jpeg,286,/files/media/product/BRUCE JACK 750ML.jpeg
WEB-ITM-0885,/files/media/product/BON VOYAGE 750ML.jpg,2212,/files/media/product/BON VOYAGE 750ML.jpg
WEB-ITM-0884,/files/media/product/BIG OAK RED 750ML.jpeg,225,/files/media/product/BIG OAK RED 750ML.jpeg
WEB-ITM-0883,/files/media/product/BARON DE LESTAC BORDEAUX 750ML.jpeg,181,/files/media/product/BARON DE LESTAC BORDEAUX 750ML.jpeg
WEB-ITM-0882,/files/media/product/ARNISTON BAY RED 750ML.jpeg,116,/files/media/product/ARNISTON BAY RED 750ML.jpeg
WEB-ITM-0881,/files/media/product/Angelo red 750ml.jpg,98,/files/media/product/Angelo red 750ml.jpg
WEB-ITM-0880,/files/media/product/andrerubyred750ml.jpg,97,/files/media/product/andrerubyred750ml.jpg
WEB-ITM-0879,/files/media/product/TOMMASI AMARONE 750ML.webp,2001,/files/media/product/TOMMASI AMARONE 750ML.webp
WEB-ITM-0878,/files/media/product/amani-bay-sweet-red.webp,86,/files/media/product/amani-bay-sweet-red.webp
WEB-ITM-0877,/files/media/product/ALTAR WINE 750ml.jpeg,83,/files/media/product/ALTAR WINE 750ml.jpeg
WEB-ITM-0876,/files/media/product/5thcarinosweetred750ml.jpg,24,/files/media/product/5thcarinosweetred750ml.jpg
WEB-ITM-0875,/files/media/product/4th-street-red 1.5l.png,13,/files/media/product/4th-street-red 1.5l.png
WEB-ITM-0874,/files/media/product/4th-street-red-5l.png,14,/files/media/product/4th-street-red-5l.png
WEB-ITM-0873,/files/media/product/4thstreetred.jpg,15,/files/media/product/4thstreetred.jpg
WEB-ITM-0872,/files/media/product/NEDERBURG - BARONE 750ML.jpg,1509,/files/media/product/NEDERBURG - BARONE 750ML.jpg
WEB-ITM-0871,/files/media/product/gallo_family_cab_750.webp,803,/files/media/product/gallo_family_cab_750.webp
WEB-ITM-0870,/files/media/product/casasoliscarbanetsavignon750ml.png,404,/files/media/product/casasoliscarbanetsavignon750ml.png
WEB-ITM-0869,/files/media/product/SECRET SAFARI CHERRY RED 750ML.jpg,2325,/files/media/product/SECRET SAFARI CHERRY RED 750ML.jpg
WEB-ITM-0868,/files/media/product/rossonobilecherry750ml.webp,1693,/files/media/product/rossonobilecherry750ml.webp
WEB-ITM-0867,/files/media/product/FAIRVIEW SHIRAZ 750ML.webp,674,/files/media/product/FAIRVIEW SHIRAZ 750ML.webp
WEB-ITM-0866,/files/media/product/images (15).jpeg,133,/files/media/product/images (15).jpeg
WEB-ITM-0865,/files/media/product/ARGENTO SHIRAZ 750ml.jpg,112,/files/media/product/ARGENTO SHIRAZ 750ml.jpg
WEB-ITM-0864,/files/media/product/ANGOVE MCLAREN VALE SHIRAZ 2016 750ML.jpg,2177,/files/media/product/ANGOVE MCLAREN VALE SHIRAZ 2016 750ML.jpg
WEB-ITM-0863,/files/media/product/TOMMASI PINOTAGE 750ML.jpeg,2003,/files/media/product/TOMMASI PINOTAGE 750ML.jpeg
WEB-ITM-0862,/files/media/product/PAINTED WOLF PINOTAGE 750ML.webp,2313,/files/media/product/PAINTED WOLF PINOTAGE 750ML.webp
WEB-ITM-0861,/files/media/product/TOMMASI MERLOT 750ML.webp,2254,/files/media/product/TOMMASI MERLOT 750ML.webp
WEB-ITM-0860,/files/media/product/ROCHE MAZET MERLOT.jpeg,1683,/files/media/product/ROCHE MAZET MERLOT.jpeg
WEB-ITM-0859,/files/media/product/NEDERBURG - MERLOT 750ML.webp,1517,/files/media/product/NEDERBURG - MERLOT 750ML.webp
WEB-ITM-0858,/files/media/product/LA CAPRA MERLOT 750ML.jpg,2229,/files/media/product/LA CAPRA MERLOT 750ML.jpg
WEB-ITM-0857,/files/media/product/GATONEGRO MERLOT 1.5LTR.jpg,812,/files/media/product/GATONEGRO MERLOT 1.5LTR.jpg
WEB-ITM-0856,/files/media/product/ASCONI WINERY MERLOT 700ML.jpeg,126,/files/media/product/ASCONI WINERY MERLOT 700ML.jpeg
WEB-ITM-0855,/files/media/product/CATENA MALBEC 750ML.jpg,415,/files/media/product/CATENA MALBEC 750ML.jpg
WEB-ITM-0854,/files/media/product/ARGENTO ORGANIC MALBEC 750ml.webp,110,/files/media/product/ARGENTO ORGANIC MALBEC 750ml.webp
WEB-ITM-0853,/files/media/product/bolandcellarcabernetshiraz750ml.webp,255,/files/media/product/bolandcellarcabernetshiraz750ml.webp
WEB-ITM-0852,/files/media/product/ASCONI CAB SAUV ROSE 750ML.webp,2209,/files/media/product/ASCONI CAB SAUV ROSE 750ML.webp
WEB-ITM-0851,/files/media/product/ASCONI CAB SAUV MERLOT 750ML.webp,2208,/files/media/product/ASCONI CAB SAUV MERLOT 750ML.webp
WEB-ITM-0850,/files/media/product/VAN LOVEREN CAB SAUV 700ML.webp,2255,/files/media/product/VAN LOVEREN CAB SAUV 700ML.webp
WEB-ITM-0849,/files/media/product/TWIGA HILL CAB SAUV 700ML.jpg,2287,/files/media/product/TWIGA HILL CAB SAUV 700ML.jpg
WEB-ITM-0848,/files/media/product/TUSSOCK JUMPER CAB SAUV 750ml.png,2031,/files/media/product/TUSSOCK JUMPER CAB SAUV 750ml.png
WEB-ITM-0847,/files/media/product/PAINTED WOLF CAB SAUV 750ML.webp,2312,/files/media/product/PAINTED WOLF CAB SAUV 750ML.webp
WEB-ITM-0846,/files/media/product/ASCONI WINERY CAB SAUV 700ML.jpeg,125,/files/media/product/ASCONI WINERY CAB SAUV 700ML.jpeg
WEB-ITM-0845,/files/media/product/PENASOL BRUT 750ML.webp,1603,/files/media/product/PENASOL BRUT 750ML.webp
WEB-ITM-0844,/files/media/product/Tilia-Malbec-750ml-600x600-2-1.jpg,1994,/files/media/product/Tilia-Malbec-750ml-600x600-2-1.jpg
WEB-ITM-0843,/files/media/product/tall horse.jpeg,1924,/files/media/product/tall horse.jpeg
WEB-ITM-0842,/files/media/product/SWARTLAND SYRAH 750ML.jpg,2250,/files/media/product/SWARTLAND SYRAH 750ML.jpg
WEB-ITM-0841,/files/media/product/RUTINI MENDOZA 750ML.webp,2315,/files/media/product/RUTINI MENDOZA 750ML.webp
WEB-ITM-0840,/files/media/product/robertsonwinerycarbernetsauvignon750ml.jpeg,1676,/files/media/product/robertsonwinerycarbernetsauvignon750ml.jpeg
WEB-ITM-0839,/files/media/product/namaquadryred5ltr.jpeg,1498,/files/media/product/namaquadryred5ltr.jpeg
WEB-ITM-0838,/files/media/product/namaquadryred750ml.jpg,1499,/files/media/product/namaquadryred750ml.jpg
WEB-ITM-0837,/files/media/product/MAISON CASTEL MEDOC 750ML.webp,2233,/files/media/product/MAISON CASTEL MEDOC 750ML.webp
WEB-ITM-0836,/files/media/product/CASTEL SYRAH 750ML.webp,2234,/files/media/product/CASTEL SYRAH 750ML.webp
WEB-ITM-0835,/files/media/product/fourcousinsreddry15ltr.jpeg,751,/files/media/product/fourcousinsreddry15ltr.jpeg
WEB-ITM-0834,/files/media/product/DROSTDY HOF RED 375ML.jpeg,639,/files/media/product/DROSTDY HOF RED 375ML.jpeg
WEB-ITM-0833,/files/media/product/CONSIGNA MERLOT 750ML.webp,2186,/files/media/product/CONSIGNA MERLOT 750ML.webp
WEB-ITM-0832,/files/media/product/carnivor750ml.jpg,398,/files/media/product/carnivor750ml.jpg
WEB-ITM-0831,/files/media/product/capricereddrytetra1ltr.jpg,371,/files/media/product/capricereddrytetra1ltr.jpg
WEB-ITM-0830,/files/media/product/asconipastoral750ml.jpg,123,/files/media/product/asconipastoral750ml.jpg
WEB-ITM-0829,/files/media/product/asconired-semidrywine750ml.jpeg,124,/files/media/product/asconired-semidrywine750ml.jpeg
WEB-ITM-0828,/files/media/product/AG FORTY SEVEN MALBEC SHIRAZ 750ML.jpg,2173,/files/media/product/AG FORTY SEVEN MALBEC SHIRAZ 750ML.jpg
WEB-ITM-0827,/files/media/product/2SHARE 750ML.jpeg,11,/files/media/product/2SHARE 750ML.jpeg
WEB-ITM-0826,/files/media/product/rutiniwhite.png,1726,/files/media/product/rutiniwhite.png
WEB-ITM-0825,/files/media/product/ARNEGUI RIOJA 750ML.jpeg,114,/files/media/product/ARNEGUI RIOJA 750ML.jpeg
WEB-ITM-0824,/files/media/product/lodezmerlotred750ml.jpeg,1295,/files/media/product/lodezmerlotred750ml.jpeg
WEB-ITM-0823,/files/media/product/fransschoek-merlot.webp,775,/files/media/product/fransschoek-merlot.webp
WEB-ITM-0822,/files/media/product/rosso-nobile-nougat.jpg,1698,/files/media/product/rosso-nobile-nougat.jpg
WEB-ITM-0821,/files/media/product/Sumarroca Vincles Organic Tinto.png,2291,/files/media/product/Sumarroca Vincles Organic Tinto.png
WEB-ITM-0820,/files/media/product/CONSIGNIA SHIRAZ 750ML.jpeg,525,/files/media/product/CONSIGNIA SHIRAZ 750ML.jpeg
WEB-ITM-0819,/files/media/product/AUSTRALIAN BUSH SHIRAZ 750ML.jpeg,134,/files/media/product/AUSTRALIAN BUSH SHIRAZ 750ML.jpeg
WEB-ITM-0818,/files/media/product/CINZANO VINO SPUMANTE 750ML.jpg,478,/files/media/product/CINZANO VINO SPUMANTE 750ML.jpg
WEB-ITM-0817,/files/media/product/ROSSO NOBILE NACIOLLA 750ML.jpeg,1697,/files/media/product/ROSSO NOBILE NACIOLLA 750ML.jpeg
WEB-ITM-0816,/files/media/product/Buy-Rosso-Nobile-Raspberry-and-Lemon-Bubbly-750ml-online-in-Nairobi.jpg,1699,/files/media/product/Buy-Rosso-Nobile-Raspberry-and-Lemon-Bubbly-750ml-online-in-Nairobi.jpg
WEB-ITM-0815,/files/media/product/VINA MAIPO SWEET RED 750ML.avif,2068,/files/media/product/VINA MAIPO SWEET RED 750ML.avif
WEB-ITM-0814,/files/media/product/SAINT CELINE RED WINE 750ML.jpeg,1876,/files/media/product/SAINT CELINE RED WINE 750ML.jpeg
WEB-ITM-0813,/files/media/product/pierre-marcel.webp,1622,/files/media/product/pierre-marcel.webp
WEB-ITM-0812,/files/media/product/PENASOL SANGRIA1.5 LTRS.jpg,1605,/files/media/product/PENASOL SANGRIA1.5 LTRS.jpg
WEB-ITM-0811,/files/media/product/SWEET_RED_Nobel.jpg.180x0_q85_autocrop_crop-smart_upscale-1100x1100-1.jpg,1533,/files/media/product/SWEET_RED_Nobel.jpg.180x0_q85_autocrop_crop-smart_upscale-1100x1100-1.jpg
WEB-ITM-0810,/files/media/product/MUCHO MAS RED 1.5ltrs.jpeg,1486,/files/media/product/MUCHO MAS RED 1.5ltrs.jpeg
WEB-ITM-0809,/files/media/product/mohansreserveredsweetwine750ml.jpeg,1457,/files/media/product/mohansreserveredsweetwine750ml.jpeg
WEB-ITM-0808,/files/media/product/Gato-negro-semi-sweet-750ml-1.png,815,/files/media/product/Gato-negro-semi-sweet-750ml-1.png
WEB-ITM-0807,/files/media/product/fourcousinsweetred5ltr.jpeg,746,/files/media/product/fourcousinsweetred5ltr.jpeg
WEB-ITM-0806,/files/media/product/delushsweetred750ml.jpeg,596,/files/media/product/delushsweetred750ml.jpeg
WEB-ITM-0805,/files/media/product/Caprice-sweet-red.png,369,/files/media/product/Caprice-sweet-red.png
WEB-ITM-0804,/files/media/product/black bird sweet red.jpg,233,/files/media/product/black bird sweet red.jpg
WEB-ITM-0803,/files/media/product/BIRDS N BEES SWEET RED 750ML.png,226,/files/media/product/BIRDS N BEES SWEET RED 750ML.png
WEB-ITM-0802,/files/media/product/BAIN'S WAY SWEET RED 750ML.webp,158,/files/media/product/BAIN'S WAY SWEET RED 750ML.webp
WEB-ITM-0801,/files/media/product/rossonobilevanilla750ml.webp,1701,/files/media/product/rossonobilevanilla750ml.webp
WEB-ITM-0800,/files/media/product/nederburgriesling750ml.jpeg,1519,/files/media/product/nederburgriesling750ml.jpeg
WEB-ITM-0799,/files/media/product/welmoed-rose.webp,2080,/files/media/product/welmoed-rose.webp
WEB-ITM-0798,/files/media/product/THE BEACHHOUSE ROSE 750ML.jpg,1955,/files/media/product/THE BEACHHOUSE ROSE 750ML.jpg
WEB-ITM-0797,/files/media/product/sweetlipssweetrose1ltr.jpg,1907,/files/media/product/sweetlipssweetrose1ltr.jpg
WEB-ITM-0796,/files/media/product/images (9).jpeg,1718,/files/media/product/images (9).jpeg
WEB-ITM-0795,/files/media/product/PROSECO ROSE 750ML.jpeg,1637,/files/media/product/PROSECO ROSE 750ML.jpeg
WEB-ITM-0794,/files/media/product/ombrerose750ml.jpeg,1564,/files/media/product/ombrerose750ml.jpeg
WEB-ITM-0793,/files/media/product/noblerose750ml.webp,1532,/files/media/product/noblerose750ml.webp
WEB-ITM-0792,/files/media/product/nederburg-classic-rose-website-pack-shot.png,1520,/files/media/product/nederburg-classic-rose-website-pack-shot.png
WEB-ITM-0791,/files/media/product/MUCHO MAS ROSE 750ML.webp,1488,/files/media/product/MUCHO MAS ROSE 750ML.webp
WEB-ITM-0790,/files/media/product/MESTA ROSE 750ML.webp,1421,/files/media/product/MESTA ROSE 750ML.webp
WEB-ITM-0789,/files/media/product/MARA ROSE 750ML.jpg,1388,/files/media/product/MARA ROSE 750ML.jpg
WEB-ITM-0788,/files/media/product/lucbelairefantomerose750ml.webp,1319,/files/media/product/lucbelairefantomerose750ml.webp
WEB-ITM-0787,/files/media/product/windhoekdraughtnrb330ml.jpeg,2127,/files/media/product/windhoekdraughtnrb330ml.jpeg
WEB-ITM-0786,/files/media/product/Heineken.jpg,948,/files/media/product/Heineken.jpg
WEB-ITM-0785,/files/media/product/tusker-malt.png,2434,/files/media/product/tusker-malt.png
WEB-ITM-0784,/files/media/product/desperadosteqbeer330ml.webp,600,/files/media/product/desperadosteqbeer330ml.webp
WEB-ITM-0783,/files/media/product/smirnoffguaranaelectricice330ml.jpeg,1840,/files/media/product/smirnoffguaranaelectricice330ml.jpeg
WEB-ITM-0782,/files/media/product/GORDON'S PINK&TONIC 330ML.jpeg,889,/files/media/product/GORDON'S PINK&TONIC 330ML.jpeg
WEB-ITM-0781,/files/media/product/coke350ml.jpg_480Wx480H,2860,/files/media/product/coke350ml.jpg_480Wx480H
WEB-ITM-0780,/files/media/product/MAYERS DRINKING WATER 1LTR.jpg,2237,/files/media/product/MAYERS DRINKING WATER 1LTR.jpg
WEB-ITM-0779,/files/media/product/sodawater.jpg,1850,/files/media/product/sodawater.jpg
WEB-ITM-0778,/files/media/product/kwv5yrs750ml.jpeg,1237,/files/media/product/kwv5yrs750ml.jpeg
WEB-ITM-0777,/files/media/product/three_barrels_1l.webp,1986,/files/media/product/three_barrels_1l.webp
WEB-ITM-0776,/files/media/product/county 250ml.jpeg,534,/files/media/product/county 250ml.jpeg
WEB-ITM-0775,/files/media/product/JP CHENET XO 700ML.jpeg,1157,/files/media/product/JP CHENET XO 700ML.jpeg
WEB-ITM-0774,/files/media/product/hennesy.jpeg,962,/files/media/product/hennesy.jpeg
WEB-ITM-0773,/files/media/product/martellvsop_1024x (1).webp,1396,/files/media/product/martellvsop_1024x (1).webp
WEB-ITM-0772,/files/media/product/remymartinxo1ltr.jpeg,1659,/files/media/product/remymartinxo1ltr.jpeg
WEB-ITM-0771,/files/media/product/baileysdelight750ml.webp,151,/files/media/product/baileysdelight750ml.webp
WEB-ITM-0770,/files/media/product/amarula-fruit-cream.webp,92,/files/media/product/amarula-fruit-cream.webp
WEB-ITM-0769,/files/media/product/beefeater-clear-gin.webp,187,/files/media/product/beefeater-clear-gin.webp
WEB-ITM-0768,/files/media/product/TANQUERAY STERLING.png,1943,/files/media/product/TANQUERAY STERLING.png
WEB-ITM-0767,/files/media/product/London-Hill-Dry-Gin-1lt-bottle-of-italy-min.webp,1299,/files/media/product/London-Hill-Dry-Gin-1lt-bottle-of-italy-min.webp
WEB-ITM-0766,/files/media/product/HOWLING OWL BLUE GIN 750ML.webp,2298,/files/media/product/HOWLING OWL BLUE GIN 750ML.webp
WEB-ITM-0765,/files/media/product/gordons375ml.webp,892,/files/media/product/gordons375ml.webp
WEB-ITM-0764,/files/media/product/muscador750ml.jpg_480Wx480H,1490,/files/media/product/muscador750ml.jpg_480Wx480H
WEB-ITM-0763,/files/media/product/bombay-gin-175__71974.jpg,262,/files/media/product/bombay-gin-175__71974.jpg
WEB-ITM-0762,/files/media/product/Gilbeys-Mix-Berries-250-Ml.jpg,828,/files/media/product/Gilbeys-Mix-Berries-250-Ml.jpg
WEB-ITM-0761,/files/media/product/WHITLEY NEIL BLACK BERRY GIN 1LTR.jpg,2097,/files/media/product/WHITLEY NEIL BLACK BERRY GIN 1LTR.jpg
WEB-ITM-0760,/files/media/product/whitley_neill_rhubarb.jpg,2108,/files/media/product/whitley_neill_rhubarb.jpg
WEB-ITM-0759,/files/media/product/opihrorientalspicedlondongin750ml.webp,1565,/files/media/product/opihrorientalspicedlondongin750ml.webp
WEB-ITM-0758,/files/media/product/Stretton-Hero-Mobile-2.jpg,1899,/files/media/product/Stretton-Hero-Mobile-2.jpg
WEB-ITM-0757,/files/media/product/SCOTTISH LEADER ORIGINAL 1LTR.jpg,2142,/files/media/product/SCOTTISH LEADER ORIGINAL 1LTR.jpg
WEB-ITM-0756,/files/media/product/bombaysaphire.jpg,265,/files/media/product/bombaysaphire.jpg
WEB-ITM-0755,/files/media/product/BUTLERS CR鑴燤E DE BANANA 750ML.jpeg,315,/files/media/product/BUTLERS CR鑴燤E DE BANANA 750ML.jpeg
WEB-ITM-0754,/files/media/product/Tia maria coffee.webp,1990,/files/media/product/Tia maria coffee.webp
WEB-ITM-0753,/files/media/product/va250ml.jpg_480Wx480H,2041,/files/media/product/va250ml.jpg_480Wx480H
WEB-ITM-0752,/files/media/product/BUTLERS GINGER 750ML.jpeg,322,/files/media/product/BUTLERS GINGER 750ML.jpeg
WEB-ITM-0751,/files/media/product/ZappaRed.webp,2149,/files/media/product/ZappaRed.webp
WEB-ITM-0750,/files/media/product/captainmblack750ml.jpg,373,/files/media/product/captainmblack750ml.jpg
WEB-ITM-0749,/files/media/product/MYER'S RUM 375ML.jpeg,1492,/files/media/product/MYER'S RUM 375ML.jpeg
WEB-ITM-0748,/files/media/product/NEGRITA BARDINET WHITE 700ML.webp,2324,/files/media/product/NEGRITA BARDINET WHITE 700ML.webp
WEB-ITM-0747,/files/media/product/captainmorgangold.png,375,/files/media/product/captainmorgangold.png
WEB-ITM-0746,/files/media/product/KENYA GOLD 250ML.jpg,2297,/files/media/product/KENYA GOLD 250ML.jpg
WEB-ITM-0745,/files/media/product/olmecadarkchocolate750ml.jpeg,1561,/files/media/product/olmecadarkchocolate750ml.jpeg
WEB-ITM-0744,/files/media/product/caminogold750ml.jpeg,356,/files/media/product/caminogold750ml.jpeg
WEB-ITM-0743,/files/media/product/CLASE AZUL REPOSADO 750ml.jpeg,496,/files/media/product/CLASE AZUL REPOSADO 750ml.jpeg
WEB-ITM-0742,/files/media/product/patronsilver750ml.jpeg,1592,/files/media/product/patronsilver750ml.jpeg
WEB-ITM-0741,/files/media/product/martinirosso.jpg,1402,/files/media/product/martinirosso.jpg
WEB-ITM-0740,/files/media/product/absolute.jpeg,41,/files/media/product/absolute.jpeg
WEB-ITM-0739,/files/media/product/NEW AMSTERDAM VODKA 1LTR.webp,1530,/files/media/product/NEW AMSTERDAM VODKA 1LTR.webp
WEB-ITM-0738,/files/media/product/caribiacane750ml.jpg,387,/files/media/product/caribiacane750ml.jpg
WEB-ITM-0737,/files/media/product/ABSOLUT PEPPAR VODKA 1LTR.jpeg,51,/files/media/product/ABSOLUT PEPPAR VODKA 1LTR.jpeg
WEB-ITM-0736,/files/media/product/absolut_mandarin.webp,47,/files/media/product/absolut_mandarin.webp
WEB-ITM-0735,/files/media/product/TITO'S VODKA 1LTR.webp,1996,/files/media/product/TITO'S VODKA 1LTR.webp
WEB-ITM-0734,/files/media/product/73697-CIROC-PINEAPPLE.png,483,/files/media/product/73697-CIROC-PINEAPPLE.png
WEB-ITM-0733,/files/media/product/ELIT VODKA 1LTR.webp,2293,/files/media/product/ELIT VODKA 1LTR.webp
WEB-ITM-0732,/files/media/product/Absolut_Ruby_Red_750ml.jpg,53,/files/media/product/Absolut_Ruby_Red_750ml.jpg
WEB-ITM-0731,/files/media/product/SOLAN NO. ONE BLACK 750ML.jpeg,1851,/files/media/product/SOLAN NO. ONE BLACK 750ML.jpeg
WEB-ITM-0730,/files/media/product/8pmblendedwhisky1ltr.jpeg,30,/files/media/product/8pmblendedwhisky1ltr.jpeg
WEB-ITM-0729,/files/media/product/buffallo trace.webp,300,/files/media/product/buffallo trace.webp
WEB-ITM-0728,/files/media/product/ballantines-finest-750ml.jpg,168,/files/media/product/ballantines-finest-750ml.jpg
WEB-ITM-0727,/files/media/product/hibiki_whisky.png,984,/files/media/product/hibiki_whisky.png
WEB-ITM-0726,/files/media/product/bowmore12yrs700ml.webp,274,/files/media/product/bowmore12yrs700ml.webp
WEB-ITM-0725,/files/media/product/SHACKLETON 1LTR.webp,2246,/files/media/product/SHACKLETON 1LTR.webp
WEB-ITM-0724,/files/media/product/hunters250ml.jpg_480Wx480H,992,/files/media/product/hunters250ml.jpg_480Wx480H
WEB-ITM-0723,/files/media/product/BIG OAK RED 1LTR.webp,2263,/files/media/product/BIG OAK RED 1LTR.webp
WEB-ITM-0722,/files/media/product/woodfordreserve70cl.webp,2130,/files/media/product/woodfordreserve70cl.webp
WEB-ITM-0721,/files/media/product/two-keys-whisky-750ml.jpg,2035,/files/media/product/two-keys-whisky-750ml.jpg
WEB-ITM-0720,/files/media/product/sir-edwards_45-litr-copy_1546900129.jpg,1808,/files/media/product/sir-edwards_45-litr-copy_1546900129.jpg
WEB-ITM-0719,/files/media/product/monkeyshoulder1l.jpeg,1470,/files/media/product/monkeyshoulder1l.jpeg
WEB-ITM-0718,/files/media/product/kingrobertii750ml.jpeg,1207,/files/media/product/kingrobertii750ml.jpeg
WEB-ITM-0717,/files/media/product/johnniewalkerasongoffire1ltr.jpg,1098,/files/media/product/johnniewalkerasongoffire1ltr.jpg
WEB-ITM-0716,/files/media/product/images (2).jpeg,1117,/files/media/product/images (2).jpeg
WEB-ITM-0715,/files/media/product/jim beam double oak 750ml.jpeg,1082,/files/media/product/jim beam double oak 750ml.jpeg
WEB-ITM-0714,/files/media/product/Harrington-Scotch-Whisky-819x1024.jpg,937,/files/media/product/Harrington-Scotch-Whisky-819x1024.jpg
WEB-ITM-0713,/files/media/product/glenlivet-12-.webp,1968,/files/media/product/glenlivet-12-.webp
WEB-ITM-0712,/files/media/product/GLENFIDDICH 15YRS VAT 03 700ML.jpeg,838,/files/media/product/GLENFIDDICH 15YRS VAT 03 700ML.jpeg
WEB-ITM-0711,/files/media/product/glenfidich12yrs350ml.jpeg,859,/files/media/product/glenfidich12yrs350ml.jpeg
WEB-ITM-0710,/files/media/product/dimple15yo1ltr.jpeg,608,/files/media/product/dimple15yo1ltr.jpeg
WEB-ITM-0709,/files/media/product/chivasregal18years.jpeg,463,/files/media/product/chivasregal18years.jpeg
WEB-ITM-0708,/files/media/product/bond-7-whisky_grande.webp,269,/files/media/product/bond-7-whisky_grande.webp
WEB-ITM-0707,/files/media/product/bluelabel.webp,2202,/files/media/product/bluelabel.webp
WEB-ITM-0706,/files/media/product/FAMOUS SMOKY BLACK 1LTR.jpg,2252,/files/media/product/FAMOUS SMOKY BLACK 1LTR.jpg
WEB-ITM-0705,/files/media/product/HIGHLAND PARK SINGLE MALT 700ML.jpeg,988,/files/media/product/HIGHLAND PARK SINGLE MALT 700ML.jpeg
WEB-ITM-0704,/files/media/product/jdhoney.webp,1031,/files/media/product/jdhoney.webp
WEB-ITM-0703,/files/media/product/JP CHENET ICE EDITION 750ML.jpg,2204,/files/media/product/JP CHENET ICE EDITION 750ML.jpg
WEB-ITM-0702,/files/media/product/frontera.jpeg,797,/files/media/product/frontera.jpeg
WEB-ITM-0701,/files/media/product/Leleshwa Sauvignon BLanc 750ML.jpeg,1284,/files/media/product/Leleshwa Sauvignon BLanc 750ML.jpeg
WEB-ITM-0700,/files/media/product/18 Cabernet Sauvignon 750ML.avif,2349,/files/media/product/18 Cabernet Sauvignon 750ML.avif
WEB-ITM-0699,/files/media/product/luc-belaire-gold-brut-fantome-75-cl.jpg,2179,/files/media/product/luc-belaire-gold-brut-fantome-75-cl.jpg
WEB-ITM-0698,/files/media/product/welmoedchardonnay750ml.jpeg,2076,/files/media/product/welmoedchardonnay750ml.jpeg
WEB-ITM-0697,/files/media/product/durbanvillehillsreservechardonnay750ml.webp,655,/files/media/product/durbanvillehillsreservechardonnay750ml.webp
WEB-ITM-0696,/files/media/product/cheninblanc.jpeg,1577,/files/media/product/cheninblanc.jpeg
WEB-ITM-0695,/files/media/product/robertsonchardonnay750ml.jpeg,1674,/files/media/product/robertsonchardonnay750ml.jpeg
WEB-ITM-0694,/files/media/product/SANTA HELLENA DULCEE 750ml.webp,1759,/files/media/product/SANTA HELLENA DULCEE 750ml.webp
WEB-ITM-0693,/files/media/product/MARTINI ROSATO 1ltr.jpg,1407,/files/media/product/MARTINI ROSATO 1ltr.jpg
WEB-ITM-0692,/files/media/product/protea_merlot.png,1639,/files/media/product/protea_merlot.png
WEB-ITM-0691,/files/media/product/calvetvarietalsmerlot750ml.webp,352,/files/media/product/calvetvarietalsmerlot750ml.webp
WEB-ITM-0690,/files/media/product/bruce jack reserve.png,295,/files/media/product/bruce jack reserve.png
WEB-ITM-0689,/files/media/product/Sweet-Lips-Red-1Ltr.jpg,1906,/files/media/product/Sweet-Lips-Red-1Ltr.jpg
WEB-ITM-0688,/files/media/product/rossonobilemarzipan750ml.jpg,1696,/files/media/product/rossonobilemarzipan750ml.jpg
WEB-ITM-0687,/files/media/product/NOTOLA RED 750ML.jpeg,1535,/files/media/product/NOTOLA RED 750ML.jpeg
WEB-ITM-0686,/files/media/product/MESTA RED 750ML.jpg,1420,/files/media/product/MESTA RED 750ML.jpg
WEB-ITM-0685,/files/media/product/the guv nor red 750ml.jpeg,1978,/files/media/product/the guv nor red 750ml.jpeg
WEB-ITM-0684,/files/media/product/Drostdy-Hof-Red-Claret-5-Litre-600x600-1.jpg,641,/files/media/product/Drostdy-Hof-Red-Claret-5-Litre-600x600-1.jpg
WEB-ITM-0683,/files/media/product/carlorossiredwine750ml.webp,392,/files/media/product/carlorossiredwine750ml.webp
WEB-ITM-0682,/files/media/product/BOTTEGA ROSSO 2016 750 ML.webp,271,/files/media/product/BOTTEGA ROSSO 2016 750 ML.webp
WEB-ITM-0681,/files/media/product/amanibaysmoothred750ml.jpeg,89,/files/media/product/amanibaysmoothred750ml.jpeg
WEB-ITM-0680,/files/media/product/alamos_cab_18_750.jpeg,71,/files/media/product/alamos_cab_18_750.jpeg
WEB-ITM-0679,/files/media/product/TWIGA HILL MERLOT 700ML.jpg,2289,/files/media/product/TWIGA HILL MERLOT 700ML.jpg
WEB-ITM-0678,/files/media/product/ALAMOS MALBEC 750ML.webp,72,/files/media/product/ALAMOS MALBEC 750ML.webp
WEB-ITM-0677,/files/media/product/ARTCAFFE-Nabygelegen-Upper-Valley-Dry-White-1.5L.jpg,2037,/files/media/product/ARTCAFFE-Nabygelegen-Upper-Valley-Dry-White-1.5L.jpg
WEB-ITM-0676,/files/media/product/THE GUVNOR RED 1.5LTR.jpeg,1980,/files/media/product/THE GUVNOR RED 1.5LTR.jpeg
WEB-ITM-0675,/files/media/product/rossonobileexpresso750ml.jpeg,1695,/files/media/product/rossonobileexpresso750ml.jpeg
WEB-ITM-0674,/files/media/product/ITINERA PROSECCO 750ML.jpeg,1013,/files/media/product/ITINERA PROSECCO 750ML.jpeg
WEB-ITM-0673,/files/media/product/SANGRIA PENASOL 1LTR.png,2347,/files/media/product/SANGRIA PENASOL 1LTR.png
WEB-ITM-0672,/files/media/product/carlorossipink750ml.png,2213,/files/media/product/carlorossipink750ml.png
WEB-ITM-0671,/files/media/product/SAINT CELINE ROSE WINE 750ML.jpeg,1730,/files/media/product/SAINT CELINE ROSE WINE 750ML.jpeg
WEB-ITM-0670,/files/media/product/mateusrose.jpg,1412,/files/media/product/mateusrose.jpg
WEB-ITM-0669,/files/media/product/luc-belaire-luxe-rose.webp,1321,/files/media/product/luc-belaire-luxe-rose.webp
WEB-ITM-0668,/files/media/product/Lodez-Cinsault.png,1294,/files/media/product/Lodez-Cinsault.png
WEB-ITM-0667,/files/media/product/GRANDE FRANCE ROSE 750ML.webp,2195,/files/media/product/GRANDE FRANCE ROSE 750ML.webp
WEB-ITM-0666,/files/media/product/Mumm-GrandCordonRose-75cl-Packshot1-1320x0-c-default.png,801,/files/media/product/Mumm-GrandCordonRose-75cl-Packshot1-1320x0-c-default.png
WEB-ITM-0665,/files/media/product/franschhoekcellarbrutrose75cl.webp,770,/files/media/product/franschhoekcellarbrutrose75cl.webp
WEB-ITM-0664,/files/media/product/DUCHESALIA FRAGOLINO ROSE 750ML.webp,647,/files/media/product/DUCHESALIA FRAGOLINO ROSE 750ML.webp
WEB-ITM-0663,/files/media/product/domperignonrose750ml.jpeg,614,/files/media/product/domperignonrose750ml.jpeg
WEB-ITM-0662,/files/media/product/Delush-Sweet-Rose-750ml.jpg,597,/files/media/product/Delush-Sweet-Rose-750ml.jpg
WEB-ITM-0661,/files/media/product/CONSIGNIA ROSE 750ML.jpg,524,/files/media/product/CONSIGNIA ROSE 750ML.jpg
WEB-ITM-0660,/files/media/product/changegrenache-syrahrose(organic)750ml.jpeg,435,/files/media/product/changegrenache-syrahrose(organic)750ml.jpeg
WEB-ITM-0659,/files/media/product/carlorossipinkmoscato750ml.jpeg,390,/files/media/product/carlorossipinkmoscato750ml.jpeg
WEB-ITM-0658,/files/media/product/images (11).jpeg,393,/files/media/product/images (11).jpeg
WEB-ITM-0657,/files/media/product/californiarootsrose750ml.jpg,330,/files/media/product/californiarootsrose750ml.jpg
WEB-ITM-0656,/files/media/product/Asconi-Moscato-Rose-750ml-600x600-1.jpg,122,/files/media/product/Asconi-Moscato-Rose-750ml-600x600-1.jpg
WEB-ITM-0655,/files/media/product/ARMAND DE BRIGNAC ROSE 750ML.jpeg,113,/files/media/product/ARMAND DE BRIGNAC ROSE 750ML.jpeg
WEB-ITM-0654,/files/media/product/amanibaydryrose750ml.webp,84,/files/media/product/amanibaydryrose750ml.webp
WEB-ITM-0653,/files/media/product/amanibaynaturalsweetrose750ml.webp,87,/files/media/product/amanibaynaturalsweetrose750ml.webp
WEB-ITM-0652,,686,
WEB-ITM-0651,/files/media/product/MARTINI ROSE 750ML.webp,2236,/files/media/product/MARTINI ROSE 750ML.webp
WEB-ITM-0650,/files/media/product/frontera_rose.jpeg,2602,/files/media/product/frontera_rose.jpeg
WEB-ITM-0649,/files/media/product/DROSTDY SWEET ROSE 750ML.webp,2189,/files/media/product/DROSTDY SWEET ROSE 750ML.webp
WEB-ITM-0648,/files/media/product/BLACK BIRD SWEET ROSE 750ML.webp,234,/files/media/product/BLACK BIRD SWEET ROSE 750ML.webp
WEB-ITM-0647,/files/media/product/WATERFORD ROSEMARY 750ML.jpg,2072,/files/media/product/WATERFORD ROSEMARY 750ML.jpg
WEB-ITM-0646,/files/media/product/welmoedsauvblanc.webp,2081,/files/media/product/welmoedsauvblanc.webp
WEB-ITM-0645,/files/media/product/vinamaiposouvblanc750ml.webp,2067,/files/media/product/vinamaiposouvblanc750ml.webp
WEB-ITM-0644,/files/media/product/Trumpeter-Cab-Sauv-750ml-600x600-1.jpg,2018,/files/media/product/Trumpeter-Cab-Sauv-750ml-600x600-1.jpg
WEB-ITM-0643,/files/media/product/Simonsig Sauv Blanc Semillon 750ml.jpeg,1797,/files/media/product/Simonsig Sauv Blanc Semillon 750ml.jpeg
WEB-ITM-0642,/files/media/product/sanfelipeclassicsauvignonblanc750ml.jpeg,1734,/files/media/product/sanfelipeclassicsauvignonblanc750ml.jpeg
WEB-ITM-0641,/files/media/product/rigalsauvblanc.avif,1667,/files/media/product/rigalsauvblanc.avif
WEB-ITM-0640,/files/media/product/lodezsauvblanc.webp,1292,/files/media/product/lodezsauvblanc.webp
WEB-ITM-0639,/files/media/product/lodezsauvblanc2.jpeg,1296,/files/media/product/lodezsauvblanc2.jpeg
WEB-ITM-0638,/files/media/product/KWV-Classic-Chenin-Blanc-Wine-750ml.jpg,1245,/files/media/product/KWV-Classic-Chenin-Blanc-Wine-750ml.jpg
WEB-ITM-0637,/files/media/product/gato nagro whit.webp,805,/files/media/product/gato nagro whit.webp
WEB-ITM-0636,/files/media/product/frontera sauv.png,793,/files/media/product/frontera sauv.png
WEB-ITM-0635,/files/media/product/frontera-sauv-blanc (2).webp,794,/files/media/product/frontera-sauv-blanc (2).webp
WEB-ITM-0634,/files/media/product/Four-Cousins-Rose-750ml.png,752,/files/media/product/Four-Cousins-Rose-750ml.png
WEB-ITM-0633,/files/media/product/calvetr鑼卻ervebordeauxsauvignonblanc750ml.png,347,/files/media/product/calvetr鑼卻ervebordeauxsauvignonblanc750ml.png
WEB-ITM-0632,/files/media/product/25000420005.jpg,353,/files/media/product/25000420005.jpg
WEB-ITM-0631,/files/media/product/Bruce-Jack-Lifestyle-Sauvignon-Blanc_NV_640 (1).webp,285,/files/media/product/Bruce-Jack-Lifestyle-Sauvignon-Blanc_NV_640 (1).webp
WEB-ITM-0630,/files/media/product/brucejackreservesauvignonblanc750ml.jpg,296,/files/media/product/brucejackreservesauvignonblanc750ml.jpg
WEB-ITM-0629,/files/media/product/brucejacksauvignonblanc750ml.webp,297,/files/media/product/brucejacksauvignonblanc750ml.webp
WEB-ITM-0628,/files/media/product/bellinghamhomesteadsauvignonblanc750ml.ashx,197,/files/media/product/bellinghamhomesteadsauvignonblanc750ml.ashx
WEB-ITM-0627,/files/media/product/welmoedshiraz750ml.jpeg,2082,/files/media/product/welmoedshiraz750ml.jpeg
WEB-ITM-0626,/files/media/product/1692 spier (3) shiraz.webp,4,/files/media/product/1692 spier (3) shiraz.webp
WEB-ITM-0625,/files/media/product/nederburgmanorhouseshiraz750ml.jpeg,1516,/files/media/product/nederburgmanorhouseshiraz750ml.jpeg
WEB-ITM-0624,/files/media/product/kwvclassicshiraz750ml.ashx,1246,/files/media/product/kwvclassicshiraz750ml.ashx
WEB-ITM-0623,/files/media/product/jacobscreekshiraz.jpeg,1042,/files/media/product/jacobscreekshiraz.jpeg
WEB-ITM-0622,/files/media/product/frontera-shiraz.png,796,/files/media/product/frontera-shiraz.png
WEB-ITM-0621,/files/media/product/The-Beach-House-Shiraz.jpg,1956,/files/media/product/The-Beach-House-Shiraz.jpg
WEB-ITM-0620,/files/media/product/Greenspoon-Rose-de-Malbec-Trumpeter-Rutini-720x480.jpg,2017,/files/media/product/Greenspoon-Rose-de-Malbec-Trumpeter-Rutini-720x480.jpg
WEB-ITM-0619,/files/media/product/oreanda-crystal-brut.webp,1569,/files/media/product/oreanda-crystal-brut.webp
WEB-ITM-0618,/files/media/product/maisoncastel.jpg,1362,/files/media/product/maisoncastel.jpg
WEB-ITM-0617,/files/media/product/lucbelairebleu750ml.webp,1313,/files/media/product/lucbelairebleu750ml.webp
WEB-ITM-0616,/files/media/product/jp chenet.webp,1147,/files/media/product/jp chenet.webp
WEB-ITM-0615,/files/media/product/JACOB'S CREEK ROSE 750ML.jpg,1043,/files/media/product/JACOB'S CREEK ROSE 750ML.jpg
WEB-ITM-0614,/files/media/product/carmelasweetwine.jpeg,397,/files/media/product/carmelasweetwine.jpeg
WEB-ITM-0613,/files/media/product/veuveduvernaybrutrose750ml.jpeg,2058,/files/media/product/veuveduvernaybrutrose750ml.jpeg
WEB-ITM-0612,/files/media/product/maisoncastelcarbanetsauvignon750ml.jpeg,1359,/files/media/product/maisoncastelcarbanetsauvignon750ml.jpeg
WEB-ITM-0611,/files/media/product/maisoncastel.jpg,1361,/files/media/product/maisoncastel.jpg
WEB-ITM-0610,/files/media/product/sandara_sangria.png,1742,/files/media/product/sandara_sangria.png
WEB-ITM-0609,/files/media/product/maisoncastel.jpg,1364,/files/media/product/maisoncastel.jpg
WEB-ITM-0608,/files/media/product/MaisonCastelSauvignonBlanc_grande.webp,1358,/files/media/product/MaisonCastelSauvignonBlanc_grande.webp
WEB-ITM-0607,/files/media/product/SCAVI & RAY PROSECCO 750ML.webp,1770,/files/media/product/SCAVI & RAY PROSECCO 750ML.webp
WEB-ITM-0606,/files/media/product/SANDEMAN SEMI SWEET 750ML.webp,1750,/files/media/product/SANDEMAN SEMI SWEET 750ML.webp
WEB-ITM-0605,/files/media/product/robertson-sweet-red-750.png,1669,/files/media/product/robertson-sweet-red-750.png
WEB-ITM-0604,/files/media/product/JAM JAR SWEET RED 750ML.jpg,2205,/files/media/product/JAM JAR SWEET RED 750ML.jpg
WEB-ITM-0603,/files/media/product/DUCHESALIA FRAGOLINO RED 750ML.png,646,/files/media/product/DUCHESALIA FRAGOLINO RED 750ML.png
WEB-ITM-0602,/files/media/product/DOMPO SWT RED 750ML.jpg,2332,/files/media/product/DOMPO SWT RED 750ML.jpg
WEB-ITM-0601,/files/media/product/DOMPO SWT ROSE 750ML.png,2333,/files/media/product/DOMPO SWT ROSE 750ML.png
WEB-ITM-0600,/files/media/product/PIERRE MARCEL ROSE 750ML.jpg,2336,/files/media/product/PIERRE MARCEL ROSE 750ML.jpg
WEB-ITM-0599,/files/media/product/NAMAQUA SWT ROSE 5LTR.webp,2238,/files/media/product/NAMAQUA SWT ROSE 5LTR.webp
WEB-ITM-0598,/files/media/product/Four-Cousins-Rose-750ml.png,754,/files/media/product/Four-Cousins-Rose-750ml.png
WEB-ITM-0597,/files/media/product/FOUR COUSINS SWEET SPARKLING WHITE 750ML.jpeg,2220,/files/media/product/FOUR COUSINS SWEET SPARKLING WHITE 750ML.jpeg
WEB-ITM-0596,/files/media/product/FOUR COUSINS SWEET SPARKLING BLUSH 750ML.jpg,2219,/files/media/product/FOUR COUSINS SWEET SPARKLING BLUSH 750ML.jpg
WEB-ITM-0595,/files/media/product/robertsonwhitesweet15ltr.jpg,1672,/files/media/product/robertsonwhitesweet15ltr.jpg
WEB-ITM-0594,/files/media/product/robertsonwhitesweet750ml.jpeg,1673,/files/media/product/robertsonwhitesweet750ml.jpeg
WEB-ITM-0593,/files/media/product/JAM JAR SWEET WHITE 750ML.jpg,2206,/files/media/product/JAM JAR SWEET WHITE 750ML.jpg
WEB-ITM-0592,/files/media/product/GATO NEGRO MOSCATO 750ML.png,2222,/files/media/product/GATO NEGRO MOSCATO 750ML.png
WEB-ITM-0591,/files/media/product/EXPRESSION MOSCATO 750ML.jpg,2217,/files/media/product/EXPRESSION MOSCATO 750ML.jpg
WEB-ITM-0590,/files/media/product/DOMPO SWT WHITE 750ML.png,2334,/files/media/product/DOMPO SWT WHITE 750ML.png
WEB-ITM-0589,/files/media/product/AMA LA VIDA SWEET WHITE 750ML.webp,2301,/files/media/product/AMA LA VIDA SWEET WHITE 750ML.webp
WEB-ITM-0588,/files/media/product/jpchenetreservechardonnayviognier750ml.webp,1154,/files/media/product/jpchenetreservechardonnayviognier750ml.webp
WEB-ITM-0587,/files/media/product/VINUMPROSECCO750ML.webp,2069,/files/media/product/VINUMPROSECCO750ML.webp
WEB-ITM-0586,/files/media/product/versus-white.png,2054,/files/media/product/versus-white.png
WEB-ITM-0585,/files/media/product/627_VersusSweetWhite-750ml.webp,2055,/files/media/product/627_VersusSweetWhite-750ml.webp
WEB-ITM-0584,/files/media/product/tallhorsecarb.sauv.750ml.jpeg,1925,/files/media/product/tallhorsecarb.sauv.750ml.jpeg
WEB-ITM-0583,/files/media/product/Sweet-Lips-Natural-Sweet-White-Wine-1Ltr.jpg,1908,/files/media/product/Sweet-Lips-Natural-Sweet-White-Wine-1Ltr.jpg
WEB-ITM-0582,/files/media/product/Signore-Guiseppe-Prosecco-Spumante-White-750ml-wpp1692317171758.webp,1868,/files/media/product/Signore-Guiseppe-Prosecco-Spumante-White-750ml-wpp1692317171758.webp
WEB-ITM-0581,/files/media/product/SANDEMAN FINE WHITE 1000ML.webp,1749,/files/media/product/SANDEMAN FINE WHITE 1000ML.webp
WEB-ITM-0580,/files/media/product/saintanna750ml.jpg,1728,/files/media/product/saintanna750ml.jpg
WEB-ITM-0579,/files/media/product/rocca del forti.webp,1679,/files/media/product/rocca del forti.webp
WEB-ITM-0578,/files/media/product/pierre_mercel_White.png,1625,/files/media/product/pierre_mercel_White.png
WEB-ITM-0577,/files/media/product/Pearly Bay Sweet White 750Ml.jpg,1601,/files/media/product/Pearly Bay Sweet White 750Ml.jpg
WEB-ITM-0576,/files/media/product/noblewhite750ml.webp,1534,/files/media/product/noblewhite750ml.webp
WEB-ITM-0575,/files/media/product/images (6).jpeg,1489,/files/media/product/images (6).jpeg
WEB-ITM-0574,/files/media/product/MAISON CASTEL TOURAINE SAUV BLANC 750ML.jpeg,1366,/files/media/product/MAISON CASTEL TOURAINE SAUV BLANC 750ML.jpeg
WEB-ITM-0573,/files/media/product/luisfelipewhit.jpeg,1327,/files/media/product/luisfelipewhit.jpeg
WEB-ITM-0572,/files/media/product/GRACA WHITE 750ML.webp,894,/files/media/product/GRACA WHITE 750ML.webp
WEB-ITM-0571,/files/media/product/fourcousinswhite5ltr.jpeg,757,/files/media/product/fourcousinswhite5ltr.jpeg
WEB-ITM-0570,/files/media/product/fourcousin.png,758,/files/media/product/fourcousin.png
WEB-ITM-0569,/files/media/product/FOOTPRINT WHITE 5LTR.webp,742,/files/media/product/FOOTPRINT WHITE 5LTR.webp
WEB-ITM-0568,/files/media/product/wine-fairview-goats-do-roam-51229821206862.webp,673,/files/media/product/wine-fairview-goats-do-roam-51229821206862.webp
WEB-ITM-0567,/files/media/product/EXPRESSION SWEET WHITE 750ML.jpeg,671,/files/media/product/EXPRESSION SWEET WHITE 750ML.jpeg
WEB-ITM-0566,/files/media/product/fragolinowhite.jpg,648,/files/media/product/fragolinowhite.jpg
WEB-ITM-0565,/files/media/product/drostdy-hofgrandcru5ltr.jpeg,644,/files/media/product/drostdy-hofgrandcru5ltr.jpeg
WEB-ITM-0564,/files/media/product/Drostdy_Hof_Premier_Grand_Cru_750ml.jpg,645,/files/media/product/Drostdy_Hof_Premier_Grand_Cru_750ml.jpg
WEB-ITM-0563,/files/media/product/Dewar_sWhiteLabelScratchedCaskBlendedScotch.webp,2188,/files/media/product/Dewar_sWhiteLabelScratchedCaskBlendedScotch.webp
WEB-ITM-0562,/files/media/product/delush-white.webp,598,/files/media/product/delush-white.webp
WEB-ITM-0561,/files/media/product/CHILINERO WHITE 750ML.avif,2184,/files/media/product/CHILINERO WHITE 750ML.avif
WEB-ITM-0560,/files/media/product/chamdor-white-grape-sparkling.png,430,/files/media/product/chamdor-white-grape-sparkling.png
WEB-ITM-0559,/files/media/product/cellarj'burgwhite5ltr.jpeg,425,/files/media/product/cellarj'burgwhite5ltr.jpeg
WEB-ITM-0558,/files/media/product/cellarjburg.jpg,426,/files/media/product/cellarjburg.jpg
WEB-ITM-0557,/files/media/product/casabuenasweetwhite1ltr.png,400,/files/media/product/casabuenasweetwhite1ltr.png
WEB-ITM-0556,/files/media/product/carlorossiwhite15ltr.jpg,395,/files/media/product/carlorossiwhite15ltr.jpg
WEB-ITM-0555,/files/media/product/CARLO ROSSI WHITE 750ML.jpeg,396,/files/media/product/CARLO ROSSI WHITE 750ML.jpeg
WEB-ITM-0554,/files/media/product/BARON D' AGNAC 5LTTRS.jpg,178,/files/media/product/BARON D' AGNAC 5LTTRS.jpg
WEB-ITM-0553,/files/media/product/ARGENTO TORRONTES 750ML.jpg,2207,/files/media/product/ARGENTO TORRONTES 750ML.jpg
WEB-ITM-0552,/files/media/product/amani_bay-fresh_white-min.png,85,/files/media/product/amani_bay-fresh_white-min.png
WEB-ITM-0551,/files/media/product/amanibay.webp,88,/files/media/product/amanibay.webp
WEB-ITM-0550,/files/media/product/7HILLS SWEET WHITE 750ml.jpeg,26,/files/media/product/7HILLS SWEET WHITE 750ml.jpeg
WEB-ITM-0549,/files/media/product/5thcarinosweetwhite750ml.jpeg,25,/files/media/product/5thcarinosweetwhite750ml.jpeg
WEB-ITM-0548,/files/media/product/4thstreetwhite5ltr.jpeg,19,/files/media/product/4thstreetwhite5ltr.jpeg
WEB-ITM-0547,/files/media/product/4thstreetwhite750ml.jpeg,20,/files/media/product/4thstreetwhite750ml.jpeg
WEB-ITM-0546,/files/media/product/35south750ml.jpg,12,/files/media/product/35south750ml.jpg
WEB-ITM-0545,/files/media/product/australianbushchardonnay3ltr.webp,2386,/files/media/product/australianbushchardonnay3ltr.webp
WEB-ITM-0544,/files/media/product/VAN LOVEREN CHENIN BLANC 750ML.jpg,2257,/files/media/product/VAN LOVEREN CHENIN BLANC 750ML.jpg
WEB-ITM-0543,/files/media/product/TWIGA HILL CHENIN BLANC 700ML.jpg,2288,/files/media/product/TWIGA HILL CHENIN BLANC 700ML.jpg
WEB-ITM-0542,/files/media/product/LELESHWA CHENIN BLANC 750ML.png,2342,/files/media/product/LELESHWA CHENIN BLANC 750ML.png
WEB-ITM-0541,/files/media/product/LA CAPRA CHENIN BLANC 750ML.webp,2228,/files/media/product/LA CAPRA CHENIN BLANC 750ML.webp
WEB-ITM-0540,/files/media/product/MAISON CASTEL ICE CUVEE BLANC 750ML.jpg,1363,/files/media/product/MAISON CASTEL ICE CUVEE BLANC 750ML.jpg
WEB-ITM-0539,/files/media/product/TWO OCEANS SAUV BLANC 750ML.jpeg,2036,/files/media/product/TWO OCEANS SAUV BLANC 750ML.jpeg
WEB-ITM-0538,/files/media/product/TUSSOCK JUMPER SAUV BLANC 750ml.webp,2033,/files/media/product/TUSSOCK JUMPER SAUV BLANC 750ml.webp
WEB-ITM-0537,/files/media/product/THE DEN SAUVIGNON BLANC 700ML.jpeg,2286,/files/media/product/THE DEN SAUVIGNON BLANC 700ML.jpeg
WEB-ITM-0536,/files/media/product/SWARTLAND SAUV BLANC 750ML.webp,2249,/files/media/product/SWARTLAND SAUV BLANC 750ML.webp
WEB-ITM-0535,/files/media/product/SUNRISE SAUV BLANC 1.5LTR.jpeg,1903,/files/media/product/SUNRISE SAUV BLANC 1.5LTR.jpeg
WEB-ITM-0534,/files/media/product/ROCHE MAZET SAUVIGNON 750ML.jpeg,1684,/files/media/product/ROCHE MAZET SAUVIGNON 750ML.jpeg
WEB-ITM-0533,/files/media/product/ROBERTSON SAUV BLANC 750ML.png,2243,/files/media/product/ROBERTSON SAUV BLANC 750ML.png
WEB-ITM-0532,/files/media/product/NEDERBURG - SAUV. BLANC 750 ML.webp,1521,/files/media/product/NEDERBURG - SAUV. BLANC 750 ML.webp
WEB-ITM-0531,/files/media/product/GATONEGRO SAUV BLANC 1.5LTR.jpeg,814,/files/media/product/GATONEGRO SAUV BLANC 1.5LTR.jpeg
WEB-ITM-0530,/files/media/product/FAIRVIEW DARLING SAUV BLANC 750ml.jpeg,672,/files/media/product/FAIRVIEW DARLING SAUV BLANC 750ml.jpeg
WEB-ITM-0529,/files/media/product/CASTILLO DEL MOLINA SAUV BLANC 750ML.jpeg,411,/files/media/product/CASTILLO DEL MOLINA SAUV BLANC 750ML.jpeg
WEB-ITM-0528,/files/media/product/CASA SOLIS SAUV BLANC 750ML.jpeg,406,/files/media/product/CASA SOLIS SAUV BLANC 750ML.jpeg
WEB-ITM-0527,/files/media/product/ANDRE MOSCATO 750ML.jpeg,96,/files/media/product/ANDRE MOSCATO 750ML.jpeg
WEB-ITM-0526,/files/media/product/ASCONI WINERY MOSCAT 700ML.webp,127,/files/media/product/ASCONI WINERY MOSCAT 700ML.webp
WEB-ITM-0525,/files/media/product/MICHEL TORINO MALBEC 750ML.jpeg,1430,/files/media/product/MICHEL TORINO MALBEC 750ML.jpeg
WEB-ITM-0524,/files/media/product/tilia-chardonnay.webp,1993,/files/media/product/tilia-chardonnay.webp
WEB-ITM-0523,/files/media/product/CONSIGNIA CHARDONNAY 750ML.jpeg,523,/files/media/product/CONSIGNIA CHARDONNAY 750ML.jpeg
WEB-ITM-0522,/files/media/product/catena-alta-chardonnay.webp,414,/files/media/product/catena-alta-chardonnay.webp
WEB-ITM-0521,/files/media/product/CASA SOLIS CHARDONNAY 750ML.webp,2214,/files/media/product/CASA SOLIS CHARDONNAY 750ML.webp
WEB-ITM-0520,/files/media/product/BAREFOOT CHARDONNAY 750ML.jpeg,176,/files/media/product/BAREFOOT CHARDONNAY 750ML.jpeg
WEB-ITM-0519,/files/media/product/AUSTRALIAN BUSH CHARDONNAY 750ML.webp,132,/files/media/product/AUSTRALIAN BUSH CHARDONNAY 750ML.webp
WEB-ITM-0518,/files/media/product/ALAMOS CHARDONNAY 750ML.webp,2174,/files/media/product/ALAMOS CHARDONNAY 750ML.webp
WEB-ITM-0517,/files/media/product/tiliacarbanetsauvignon750ml.webp,1992,/files/media/product/tiliacarbanetsauvignon750ml.webp
WEB-ITM-0516,/files/media/product/catenacarbanetsauvignon750ml.webp,413,/files/media/product/catenacarbanetsauvignon750ml.webp
WEB-ITM-0515,/files/media/product/MARTINI BRUT 750ML.webp,1403,/files/media/product/MARTINI BRUT 750ML.webp
WEB-ITM-0514,/files/media/product/GRANDE FRANCE BRUT 750ML.avif,2194,/files/media/product/GRANDE FRANCE BRUT 750ML.avif
WEB-ITM-0513,/files/media/product/FRONTERA BRUT 750ML.png,783,/files/media/product/FRONTERA BRUT 750ML.png
WEB-ITM-0512,/files/media/product/SANTA HELENA BLANCO 750ML.jpg,2316,/files/media/product/SANTA HELENA BLANCO 750ML.jpg
WEB-ITM-0511,/files/media/product/CHARLES HEIDSECK BLANC DE BLANC 750ml.jpeg,443,/files/media/product/CHARLES HEIDSECK BLANC DE BLANC 750ml.jpeg
WEB-ITM-0510,/files/media/product/PERRIER JOUET BLANC 750ML.webp,2314,/files/media/product/PERRIER JOUET BLANC 750ML.webp
WEB-ITM-0509,/files/media/product/ARNEGUI VIURA BLANC 750ML.jpeg,115,/files/media/product/ARNEGUI VIURA BLANC 750ML.jpeg
WEB-ITM-0508,/files/media/product/MAISON CASTEL CHABLIS 2022 750ML.webp,2183,/files/media/product/MAISON CASTEL CHABLIS 2022 750ML.webp
WEB-ITM-0507,/files/media/product/fourcousinswhitedry15ltr.jpg,759,/files/media/product/fourcousinswhitedry15ltr.jpg
WEB-ITM-0506,/files/media/product/DROSTDY HOF WHITE 375ML.ashx,640,/files/media/product/DROSTDY HOF WHITE 375ML.ashx
WEB-ITM-0505,/files/media/product/capricewhitedrytetra1ltr.jpg,372,/files/media/product/capricewhitedrytetra1ltr.jpg
WEB-ITM-0504,/files/media/product/BARON DE LIRONDEAU BLANC 750ML.webp,2260,/files/media/product/BARON DE LIRONDEAU BLANC 750ML.webp
WEB-ITM-0503,/files/media/product/Welmoed-Pinot-Grigio-600x600.png,2079,/files/media/product/Welmoed-Pinot-Grigio-600x600.png
WEB-ITM-0502,/files/media/product/gato nagro whit.webp,806,/files/media/product/gato nagro whit.webp
WEB-ITM-0501,/files/media/product/7EVEN BOUQUET BLANC 750ML.webp,2170,/files/media/product/7EVEN BOUQUET BLANC 750ML.webp
WEB-ITM-0500,/files/media/product/kleinerustsavignonblanc1.5ltr.jpeg,1213,/files/media/product/kleinerustsavignonblanc1.5ltr.jpeg
WEB-ITM-0499,/files/media/product/penasol.png,1606,/files/media/product/penasol.png
WEB-ITM-0498,/files/media/product/BARON DE VALLS Sparkling White Wine 750ML.jpg,182,/files/media/product/BARON DE VALLS Sparkling White Wine 750ML.jpg
WEB-ITM-0497,/files/media/product/TIA MARIA VANILLA 1LTR.jpg,2253,/files/media/product/TIA MARIA VANILLA 1LTR.jpg
WEB-ITM-0496,/files/media/product/WAVE DANCER SWT WHITE 700ML.webp,2256,/files/media/product/WAVE DANCER SWT WHITE 700ML.webp
WEB-ITM-0495,/files/media/product/upper valley.png,2040,/files/media/product/upper valley.png
WEB-ITM-0494,/files/media/product/rooibergwinerysweetwhite750ml.jpeg,1689,/files/media/product/rooibergwinerysweetwhite750ml.jpeg
WEB-ITM-0493,/files/media/product/NAMAQUA SWEET WHITE 750ML.webp,2163,/files/media/product/NAMAQUA SWEET WHITE 750ML.webp
WEB-ITM-0492,/files/media/product/mohansreservewhitesweet750ml.jpg,1458,/files/media/product/mohansreservewhitesweet750ml.jpg
WEB-ITM-0491,/files/media/product/leleshwa sweetwhitewine.jpg,1285,/files/media/product/leleshwa sweetwhitewine.jpg
WEB-ITM-0490,/files/media/product/fourcousins1.5l.png,755,/files/media/product/fourcousins1.5l.png
WEB-ITM-0489,/files/media/product/formentera-white-ocean.webp,743,/files/media/product/formentera-white-ocean.webp
WEB-ITM-0488,/files/media/product/capricenaturalswtwhite1ltr.jpg,370,/files/media/product/capricenaturalswtwhite1ltr.jpg
WEB-ITM-0487,/files/media/product/blackbird.jpeg,235,/files/media/product/blackbird.jpeg
WEB-ITM-0486,/files/media/product/BIRDS N BEES SWEET WHITE 750ML.jpg,227,/files/media/product/BIRDS N BEES SWEET WHITE 750ML.jpg
WEB-ITM-0485,/files/media/product/ASCONI MOSCATO 750ML.webp,121,/files/media/product/ASCONI MOSCATO 750ML.webp
WEB-ITM-0484,/files/media/product/ANGOVE 750ML.webp,2176,/files/media/product/ANGOVE 750ML.webp
WEB-ITM-0483,/files/media/product/BUTLERS ESPRESSO 750ML.jpeg,320,/files/media/product/BUTLERS ESPRESSO 750ML.jpeg
WEB-ITM-0482,/files/media/product/CARLO ROSSI DRY WHITE 3LTR.webp,389,/files/media/product/CARLO ROSSI DRY WHITE 3LTR.webp
WEB-ITM-0481,/files/media/product/CASTEL SYRAH 750ML.webp,410,/files/media/product/CASTEL SYRAH 750ML.webp
WEB-ITM-0480,/files/media/product/CLASE AZUL ANEJO 700ML.jpeg,493,/files/media/product/CLASE AZUL ANEJO 700ML.jpeg
WEB-ITM-0479,/files/media/product/ERISTOFF 750ML.jpeg,665,/files/media/product/ERISTOFF 750ML.jpeg
WEB-ITM-0478,/files/media/product/GRAHAM BECK BRUT ROSE 750ML.jpg,897,/files/media/product/GRAHAM BECK BRUT ROSE 750ML.jpg
WEB-ITM-0477,/files/media/product/GREENALLS WILD BERRY PINK 700ML.webp,2197,/files/media/product/GREENALLS WILD BERRY PINK 700ML.webp
WEB-ITM-0476,/files/media/product/LUC BELAIRE BRUT GOLD 1.5LTR.webp,1314,/files/media/product/LUC BELAIRE BRUT GOLD 1.5LTR.webp
WEB-ITM-0475,/files/media/product/ALAMOS MALBEC 750ML.webp,1381,/files/media/product/ALAMOS MALBEC 750ML.webp
WEB-ITM-0474,/files/media/product/ROCHE MAZET CAB SAUV 750ml.webp,1680,/files/media/product/ROCHE MAZET CAB SAUV 750ml.webp
WEB-ITM-0473,/files/media/product/ROCHE MAZET CHARDONNAY 750ML.webp,1681,/files/media/product/ROCHE MAZET CHARDONNAY 750ML.webp
WEB-ITM-0472,/files/media/product/ZONIN OG BARBERA VENTO 750ML.webp,2480,/files/media/product/ZONIN OG BARBERA VENTO 750ML.webp
WEB-ITM-0471,/files/media/product/ZONIN MERLOT FRIULI DOC AQUIEIA 750ML.jpg,2479,/files/media/product/ZONIN MERLOT FRIULI DOC AQUIEIA 750ML.jpg
WEB-ITM-0470,/files/media/product/ZAPALLARES MERLOT 1500ML.webp,2790,/files/media/product/ZAPALLARES MERLOT 1500ML.webp
WEB-ITM-0469,/files/media/product/ZAPALLARES CAB SAUV 1500ML.jpg,2789,/files/media/product/ZAPALLARES CAB SAUV 1500ML.jpg
WEB-ITM-0468,/files/media/product/ZACAPPA 1LTR.jpg,2366,/files/media/product/ZACAPPA 1LTR.jpg
WEB-ITM-0467,/files/media/product/WELMOED PINOTAGE 750ML.jpg,2503,/files/media/product/WELMOED PINOTAGE 750ML.jpg
WEB-ITM-0466,/files/media/product/WATERFORD SAUV BLANC 750ML.webp,2071,/files/media/product/WATERFORD SAUV BLANC 750ML.webp
WEB-ITM-0465,/files/media/product/WATERFORD PEBBLE HILL 750ML.avif,2365,/files/media/product/WATERFORD PEBBLE HILL 750ML.avif
WEB-ITM-0464,/files/media/product/VINUM MOSCATO DASTI 750ML.webp,2525,/files/media/product/VINUM MOSCATO DASTI 750ML.webp
WEB-ITM-0463,/files/media/product/VINUM CHIANTI RESERVA 750ML.webp,2524,/files/media/product/VINUM CHIANTI RESERVA 750ML.webp
WEB-ITM-0462,/files/media/product/VINUM 1L ROSSO DABRUZZO ORGANIC 750ML.png,2529,/files/media/product/VINUM 1L ROSSO DABRUZZO ORGANIC 750ML.png
WEB-ITM-0461,/files/media/product/VINO DE MISA SWEET RED SUPERIOR 750ML.webp,2535,/files/media/product/VINO DE MISA SWEET RED SUPERIOR 750ML.webp
WEB-ITM-0460,/files/media/product/VAN SAUVIGNON BLANC 750ML.jpg,2531,/files/media/product/VAN SAUVIGNON BLANC 750ML.jpg
WEB-ITM-0459,/files/media/product/VAN RIVER RED SHIRAZ PINOTAGE 750ML.png,2560,/files/media/product/VAN RIVER RED SHIRAZ PINOTAGE 750ML.png
WEB-ITM-0458,/files/media/product/VAN MOSCATO ROSE PERLE 750ML.jpg,2559,/files/media/product/VAN MOSCATO ROSE PERLE 750ML.jpg
WEB-ITM-0457,/files/media/product/VAN GEWURZTRAMINER 750ML.png,2558,/files/media/product/VAN GEWURZTRAMINER 750ML.png
WEB-ITM-0456,/files/media/product/VAN CHENIN BLANC NO 5 750ML.png,2557,/files/media/product/VAN CHENIN BLANC NO 5 750ML.png
WEB-ITM-0455,/files/media/product/VAN BRUT SPARKLING 750ML.webp,2555,/files/media/product/VAN BRUT SPARKLING 750ML.webp
WEB-ITM-0454,/files/media/product/VAN BLANC DE BLANC 750ML.png,2554,/files/media/product/VAN BLANC DE BLANC 750ML.png
WEB-ITM-0453,/files/media/product/VAN AFRICAN JAVA PINOTAGE 750ML.webp,2553,/files/media/product/VAN AFRICAN JAVA PINOTAGE 750ML.webp
WEB-ITM-0452,/files/media/product/UPPER VALLEY DRY RED 750ML.jpg,2371,/files/media/product/UPPER VALLEY DRY RED 750ML.jpg
WEB-ITM-0451,/files/media/product/UNDURRAGA MERLOT.webp,2436,/files/media/product/UNDURRAGA MERLOT.webp
WEB-ITM-0450,/files/media/product/UNDURRAGA CARMENERE.webp,2437,/files/media/product/UNDURRAGA CARMENERE.webp
WEB-ITM-0449,/files/media/product/UNDURRAGA CAB SAUV 750ML.webp,2830,/files/media/product/UNDURRAGA CAB SAUV 750ML.webp
WEB-ITM-0448,/files/media/product/TUSSOCK JUMPER MALBEC 750ml.jpg,2032,/files/media/product/TUSSOCK JUMPER MALBEC 750ml.jpg
WEB-ITM-0447,/files/media/product/TRUMPETER RESERVE MALBEC 750ML.png,2445,/files/media/product/TRUMPETER RESERVE MALBEC 750ML.png
WEB-ITM-0446,/files/media/product/TRUMPETER PINOT NOIR 750ml.png,2016,/files/media/product/TRUMPETER PINOT NOIR 750ml.png
WEB-ITM-0445,/files/media/product/TONS DE DUORUM WHITE 750ML.webp,2586,/files/media/product/TONS DE DUORUM WHITE 750ML.webp
WEB-ITM-0444,/files/media/product/TONS DE DUORUM ROSE 750.jpg,2587,/files/media/product/TONS DE DUORUM ROSE 750.jpg
WEB-ITM-0443,/files/media/product/TONS DE DUORUM RED 750ML.webp,2585,/files/media/product/TONS DE DUORUM RED 750ML.webp
WEB-ITM-0442,/files/media/product/TOMMASI VALIPOLICELLA 750ML.webp,2363,/files/media/product/TOMMASI VALIPOLICELLA 750ML.webp
WEB-ITM-0441,/files/media/product/TOMMASI SOAVE CLASSICO 750ML.webp,2004,/files/media/product/TOMMASI SOAVE CLASSICO 750ML.webp
WEB-ITM-0440,/files/media/product/TOMMASI RIPASO 750ML.webp,2364,/files/media/product/TOMMASI RIPASO 750ML.webp
WEB-ITM-0439,/files/media/product/TOMMASI PINOT GRIGIO 750ML.jpg,2362,/files/media/product/TOMMASI PINOT GRIGIO 750ML.jpg
WEB-ITM-0438,/files/media/product/TOMMASI BARDOLINO 750ML.png,2361,/files/media/product/TOMMASI BARDOLINO 750ML.png
WEB-ITM-0437,/files/media/product/THREE MONKEY'S WHITE 750ML.webp,2446,/files/media/product/THREE MONKEY'S WHITE 750ML.webp
WEB-ITM-0436,/files/media/product/THREE MONKEYS SEMI SWEET RED 750ML.png,2528,/files/media/product/THREE MONKEYS SEMI SWEET RED 750ML.png
WEB-ITM-0435,/files/media/product/THE GUV'NOR WHITE 750ML.jpg,2337,/files/media/product/THE GUV'NOR WHITE 750ML.jpg
WEB-ITM-0434,/files/media/product/TERRA LINDA SYRAH RED 750ML.jpeg,2708,/files/media/product/TERRA LINDA SYRAH RED 750ML.jpeg
WEB-ITM-0433,/files/media/product/TERRA LINDA GARNACHA RED 750ML.avif,2914,/files/media/product/TERRA LINDA GARNACHA RED 750ML.avif
WEB-ITM-0432,/files/media/product/TASSENBERG 750ML.png,2573,/files/media/product/TASSENBERG 750ML.png
WEB-ITM-0431,/files/media/product/TALL HORSE - CHARDONNAY 750ML.webp,1926,/files/media/product/TALL HORSE - CHARDONNAY 750ML.webp
WEB-ITM-0430,,2375,
WEB-ITM-0429,/files/media/product/SIMONSIG CAB SAUV 750ML.jpg,2449,/files/media/product/SIMONSIG CAB SAUV 750ML.jpg
WEB-ITM-0428,/files/media/product/SILK &SPICE 750ML.jpg,2478,/files/media/product/SILK &SPICE 750ML.jpg
WEB-ITM-0427,/files/media/product/SAN FELIPE CLASSIC CAB SAUV 750ML.png,2872,/files/media/product/SAN FELIPE CLASSIC CAB SAUV 750ML.png
WEB-ITM-0426,/files/media/product/SAINT RAPHAEL SMOOTH RED 750ML.jpeg,2912,/files/media/product/SAINT RAPHAEL SMOOTH RED 750ML.jpeg
WEB-ITM-0425,/files/media/product/SAINT CLAIRE NATURAL SWEET ROSE 750ML.jpg,2913,/files/media/product/SAINT CLAIRE NATURAL SWEET ROSE 750ML.jpg
WEB-ITM-0424,/files/media/product/SAINT CLAIRE 750ML.jpg,2401,/files/media/product/SAINT CLAIRE 750ML.jpg
WEB-ITM-0423,/files/media/product/ROSSO NOBILE DUBAI CHOCOLATE 750ML.webp,2582,/files/media/product/ROSSO NOBILE DUBAI CHOCOLATE 750ML.webp
WEB-ITM-0422,/files/media/product/ROSSO NOBILE DARK CHOCOLATE 750ML.jpg,2583,/files/media/product/ROSSO NOBILE DARK CHOCOLATE 750ML.jpg
WEB-ITM-0421,/files/media/product/ROSSO NOBILE BOIS BANDE PHILTRE 750ML 750ML.webp,2584,/files/media/product/ROSSO NOBILE BOIS BANDE PHILTRE 750ML 750ML.webp
WEB-ITM-0420,/files/media/product/ROOIBERG WINERY RED MUSCADEL 750ML.png,1688,/files/media/product/ROOIBERG WINERY RED MUSCADEL 750ML.png
WEB-ITM-0419,/files/media/product/ROBERTSON WINERY CHENIN BLANC 750ML.webp,2487,/files/media/product/ROBERTSON WINERY CHENIN BLANC 750ML.webp
WEB-ITM-0418,/files/media/product/ROBERTSON SWEET ROSE 1.5LT.webp,1675,/files/media/product/ROBERTSON SWEET ROSE 1.5LT.webp
WEB-ITM-0417,/files/media/product/QUINTA DOS TAWNY PORT 750ML.jpg,2589,/files/media/product/QUINTA DOS TAWNY PORT 750ML.jpg
WEB-ITM-0416,/files/media/product/POMMERY ROYAL BRUT ROSE 750ML.png,2359,/files/media/product/POMMERY ROYAL BRUT ROSE 750ML.png
WEB-ITM-0415,/files/media/product/PIERRE MARCEL SPARKLING WHITE 750ML.jpg,2869,/files/media/product/PIERRE MARCEL SPARKLING WHITE 750ML.jpg
WEB-ITM-0414,/files/media/product/PIERRE JOURDAN TRANQUILLE 750ML.jpg,2501,/files/media/product/PIERRE JOURDAN TRANQUILLE 750ML.jpg
WEB-ITM-0413,/files/media/product/PENASOL MEDIUM SWEET WHITE 750ML.webp,2358,/files/media/product/PENASOL MEDIUM SWEET WHITE 750ML.webp
WEB-ITM-0412,/files/media/product/PEARLY BAY CHENIN BLANC 750ML.png,2357,/files/media/product/PEARLY BAY CHENIN BLANC 750ML.png
WEB-ITM-0411,/files/media/product/OVEERMEER CELLAR NATURAL SWEET ROSE 5LITRES.webp,2490,/files/media/product/OVEERMEER CELLAR NATURAL SWEET ROSE 5LITRES.webp
WEB-ITM-0410,/files/media/product/OLEPASU SWEET WHITE750ML.jpg,2552,/files/media/product/OLEPASU SWEET WHITE750ML.jpg
WEB-ITM-0409,/files/media/product/OLEPASU SWEET RED 750ML.jpg,2551,/files/media/product/OLEPASU SWEET RED 750ML.jpg
WEB-ITM-0408,/files/media/product/OLEPASU ROSSO AL CIOCCOLATO 750ML.png,2532,/files/media/product/OLEPASU ROSSO AL CIOCCOLATO 750ML.png
WEB-ITM-0407,/files/media/product/OLEPASU DRY RED 750ML.jpg,2550,/files/media/product/OLEPASU DRY RED 750ML.jpg
WEB-ITM-0406,/files/media/product/OLENAISHU WHITE SWEET 750ML.jpg,2547,/files/media/product/OLENAISHU WHITE SWEET 750ML.jpg
WEB-ITM-0405,/files/media/product/OLENAISHU RED SWEET 750ML.jpg,2546,/files/media/product/OLENAISHU RED SWEET 750ML.jpg
WEB-ITM-0404,/files/media/product/OLENAISHU RED DRY 750ML.webp,2545,/files/media/product/OLENAISHU RED DRY 750ML.webp
WEB-ITM-0403,/files/media/product/NEDERBURG CUVEE BRUT 750ML.jpg,2850,/files/media/product/NEDERBURG CUVEE BRUT 750ML.jpg
WEB-ITM-0402,/files/media/product/NAMAQUA SWEET WHITE 5LTR.jpg,1501,/files/media/product/NAMAQUA SWEET WHITE 5LTR.jpg
WEB-ITM-0401,/files/media/product/MURVIEDRO TEMPRANILO 750ML.png,2598,/files/media/product/MURVIEDRO TEMPRANILO 750ML.png
WEB-ITM-0400,/files/media/product/MURVIEDRO CHARDONNAY 750ML.png,2597,/files/media/product/MURVIEDRO CHARDONNAY 750ML.png
WEB-ITM-0399,/files/media/product/MURVIEDRO CAB SAV 750ML.jpg,2596,/files/media/product/MURVIEDRO CAB SAV 750ML.jpg
WEB-ITM-0398,/files/media/product/MIRADO RESERVA 750ML.png,2600,/files/media/product/MIRADO RESERVA 750ML.png
WEB-ITM-0397,/files/media/product/MIRADOR DARK BLEND 750ML.jpg,2356,/files/media/product/MIRADOR DARK BLEND 750ML.jpg
WEB-ITM-0396,/files/media/product/MARQUES SEGUNDO ANO 750ML.webp,2527,/files/media/product/MARQUES SEGUNDO ANO 750ML.webp
WEB-ITM-0395,/files/media/product/MARQUES CAVA BRUT 750ML.png,2526,/files/media/product/MARQUES CAVA BRUT 750ML.png
WEB-ITM-0394,/files/media/product/MAJESTY SEMI-SWEET RED WINE.png,2513,/files/media/product/MAJESTY SEMI-SWEET RED WINE.png
WEB-ITM-0393,/files/media/product/MAISON CASTEL MERLOT 750ML.jpg,2400,/files/media/product/MAISON CASTEL MERLOT 750ML.jpg
WEB-ITM-0392,/files/media/product/MAISON CASTEL MENDOZA 750ML.jpg,2235,/files/media/product/MAISON CASTEL MENDOZA 750ML.jpg
WEB-ITM-0391,/files/media/product/LOLIE SWEET WHITE 750ML.avif,2520,/files/media/product/LOLIE SWEET WHITE 750ML.avif
WEB-ITM-0390,/files/media/product/LOLIE SWEET RED 750ML.avif,1297,/files/media/product/LOLIE SWEET RED 750ML.avif
WEB-ITM-0389,,2571,
WEB-ITM-0388,/files/media/product/LIONS DRY WHITE 750ML.jpg,2572,/files/media/product/LIONS DRY WHITE 750ML.jpg
WEB-ITM-0387,/files/media/product/LEOPARDS LEAP SAUV BLANC 750ML.webp,2505,/files/media/product/LEOPARDS LEAP SAUV BLANC 750ML.webp
WEB-ITM-0386,/files/media/product/LEOPARDS LEAP MERLOT 750ML.jpg,2506,/files/media/product/LEOPARDS LEAP MERLOT 750ML.jpg
WEB-ITM-0385,/files/media/product/LEOPARDS LEAP CHENIN BLANC750ML.png,2507,/files/media/product/LEOPARDS LEAP CHENIN BLANC750ML.png
WEB-ITM-0384,/files/media/product/LEOPARDS LEAP CHARDONNAY PINOT NOIR 750ML.webp,2509,/files/media/product/LEOPARDS LEAP CHARDONNAY PINOT NOIR 750ML.webp
WEB-ITM-0383,/files/media/product/LEOPARDS LEAP CAB SAUV MERLOT 750ML.png,2510,/files/media/product/LEOPARDS LEAP CAB SAUV MERLOT 750ML.png
WEB-ITM-0382,/files/media/product/LEOPARDS LEAP CAB SAuv 750ML.webp,2511,/files/media/product/LEOPARDS LEAP CAB SAuv 750ML.webp
WEB-ITM-0381,/files/media/product/LEGENDE BLACK 750ML.png,1281,/files/media/product/LEGENDE BLACK 750ML.png
WEB-ITM-0380,/files/media/product/LA CAPRA SAUV BLANC 750ML.jpg,2491,/files/media/product/LA CAPRA SAUV BLANC 750ML.jpg
WEB-ITM-0379,/files/media/product/KWV CLASSIC ROSE 750ML.jpg,2392,/files/media/product/KWV CLASSIC ROSE 750ML.jpg
WEB-ITM-0378,/files/media/product/KANONKOP KADETTE PINOTAGE ROSE 750ml.webp,1165,/files/media/product/KANONKOP KADETTE PINOTAGE ROSE 750ml.webp
WEB-ITM-0377,/files/media/product/JURA 18YEARS 700ML.jpg,2438,/files/media/product/JURA 18YEARS 700ML.jpg
WEB-ITM-0376,/files/media/product/JP AZEITAO WHITE 750ML.webp,2591,/files/media/product/JP AZEITAO WHITE 750ML.webp
WEB-ITM-0375,/files/media/product/JP AZEITAO RED 750ML.webp,2590,/files/media/product/JP AZEITAO RED 750ML.webp
WEB-ITM-0374,/files/media/product/JAM JAR SWEET SHIRAZ 750ML.png,2382,/files/media/product/JAM JAR SWEET SHIRAZ 750ML.png
WEB-ITM-0373,/files/media/product/JACOB'S CREEK RESERVE SHIRAZ 750ML.jpg,2443,/files/media/product/JACOB'S CREEK RESERVE SHIRAZ 750ML.jpg
WEB-ITM-0372,/files/media/product/JACOB'S CREEK CABERNET SAUVIGNON 750ML.jpg,2439,/files/media/product/JACOB'S CREEK CABERNET SAUVIGNON 750ML.jpg
WEB-ITM-0371,/files/media/product/HAUTE CABRIERE UNWOODED PINOTNOIR 750ML.webp,2517,/files/media/product/HAUTE CABRIERE UNWOODED PINOTNOIR 750ML.webp
WEB-ITM-0370,/files/media/product/HAUTE CABRIERE UNWOODED CHARDONNAY 750ML.webp,2497,/files/media/product/HAUTE CABRIERE UNWOODED CHARDONNAY 750ML.webp
WEB-ITM-0369,/files/media/product/HAUTE CABRIERE CHARDONNAY PINOT 750ML750ML.webp,2512,/files/media/product/HAUTE CABRIERE CHARDONNAY PINOT 750ML750ML.webp
WEB-ITM-0368,/files/media/product/HAMSINI SWEET WHITE750ML.avif,2519,/files/media/product/HAMSINI SWEET WHITE750ML.avif
WEB-ITM-0367,/files/media/product/HAMSINI SWEET RED 750ML.jpg,2518,/files/media/product/HAMSINI SWEET RED 750ML.jpg
WEB-ITM-0366,/files/media/product/GRANDE FRANCE SEMI SWEET WHITE 750ML.jpeg,905,/files/media/product/GRANDE FRANCE SEMI SWEET WHITE 750ML.jpeg
WEB-ITM-0365,/files/media/product/GRAHAM'S FINE WHITE 750ML.jpg,2807,/files/media/product/GRAHAM'S FINE WHITE 750ML.jpg
WEB-ITM-0364,/files/media/product/GRAHAM'S FINE TAWNY 750ML.jpg,2806,/files/media/product/GRAHAM'S FINE TAWNY 750ML.jpg
WEB-ITM-0363,/files/media/product/GRAHAM'S FINE RUBY.webp,2805,/files/media/product/GRAHAM'S FINE RUBY.webp
WEB-ITM-0362,/files/media/product/GINBERYS LONDON DRY GIN 700ML.webp,2548,/files/media/product/GINBERYS LONDON DRY GIN 700ML.webp
WEB-ITM-0361,/files/media/product/GATO NEGRO CAB SAUV MERLOT 750ML.jpg,2441,/files/media/product/GATO NEGRO CAB SAUV MERLOT 750ML.jpg
WEB-ITM-0360,/files/media/product/GATO NEGRO CAB SAUV 1.5L.webp,2402,/files/media/product/GATO NEGRO CAB SAUV 1.5L.webp
WEB-ITM-0359,/files/media/product/FRONTERA SWEET ROSE 750ML.jpg,799,/files/media/product/FRONTERA SWEET ROSE 750ML.jpg
WEB-ITM-0358,/files/media/product/FRONTERA CAB BLUSH 750ML.jpg,782,/files/media/product/FRONTERA CAB BLUSH 750ML.jpg
WEB-ITM-0357,/files/media/product/FOUR COUSINS DRY RED 5LTR.webp,2397,/files/media/product/FOUR COUSINS DRY RED 5LTR.webp
WEB-ITM-0356,/files/media/product/FOUR COUSINS COLLECTION CAB SAUV 750ml.webp,747,/files/media/product/FOUR COUSINS COLLECTION CAB SAUV 750ml.webp
WEB-ITM-0355,/files/media/product/FOUR COUSINS CAB SAUV 750ML.webp,2372,/files/media/product/FOUR COUSINS CAB SAUV 750ML.webp
WEB-ITM-0354,/files/media/product/FOOTPRINT RED 5LTR.webp,2448,/files/media/product/FOOTPRINT RED 5LTR.webp
WEB-ITM-0353,/files/media/product/EXPRESSION SWEET RED 750ml.jpg,670,/files/media/product/EXPRESSION SWEET RED 750ml.jpg
WEB-ITM-0352,/files/media/product/EXPRESSION MOJITO 750ML.png,2601,/files/media/product/EXPRESSION MOJITO 750ML.png
WEB-ITM-0351,/files/media/product/EXPRESSION MIMOSA 750ML.jpg,2594,/files/media/product/EXPRESSION MIMOSA 750ML.jpg
WEB-ITM-0350,/files/media/product/EXPRESION SWEET ROSE 750ML.jpg,2495,/files/media/product/EXPRESION SWEET ROSE 750ML.jpg
WEB-ITM-0349,/files/media/product/EXPRESION BRUT SPARKLING 750ML.jpg,2494,/files/media/product/EXPRESION BRUT SPARKLING 750ML.jpg
WEB-ITM-0348,/files/media/product/ELECTIO MERLOT 750ML.png,2390,/files/media/product/ELECTIO MERLOT 750ML.png
WEB-ITM-0347,/files/media/product/ELECTIO CAB SAUV 750ML.jpg,2389,/files/media/product/ELECTIO CAB SAUV 750ML.jpg
WEB-ITM-0346,/files/media/product/DURBANVILLE HILLS SAUV BLANC 750ML.png,2442,/files/media/product/DURBANVILLE HILLS SAUV BLANC 750ML.png
WEB-ITM-0345,/files/media/product/CH VALAC RED 750ML.webp,2664,/files/media/product/CH VALAC RED 750ML.webp
WEB-ITM-0344,/files/media/product/CH VALAC MEDIUM SWEET WHITE 750ML.jpeg,2663,/files/media/product/CH VALAC MEDIUM SWEET WHITE 750ML.jpeg
WEB-ITM-0343,/files/media/product/CH VALAC MEDIUM SWEET RED 750ML.jpeg,2662,/files/media/product/CH VALAC MEDIUM SWEET RED 750ML.jpeg
WEB-ITM-0342,/files/media/product/CHILINERO RED 750ML.avif,2387,/files/media/product/CHILINERO RED 750ML.avif
WEB-ITM-0341,/files/media/product/CHARLES HEIDESECK ROSE 750ML.jpeg,2373,/files/media/product/CHARLES HEIDESECK ROSE 750ML.jpeg
WEB-ITM-0340,/files/media/product/CHALK ROAD SAV BLANC 750ML.png,2522,/files/media/product/CHALK ROAD SAV BLANC 750ML.png
WEB-ITM-0339,/files/media/product/CHALK ROAD CHARDONAY 750ML.jpg,2521,/files/media/product/CHALK ROAD CHARDONAY 750ML.jpg
WEB-ITM-0338,/files/media/product/CASTILLO DEL DIABLO MERLOT 750ML.jpg,2182,/files/media/product/CASTILLO DEL DIABLO MERLOT 750ML.jpg
WEB-ITM-0337,/files/media/product/CASTILLO DEL CHARDONNAY 750ML.jpg,2181,/files/media/product/CASTILLO DEL CHARDONNAY 750ML.jpg
WEB-ITM-0336,/files/media/product/CASTILLO DE FERRER WHITE SWEET 750ML 750ML.jpeg,2543,/files/media/product/CASTILLO DE FERRER WHITE SWEET 750ML 750ML.jpeg
WEB-ITM-0335,/files/media/product/CASTILLO DE FERRER RED SWEET 750ML.jpeg,2541,/files/media/product/CASTILLO DE FERRER RED SWEET 750ML.jpeg
WEB-ITM-0334,/files/media/product/CASTILLO DE FERRER RED DRY 750ML.jpeg,2542,/files/media/product/CASTILLO DE FERRER RED DRY 750ML.jpeg
WEB-ITM-0333,/files/media/product/CASTILLO DE FERRER BRUT SPARKLING 750ML.png,2540,/files/media/product/CASTILLO DE FERRER BRUT SPARKLING 750ML.png
WEB-ITM-0332,/files/media/product/CASILELLERO DEL DIABLO 750ML.jpg,409,/files/media/product/CASILELLERO DEL DIABLO 750ML.jpg
WEB-ITM-0331,/files/media/product/CASAL MENDES SANGRIA 750ML.jpg,1751,/files/media/product/CASAL MENDES SANGRIA 750ML.jpg
WEB-ITM-0330,/files/media/product/CASAL MENDES RED 750ML.webp,407,/files/media/product/CASAL MENDES RED 750ML.webp
WEB-ITM-0329,/files/media/product/CASALDOMO CUVEE BRUT 750ML.jpg,408,/files/media/product/CASALDOMO CUVEE BRUT 750ML.jpg
WEB-ITM-0328,/files/media/product/CAPE VELVET CREAM 750ML.webp,2292,/files/media/product/CAPE VELVET CREAM 750ML.webp
WEB-ITM-0327,/files/media/product/CANDY FLOSS SWEET WHITE WINE 750ML.webp,2626,/files/media/product/CANDY FLOSS SWEET WHITE WINE 750ML.webp
WEB-ITM-0326,/files/media/product/CANDY FLOSS SWEET RED WINE 750ML.webp,2660,/files/media/product/CANDY FLOSS SWEET RED WINE 750ML.webp
WEB-ITM-0325,/files/media/product/BUSHMANSPAD SAUV BLANC 750ML.webp,2523,/files/media/product/BUSHMANSPAD SAUV BLANC 750ML.webp
WEB-ITM-0324,/files/media/product/BOTTEGA VERMOUTH 750ML.webp,2595,/files/media/product/BOTTEGA VERMOUTH 750ML.webp
WEB-ITM-0323,/files/media/product/BLACK STALLION 750ML.jpeg,2264,/files/media/product/BLACK STALLION 750ML.jpeg
WEB-ITM-0322,/files/media/product/BITOLA RED 750ML.jpg,228,/files/media/product/BITOLA RED 750ML.jpg
WEB-ITM-0321,/files/media/product/BIANCO NOBILE VANILLA 750ML.jpg,2416,/files/media/product/BIANCO NOBILE VANILLA 750ML.jpg
WEB-ITM-0320,/files/media/product/B&G MERLOT IGP PAYS DOC 750ML.jpeg,2466,/files/media/product/B&G MERLOT IGP PAYS DOC 750ML.jpeg
WEB-ITM-0319,/files/media/product/B&G MALBEC IGP PAYS DOC 750ML.jpeg,2465,/files/media/product/B&G MALBEC IGP PAYS DOC 750ML.jpeg
WEB-ITM-0318,/files/media/product/B&G CAB SAV IGP PAYS DOC 750ML.jpg,2464,/files/media/product/B&G CAB SAV IGP PAYS DOC 750ML.jpg
WEB-ITM-0317,/files/media/product/B&G BORDEAUX ROUGE 750ML.webp,2463,/files/media/product/B&G BORDEAUX ROUGE 750ML.webp
WEB-ITM-0316,/files/media/product/B&G BORDEAUX MEDOC 750ML.webp,2462,/files/media/product/B&G BORDEAUX MEDOC 750ML.webp
WEB-ITM-0315,/files/media/product/B&G BISTRO SAUVIGNON BLANC 750ML.png,2461,/files/media/product/B&G BISTRO SAUVIGNON BLANC 750ML.png
WEB-ITM-0314,/files/media/product/B&G AOP CHATEAUNEUF DU PAPE 750ML.jpeg,2460,/files/media/product/B&G AOP CHATEAUNEUF DU PAPE 750ML.jpeg
WEB-ITM-0313,/files/media/product/BENARD LANCLAS BRUT 750ML.avif,2262,/files/media/product/BENARD LANCLAS BRUT 750ML.avif
WEB-ITM-0312,/files/media/product/BELLINGHAM PREMIER GRANC CRU 750ML.avif,2486,/files/media/product/BELLINGHAM PREMIER GRANC CRU 750ML.avif
WEB-ITM-0311,/files/media/product/BELLINGHAM HOMESTEAD GRAND CRU 750ML.jpg,2210,/files/media/product/BELLINGHAM HOMESTEAD GRAND CRU 750ML.jpg
WEB-ITM-0310,/files/media/product/BARON DE RUBI SPARKLING WHITE BRUT 750ML.jpg,2484,/files/media/product/BARON DE RUBI SPARKLING WHITE BRUT 750ML.jpg
WEB-ITM-0309,/files/media/product/BARON DE RUBI CAB SAV SWEET RED 750ML.jpg,2483,/files/media/product/BARON DE RUBI CAB SAV SWEET RED 750ML.jpg
WEB-ITM-0308,/files/media/product/BAREFOOT MERLOT 750ML.png,177,/files/media/product/BAREFOOT MERLOT 750ML.png
WEB-ITM-0307,/files/media/product/BACARDI LIMON LITRE.jpg,2467,/files/media/product/BACARDI LIMON LITRE.jpg
WEB-ITM-0306,/files/media/product/Asconi Sweet Flavored Strawberry Rose Wine.webp,2899,/files/media/product/Asconi Sweet Flavored Strawberry Rose Wine.webp
WEB-ITM-0305,/files/media/product/Asconi Sweet Flavored Peach White Wine.webp,2898,/files/media/product/Asconi Sweet Flavored Peach White Wine.webp
WEB-ITM-0304,/files/media/product/Asconi Sweet Flavored Passion Fruit White Wine.webp,2897,/files/media/product/Asconi Sweet Flavored Passion Fruit White Wine.webp
WEB-ITM-0303,/files/media/product/Asconi Sweet Flavored Grapefruit Red Wine.webp,2896,/files/media/product/Asconi Sweet Flavored Grapefruit Red Wine.webp
WEB-ITM-0302,/files/media/product/Asconi Sweet Flavored Chocolate Red Wine.jpg,2895,/files/media/product/Asconi Sweet Flavored Chocolate Red Wine.jpg
WEB-ITM-0301,/files/media/product/Asconi Prestige White Semisweet Wine.jpeg,2893,/files/media/product/Asconi Prestige White Semisweet Wine.jpeg
WEB-ITM-0300,/files/media/product/Asconi Prestige Red Semisweet Wine.webp,2894,/files/media/product/Asconi Prestige Red Semisweet Wine.webp
WEB-ITM-0299,/files/media/product/ASCONI MUSCAT SWEET WHITE 750ML.webp,2377,/files/media/product/ASCONI MUSCAT SWEET WHITE 750ML.webp
WEB-ITM-0298,/files/media/product/ASCONI MOSCATO SWEET WHITE 750ML.jpg,2378,/files/media/product/ASCONI MOSCATO SWEET WHITE 750ML.jpg
WEB-ITM-0297,/files/media/product/ASCONI KISS ME NOW MERLOT 750ML.jpg,120,/files/media/product/ASCONI KISS ME NOW MERLOT 750ML.jpg
WEB-ITM-0296,/files/media/product/ASCONI AGOR LUX 750ML.jpg,118,/files/media/product/ASCONI AGOR LUX 750ML.jpg
WEB-ITM-0295,/files/media/product/ARTHUR METS CREMANT DALSACE ROSE 750ML.jpg,2514,/files/media/product/ARTHUR METS CREMANT DALSACE ROSE 750ML.jpg
WEB-ITM-0294,/files/media/product/ARNISTON BAY SHIRAZ 750ML.jpeg,2499,/files/media/product/ARNISTON BAY SHIRAZ 750ML.jpeg
WEB-ITM-0293,/files/media/product/ARNISTON BAY SAUVIGNON 750ML.jpg,2500,/files/media/product/ARNISTON BAY SAUVIGNON 750ML.jpg
WEB-ITM-0292,/files/media/product/ARNISTON BAY ROSE 750ML.avif,2498,/files/media/product/ARNISTON BAY ROSE 750ML.avif
WEB-ITM-0291,/files/media/product/ARGENTO RESERVA MALBEC 750ml.jpg,111,/files/media/product/ARGENTO RESERVA MALBEC 750ml.jpg
WEB-ITM-0290,/files/media/product/ARCADIA DEMI SEC 750ML.jpg,2178,/files/media/product/ARCADIA DEMI SEC 750ML.jpg
WEB-ITM-0289,/files/media/product/ANGOVE SAV BLANC 750ML.webp,104,/files/media/product/ANGOVE SAV BLANC 750ML.webp
WEB-ITM-0288,/files/media/product/ANDRE MOSCATO SPUMANTE 750ML.jpg,2385,/files/media/product/ANDRE MOSCATO SPUMANTE 750ML.jpg
WEB-ITM-0287,/files/media/product/AMARONE VALPOLI RED 750ML.jpg,2588,/files/media/product/AMARONE VALPOLI RED 750ML.jpg
WEB-ITM-0286,/files/media/product/AMA LA VIDA SIGNATURE SWT RED 750ML.jpg,2175,/files/media/product/AMA LA VIDA SIGNATURE SWT RED 750ML.jpg
WEB-ITM-0285,/files/media/product/ALPACA SAUVIGNON BLANC 750ML.jpeg,2539,/files/media/product/ALPACA SAUVIGNON BLANC 750ML.jpeg
WEB-ITM-0284,/files/media/product/ALPACA MERLOT 750ML.webp,2538,/files/media/product/ALPACA MERLOT 750ML.webp
WEB-ITM-0283,/files/media/product/ALPACA CHARDONNAY 750ML.jpeg,2537,/files/media/product/ALPACA CHARDONNAY 750ML.jpeg
WEB-ITM-0282,/files/media/product/ALPACA CAB SAUVIGNON 750ML.webp,2536,/files/media/product/ALPACA CAB SAUVIGNON 750ML.webp
WEB-ITM-0281,/files/media/product/18 MERLOT 750ML.png,5,/files/media/product/18 MERLOT 750ML.png
WEB-ITM-0280,/files/media/product/WILD TURKEY 101 LITRE.jpg,2853,/files/media/product/WILD TURKEY 101 LITRE.jpg
WEB-ITM-0279,/files/media/product/WHYTEHALL FIRE(CINAMON) 1LT.jpg,2090,/files/media/product/WHYTEHALL FIRE(CINAMON) 1LT.jpg
WEB-ITM-0278,/files/media/product/URBAN WHISKY 750ML.jpg,2730,/files/media/product/URBAN WHISKY 750ML.jpg
WEB-ITM-0277,/files/media/product/UPRISE WHISKY & COLA 500ML.jpeg,2880,/files/media/product/UPRISE WHISKY & COLA 500ML.jpeg
WEB-ITM-0276,/files/media/product/TULLAMORE DEW WHISKY 700ML.webp,2025,/files/media/product/TULLAMORE DEW WHISKY 700ML.webp
WEB-ITM-0275,/files/media/product/THE WILSHIRE BLENDED WHISKY 750ML.webp,2881,/files/media/product/THE WILSHIRE BLENDED WHISKY 750ML.webp
WEB-ITM-0274,/files/media/product/THE MACALLAN ENIGMA 700ml.png,1342,/files/media/product/THE MACALLAN ENIGMA 700ml.png
WEB-ITM-0273,/files/media/product/THE MACALLAN AMBER 1LTR.webp,1341,/files/media/product/THE MACALLAN AMBER 1LTR.webp
WEB-ITM-0272,/files/media/product/THE MACALLAN 15YR 700ML.jpg,1339,/files/media/product/THE MACALLAN 15YR 700ML.jpg
WEB-ITM-0271,/files/media/product/THE MACALLAN 12YR 700ML.webp,1338,/files/media/product/THE MACALLAN 12YR 700ML.webp
WEB-ITM-0270,/files/media/product/THE GLENLIVET GEORGE SMITH 12 YO 750ML.png,2450,/files/media/product/THE GLENLIVET GEORGE SMITH 12 YO 750ML.png
WEB-ITM-0269,/files/media/product/THE GLENLIVET DOUBLE OAK 12 YO WITH GLASS 750ML.webp,1967,/files/media/product/THE GLENLIVET DOUBLE OAK 12 YO WITH GLASS 750ML.webp
WEB-ITM-0268,/files/media/product/THE GLENLIVET DOUBLE OAK 12 YO 750ML.jpg,2451,/files/media/product/THE GLENLIVET DOUBLE OAK 12 YO 750ML.jpg
WEB-ITM-0267,/files/media/product/THE FAMOUS GROUSE CHERRY CASK 700ML.jpg,2270,/files/media/product/THE FAMOUS GROUSE CHERRY CASK 700ML.jpg
WEB-ITM-0266,/files/media/product/THE FAMOUS GROUSE BOURBON CASK LITRE.webp,2489,/files/media/product/THE FAMOUS GROUSE BOURBON CASK LITRE.webp
WEB-ITM-0265,/files/media/product/THE FAMOUS GROUSE BOURBON CASK 750ML.jpeg,2271,/files/media/product/THE FAMOUS GROUSE BOURBON CASK 750ML.jpeg
WEB-ITM-0264,/files/media/product/TALISKER SKYE 700ML.jpeg,2384,/files/media/product/TALISKER SKYE 700ML.jpeg
WEB-ITM-0263,/files/media/product/SOUTHERN COMFORT LIME 700ML.jpeg,1860,/files/media/product/SOUTHERN COMFORT LIME 700ML.jpeg
WEB-ITM-0262,/files/media/product/SOUTHERN COMFORT BLACK 1LT.webp,1856,/files/media/product/SOUTHERN COMFORT BLACK 1LT.webp
WEB-ITM-0261,/files/media/product/SIR EDWARDS WHISKY 700ML.jpeg,1809,/files/media/product/SIR EDWARDS WHISKY 700ML.jpeg
WEB-ITM-0260,/files/media/product/SINGLETON DUFFTOWN 18YRS WHISKY 750ML.jpg,1802,/files/media/product/SINGLETON DUFFTOWN 18YRS WHISKY 750ML.jpg
WEB-ITM-0259,/files/media/product/SCOTTISH STAG 1LTR.jpeg,1772,/files/media/product/SCOTTISH STAG 1LTR.jpeg
WEB-ITM-0258,/files/media/product/SAZERAC RYE 700ML.webp,2825,/files/media/product/SAZERAC RYE 700ML.webp
WEB-ITM-0257,/files/media/product/ROYAL CIRCLE HONEY 750ML.jpg,2842,/files/media/product/ROYAL CIRCLE HONEY 750ML.jpg
WEB-ITM-0256,/files/media/product/OLD PULLTENEY WHISKY 1LTR.jpeg,2383,/files/media/product/OLD PULLTENEY WHISKY 1LTR.jpeg
WEB-ITM-0255,/files/media/product/OFFICER'S CHOICE WHISKY LITRE.jpeg,1545,/files/media/product/OFFICER'S CHOICE WHISKY LITRE.jpeg
WEB-ITM-0254,/files/media/product/NAKED MALT 750ml.jpg,1495,/files/media/product/NAKED MALT 750ml.jpg
WEB-ITM-0253,/files/media/product/MR DOWELS 750ML.avif,2278,/files/media/product/MR DOWELS 750ML.avif
WEB-ITM-0252,/files/media/product/MAKER'S MARK 101 1L.webp,2870,/files/media/product/MAKER'S MARK 101 1L.webp
WEB-ITM-0251,/files/media/product/LAPHROAIG QUARTER CASK 750ML.png,1261,/files/media/product/LAPHROAIG QUARTER CASK 750ML.png
WEB-ITM-0250,/files/media/product/LAPHROAIG FOUR OAK 1LTR.jpeg,2370,/files/media/product/LAPHROAIG FOUR OAK 1LTR.jpeg
WEB-ITM-0249,/files/media/product/LAPHROAIG 10YEARS 700ML.png,2799,/files/media/product/LAPHROAIG 10YEARS 700ML.png
WEB-ITM-0248,/files/media/product/JOHNNIE WALKER SWING 750ML.jpeg,1125,/files/media/product/JOHNNIE WALKER SWING 750ML.jpeg
WEB-ITM-0247,/files/media/product/JOHNNIE WALKER RED LABEL WHISKY 375ML.jpg,1121,/files/media/product/JOHNNIE WALKER RED LABEL WHISKY 375ML.jpg
WEB-ITM-0246,/files/media/product/JOHNNIE WALKER GREEN LABEL AGED 15YRS 750ML.jpeg,2355,/files/media/product/JOHNNIE WALKER GREEN LABEL AGED 15YRS 750ML.jpeg
WEB-ITM-0245,/files/media/product/JOHNNIE WALKER GHOST & RARE 750ML.webp,2488,/files/media/product/JOHNNIE WALKER GHOST & RARE 750ML.webp
WEB-ITM-0244,/files/media/product/JOHNNIE WALKER BLACK LABEL WHISKY 750ML.webp,1107,/files/media/product/JOHNNIE WALKER BLACK LABEL WHISKY 750ML.webp
WEB-ITM-0243,/files/media/product/JIM BEAM BLACK CHERRY 700ML.jpeg,2788,/files/media/product/JIM BEAM BLACK CHERRY 700ML.jpeg
WEB-ITM-0242,/files/media/product/JAMESON SINGLE POT STILL 750ML.webp,2574,/files/media/product/JAMESON SINGLE POT STILL 750ML.webp
WEB-ITM-0241,/files/media/product/JAMESON ORANGE 700ML.jpg,2798,/files/media/product/JAMESON ORANGE 700ML.jpg
WEB-ITM-0240,/files/media/product/JAMESON COLD BREW 700ML.jpg,2797,/files/media/product/JAMESON COLD BREW 700ML.jpg
WEB-ITM-0239,/files/media/product/JAMESON 18YRS 700ML.jpeg,2849,/files/media/product/JAMESON 18YRS 700ML.jpeg
WEB-ITM-0238,/files/media/product/INDEPENDENCE BLENDED IRISH 700ML.jpg,2577,/files/media/product/INDEPENDENCE BLENDED IRISH 700ML.jpg
WEB-ITM-0237,/files/media/product/GRANT'S WITHOUT GLASS 750ML.jpg,908,/files/media/product/GRANT'S WITHOUT GLASS 750ML.jpg
WEB-ITM-0236,/files/media/product/GRANTS WITHOUT GLASS 1LTR.jpg,2454,/files/media/product/GRANTS WITHOUT GLASS 1LTR.jpg
WEB-ITM-0235,/files/media/product/GRANTS TRIPPLE WOOD (WITH GLASS) 1LTR.webp,912,/files/media/product/GRANTS TRIPPLE WOOD (WITH GLASS) 1LTR.webp
WEB-ITM-0234,/files/media/product/GLEN SCANLAN LITRE.jpg,2803,/files/media/product/GLEN SCANLAN LITRE.jpg
WEB-ITM-0233,/files/media/product/GLENMORANGIE LASANTA 12YRS 750ML.jpg,2354,/files/media/product/GLENMORANGIE LASANTA 12YRS 750ML.jpg
WEB-ITM-0232,/files/media/product/GLENMORANGIE 18YRS WHISKY EXTREME 700ML.jpg,869,/files/media/product/GLENMORANGIE 18YRS WHISKY EXTREME 700ML.jpg
WEB-ITM-0231,/files/media/product/GLENMORANGIE 10YRS ORIGINAL WHISKY 750ML.webp,873,/files/media/product/GLENMORANGIE 10YRS ORIGINAL WHISKY 750ML.webp
WEB-ITM-0230,/files/media/product/GLENFIDDICH SOLERA 15YRS 700ML.webp,837,/files/media/product/GLENFIDDICH SOLERA 15YRS 700ML.webp
WEB-ITM-0229,/files/media/product/GLENFIDDICH RESERVE 18YRS 700ML.jpg,2474,/files/media/product/GLENFIDDICH RESERVE 18YRS 700ML.jpg
WEB-ITM-0228,/files/media/product/GENTLEMAN JACK 1LTR.jpg,2200,/files/media/product/GENTLEMAN JACK 1LTR.jpg
WEB-ITM-0227,/files/media/product/FIRE BALL 1LTR.jpeg,2453,/files/media/product/FIRE BALL 1LTR.jpeg
WEB-ITM-0226,/files/media/product/DEWARS 18YEARS LITRE.jpeg,2802,/files/media/product/DEWARS 18YEARS LITRE.jpeg
WEB-ITM-0225,/files/media/product/DALWHINNE 15YRS WHISKY 750ML.png,571,/files/media/product/DALWHINNE 15YRS WHISKY 750ML.png
WEB-ITM-0224,/files/media/product/DALMORE 12YRS SHERRY CASK SELECT 700ML.jpeg,2473,/files/media/product/DALMORE 12YRS SHERRY CASK SELECT 700ML.jpeg
WEB-ITM-0223,/files/media/product/CROWN ROYAL FINE DE LUXE LITRE.jpeg,2801,/files/media/product/CROWN ROYAL FINE DE LUXE LITRE.jpeg
WEB-ITM-0222,/files/media/product/CLEN BACK CANADIAN 750ML.png,2215,/files/media/product/CLEN BACK CANADIAN 750ML.png
WEB-ITM-0221,/files/media/product/CHIVAS REGAL XV 15YRS WHISKY 750ML.jpeg,468,/files/media/product/CHIVAS REGAL XV 15YRS WHISKY 750ML.jpeg
WEB-ITM-0220,/files/media/product/CARDHU AMBER ROCK 700ML.jpeg,2821,/files/media/product/CARDHU AMBER ROCK 700ML.jpeg
WEB-ITM-0219,/files/media/product/BLUE WARRIOR WHISY LITRE.png,2515,/files/media/product/BLUE WARRIOR WHISY LITRE.png
WEB-ITM-0218,/files/media/product/BLACK RAM HONEY 1 LITRE.jpeg,2793,/files/media/product/BLACK RAM HONEY 1 LITRE.jpeg
WEB-ITM-0217,/files/media/product/BLACK RAM BOURBON FINISH 700 ML.png,2792,/files/media/product/BLACK RAM BOURBON FINISH 700 ML.png
WEB-ITM-0216,/files/media/product/BLACK RAM BOURBON FINISH 1 LITRE.png,2791,/files/media/product/BLACK RAM BOURBON FINISH 1 LITRE.png
WEB-ITM-0215,/files/media/product/BLACK RAM APPLE 1 LITRE.png,2794,/files/media/product/BLACK RAM APPLE 1 LITRE.png
WEB-ITM-0214,/files/media/product/BALLANTINES 375ML.jpg,169,/files/media/product/BALLANTINES 375ML.jpg
WEB-ITM-0213,/files/media/product/BALLANTINE BRASIL 750ML.webp,2575,/files/media/product/BALLANTINE BRASIL 750ML.webp
WEB-ITM-0212,/files/media/product/AVALON PREMIUM WHISKY 750ML.avif,2877,/files/media/product/AVALON PREMIUM WHISKY 750ML.avif
WEB-ITM-0211,/files/media/product/AVALON PREMIUM WHISKY 250ML.jpg,2875,/files/media/product/AVALON PREMIUM WHISKY 250ML.jpg
WEB-ITM-0210,/files/media/product/ARMAND DE BRIGNAC BRUT GOLD 750ML.jpg,2796,/files/media/product/ARMAND DE BRIGNAC BRUT GOLD 750ML.jpg
WEB-ITM-0209,/files/media/product/AMRUT SINGLE MALT WHISKY 700ML.webp,2871,/files/media/product/AMRUT SINGLE MALT WHISKY 700ML.webp
WEB-ITM-0208,/files/media/product/ALL SEASONS 375ML.avif,78,/files/media/product/ALL SEASONS 375ML.avif
WEB-ITM-0207,/files/media/product/ABERLOUR 12YRS DOUBLE CASK LITRE.jpeg,2459,/files/media/product/ABERLOUR 12YRS DOUBLE CASK LITRE.jpeg
WEB-ITM-0206,/files/media/product/8PM WHISKY HONEY 750ML.jpg,28,/files/media/product/8PM WHISKY HONEY 750ML.jpg
WEB-ITM-0205,/files/media/product/8PM BLENDED WHISKY FIRE 750ML.png,27,/files/media/product/8PM BLENDED WHISKY FIRE 750ML.png
WEB-ITM-0204,/files/media/product/6TH SENSE LONDON DRY GIN 1 LITRE.png,2795,/files/media/product/6TH SENSE LONDON DRY GIN 1 LITRE.png
WEB-ITM-0203,/files/media/product/44 BLENDED SCOTCH 700ML.png,2530,/files/media/product/44 BLENDED SCOTCH 700ML.png
WEB-ITM-0202,/files/media/product/100 Strokes Whisky 750ML.webp,2858,/files/media/product/100 Strokes Whisky 750ML.webp
WEB-ITM-0201,/files/media/product/100 Strokes Whisky 375ML.jpeg,2859,/files/media/product/100 Strokes Whisky 375ML.jpeg
WEB-ITM-0200,,567,
WEB-ITM-0199,,2921,
WEB-ITM-0198,,2856,
WEB-ITM-0197,/files/media/product/STOLICHNAYA HOT 750ML.jpg,2360,/files/media/product/STOLICHNAYA HOT 750ML.jpg
WEB-ITM-0196,/files/media/product/SMIRNOFF COSMO COCKTAIL 750ML.webp,2866,/files/media/product/SMIRNOFF COSMO COCKTAIL 750ML.webp
WEB-ITM-0195,/files/media/product/SMIRNOFF.png,825,/files/media/product/SMIRNOFF.png
WEB-ITM-0194,/files/media/product/RUSSIAN BEAR WILD BERRY EXPORT 750ML.webp,2396,/files/media/product/RUSSIAN BEAR WILD BERRY EXPORT 750ML.webp
WEB-ITM-0193,/files/media/product/RUSSIAN BEAR VODKA 750ML.webp,2394,/files/media/product/RUSSIAN BEAR VODKA 750ML.webp
WEB-ITM-0192,/files/media/product/RUSSIAN BEAR PASSION FRUIT 750ML.jpeg,2395,/files/media/product/RUSSIAN BEAR PASSION FRUIT 750ML.jpeg
WEB-ITM-0191,/files/media/product/RUSSIAN BEAR ENERGY FUDION EXPORT 750ML.jpg,2393,/files/media/product/RUSSIAN BEAR ENERGY FUDION EXPORT 750ML.jpg
WEB-ITM-0190,/files/media/product/PLATINUM VODKA LITRE.webp,2852,/files/media/product/PLATINUM VODKA LITRE.webp
WEB-ITM-0189,/files/media/product/PEROVSKAIA PLATIMUM VODKA LITRE.jpeg,2569,/files/media/product/PEROVSKAIA PLATIMUM VODKA LITRE.jpeg
WEB-ITM-0188,/files/media/product/PEROVSKAIA CRANBERRY VODKA LITRE.jpeg,2568,/files/media/product/PEROVSKAIA CRANBERRY VODKA LITRE.jpeg
WEB-ITM-0187,/files/media/product/PEROVSKAIA CHOCOLATE VODKA LITRE.jpeg,2567,/files/media/product/PEROVSKAIA CHOCOLATE VODKA LITRE.jpeg
WEB-ITM-0186,/files/media/product/MR BOSTON VODKA 1LTR.png,2409,/files/media/product/MR BOSTON VODKA 1LTR.png
WEB-ITM-0185,/files/media/product/GIBSON'S GIN 1LTR.webp,820,/files/media/product/GIBSON'S GIN 1LTR.webp
WEB-ITM-0184,/files/media/product/FLIRT VODKA CHOCOLATE 700ML.jpeg,2581,/files/media/product/FLIRT VODKA CHOCOLATE 700ML.jpeg
WEB-ITM-0183,/files/media/product/FLIRT STRAWBERRY 700ML.webp,2579,/files/media/product/FLIRT STRAWBERRY 700ML.webp
WEB-ITM-0182,/files/media/product/CIROC SNAP FOREST 1LTR.webp,2381,/files/media/product/CIROC SNAP FOREST 1LTR.webp
WEB-ITM-0181,/files/media/product/CIROC RED BERRY LITRE.jpeg,2458,/files/media/product/CIROC RED BERRY LITRE.jpeg
WEB-ITM-0180,/files/media/product/CIROC PINEAPPLE VODKA 1LTR.png,485,/files/media/product/CIROC PINEAPPLE VODKA 1LTR.png
WEB-ITM-0179,/files/media/product/CIROC PEACH 700ML.jpg,2472,/files/media/product/CIROC PEACH 700ML.jpg
WEB-ITM-0178,/files/media/product/CIROC LIMONATA 700ML.png,2471,/files/media/product/CIROC LIMONATA 700ML.png
WEB-ITM-0177,/files/media/product/CIROC COCONUT 700ML.jpg,2470,/files/media/product/CIROC COCONUT 700ML.jpg
WEB-ITM-0176,/files/media/product/CIROC APPLE 750ML.jpg,479,/files/media/product/CIROC APPLE 750ML.jpg
WEB-ITM-0175,/files/media/product/BLUE MOON 750ML.avif,2265,/files/media/product/BLUE MOON 750ML.avif
WEB-ITM-0174,/files/media/product/AVALON VODKA 750ML.jpg,2879,/files/media/product/AVALON VODKA 750ML.jpg
WEB-ITM-0173,/files/media/product/AVALON VODKA 250ML.jpg,2878,/files/media/product/AVALON VODKA 250ML.jpg
WEB-ITM-0172,/files/media/product/ABSOLUT PEACH 1LTR.webp,36,/files/media/product/ABSOLUT PEACH 1LTR.webp
WEB-ITM-0171,/files/media/product/ABSOLUT LIME LITRE.webp,2457,/files/media/product/ABSOLUT LIME LITRE.webp
WEB-ITM-0170,/files/media/product/IRIS VERMOUTH ROJO LITRE.jpg,2534,/files/media/product/IRIS VERMOUTH ROJO LITRE.jpg
WEB-ITM-0169,/files/media/product/IRIS VERMOUTH BLANCO LITRE.webp,2533,/files/media/product/IRIS VERMOUTH BLANCO LITRE.webp
WEB-ITM-0168,/files/media/product/WATERMELON ICE 9000 PUFFS.jpeg,2917,/files/media/product/WATERMELON ICE 9000 PUFFS.jpeg
WEB-ITM-0167,"/files/media/product/VAPENGIN BATTERY , 96800.jpeg",2892,"/files/media/product/VAPENGIN BATTERY , 96800.jpeg"
WEB-ITM-0166,/files/media/product/SUN KISSED GRAPE 9000 PUFFS.webp,2918,/files/media/product/SUN KISSED GRAPE 9000 PUFFS.webp
WEB-ITM-0165,"/files/media/product/JUPITER 13000 RASPBERRY LEMON , 29716.jpeg",2888,"/files/media/product/JUPITER 13000 RASPBERRY LEMON , 29716.jpeg"
WEB-ITM-0164,"/files/media/product/JUPITER 13000 GRAPE ICE , 74363.webp",2889,"/files/media/product/JUPITER 13000 GRAPE ICE , 74363.webp"
WEB-ITM-0163,/files/media/product/COLA LIME 9000 PUFFS.jpg,2916,/files/media/product/COLA LIME 9000 PUFFS.jpg
WEB-ITM-0162,/files/media/product/COLA LIME 1800 PUFFS.webp,2919,/files/media/product/COLA LIME 1800 PUFFS.webp
WEB-ITM-0161,/files/media/product/BLUE RAZZ 9000 PUFFS.jpg,2915,/files/media/product/BLUE RAZZ 9000 PUFFS.jpg
WEB-ITM-0160,/files/media/product/BLUEBERRY ICE 1800 PUFFS.jpeg,2920,/files/media/product/BLUEBERRY ICE 1800 PUFFS.jpeg
WEB-ITM-0159,"/files/media/product/6500 PUFFS WATERMELON ICE COLOUR, 18687.webp",2882,"/files/media/product/6500 PUFFS WATERMELON ICE COLOUR, 18687.webp"
WEB-ITM-0158,"/files/media/product/6500 PUFFS PINEAPPLE PASSION FRUIT COLOUR , 18800.webp",2884,"/files/media/product/6500 PUFFS PINEAPPLE PASSION FRUIT COLOUR , 18800.webp"
WEB-ITM-0157,"/files/media/product/6500 PUFFS PEACH MANGO ICE COLOUR, 18801.webp",2886,"/files/media/product/6500 PUFFS PEACH MANGO ICE COLOUR, 18801.webp"
WEB-ITM-0156,"/files/media/product/6500 PUFFS LIME MINT, 94867.webp",2885,"/files/media/product/6500 PUFFS LIME MINT, 94867.webp"
WEB-ITM-0155,"/files/media/product/6500 PUFFS GRAPE ICE COLOUR , 18694.webp",2883,"/files/media/product/6500 PUFFS GRAPE ICE COLOUR , 18694.webp"
WEB-ITM-0154,"/files/media/product/13000 PEACH MANGO ICE, 84957.jpeg",2890,"/files/media/product/13000 PEACH MANGO ICE, 84957.jpeg"
WEB-ITM-0153,"/files/media/product/13000 PEACH GRAPE , 88006.webp",2887,"/files/media/product/13000 PEACH GRAPE , 88006.webp"
WEB-ITM-0152,"/files/media/product/13000 PASSION FRUIT KIWI GUAVA , 88004.jpeg",2891,"/files/media/product/13000 PASSION FRUIT KIWI GUAVA , 88004.jpeg"
WEB-ITM-0151,/files/media/product/VOLCAN REPOSADO 700ML.webp,2485,/files/media/product/VOLCAN REPOSADO 700ML.webp
WEB-ITM-0150,/files/media/product/PEPE LOPEZ TEQUILA 1LTR.jpg,1609,/files/media/product/PEPE LOPEZ TEQUILA 1LTR.jpg
WEB-ITM-0149,/files/media/product/OLMECA ALTOS REPOSADO 38% 750ML.jpeg,1557,/files/media/product/OLMECA ALTOS REPOSADO 38% 750ML.jpeg
WEB-ITM-0148,/files/media/product/DON JULIO BLANCO 750ML.webp,623,/files/media/product/DON JULIO BLANCO 750ML.webp
WEB-ITM-0147,/files/media/product/CASA MIGOS BLANCO 700ML.jpg,2469,/files/media/product/CASA MIGOS BLANCO 700ML.jpg
WEB-ITM-0146,/files/media/product/CASA MIGOS ANEJO 700ML.webp,2468,/files/media/product/CASA MIGOS ANEJO 700ML.webp
WEB-ITM-0145,/files/media/product/1800 REPOSADO RF LITRE.jpg,2481,/files/media/product/1800 REPOSADO RF LITRE.jpg
WEB-ITM-0144,/files/media/product/KONYAGI 500 ML.jpg,1230,/files/media/product/KONYAGI 500 ML.jpg
WEB-ITM-0143,/files/media/product/KONYAGI 250 ML.avif,1229,/files/media/product/KONYAGI 250 ML.avif
WEB-ITM-0142,/files/media/product/KENYA CANE LEMON & GINGER 750ML.webp,2403,/files/media/product/KENYA CANE LEMON & GINGER 750ML.webp
WEB-ITM-0141,/files/media/product/KANE EXTRA 750ML.jpg,2452,/files/media/product/KANE EXTRA 750ML.jpg
WEB-ITM-0140,/files/media/product/KANE EXTRA 250ML.avif,2864,/files/media/product/KANE EXTRA 250ML.avif
WEB-ITM-0139,/files/media/product/DALLAS BRANDY 250ML.avif,2873,/files/media/product/DALLAS BRANDY 250ML.avif
WEB-ITM-0138,/files/media/product/Stoney 350ml.avif,2863,/files/media/product/Stoney 350ml.avif
WEB-ITM-0137,/files/media/product/Sprite 350ml.webp,2862,/files/media/product/Sprite 350ml.webp
WEB-ITM-0136,/files/media/product/SPRITE 1 LITRE.jpg,2838,/files/media/product/SPRITE 1 LITRE.jpg
WEB-ITM-0135,/files/media/product/SCHWEEPES BITTER LEMON 500ML.webp,2456,/files/media/product/SCHWEEPES BITTER LEMON 500ML.webp
WEB-ITM-0134,/files/media/product/PREDATOR ENERGY.avif,2616,/files/media/product/PREDATOR ENERGY.avif
WEB-ITM-0133,/files/media/product/POWER PLAY.avif,2615,/files/media/product/POWER PLAY.avif
WEB-ITM-0132,/files/media/product/NOVIDA 350ML.jpg,2868,/files/media/product/NOVIDA 350ML.jpg
WEB-ITM-0131,/files/media/product/MINUTE MANGO 400ML.jpg,2829,/files/media/product/MINUTE MANGO 400ML.jpg
WEB-ITM-0130,/files/media/product/MINUTE MAID TROPICAL MIXED FRUIT 1 LTR.jpg,2828,/files/media/product/MINUTE MAID TROPICAL MIXED FRUIT 1 LTR.jpg
WEB-ITM-0129,/files/media/product/MINUTE MAID TROPICAL 400ML.avif,2641,/files/media/product/MINUTE MAID TROPICAL 400ML.avif
WEB-ITM-0128,/files/media/product/MINUTE MAID MANGO 1 LTR.jpeg,2826,/files/media/product/MINUTE MAID MANGO 1 LTR.jpeg
WEB-ITM-0127,/files/media/product/MINUTE MAID APPPLE 1 LTR.jpg,2827,/files/media/product/MINUTE MAID APPPLE 1 LTR.jpg
WEB-ITM-0126,/files/media/product/MINUTE MAID APPLE 400ML.jpeg,2639,/files/media/product/MINUTE MAID APPLE 400ML.jpeg
WEB-ITM-0125,/files/media/product/FANTA PASSION 500ML.jpeg,2638,/files/media/product/FANTA PASSION 500ML.jpeg
WEB-ITM-0124,/files/media/product/FANTA PASSION 2L.jpeg,2637,/files/media/product/FANTA PASSION 2L.jpeg
WEB-ITM-0123,/files/media/product/FANTA ORANGE 500ML.jpg,681,/files/media/product/FANTA ORANGE 500ML.jpg
WEB-ITM-0122,/files/media/product/Fanta Orange 350ml.webp,2861,/files/media/product/Fanta Orange 350ml.webp
WEB-ITM-0121,/files/media/product/FANTA ORANGE 2L.avif,680,/files/media/product/FANTA ORANGE 2L.avif
WEB-ITM-0120,/files/media/product/FANTA ORANGE 1.25L.jpeg,679,/files/media/product/FANTA ORANGE 1.25L.jpeg
WEB-ITM-0119,/files/media/product/FANTA BLACK CURRENT 500ML.jpg,2636,/files/media/product/FANTA BLACK CURRENT 500ML.jpg
WEB-ITM-0118,/files/media/product/Fanta Black Current 350ML.jpeg,2865,/files/media/product/Fanta Black Current 350ML.jpeg
WEB-ITM-0117,/files/media/product/FANTA BLACK CURRENT 2L.jpeg,2635,/files/media/product/FANTA BLACK CURRENT 2L.jpeg
WEB-ITM-0116,/files/media/product/FANTA BLACK CURRENT 1.25L.webp,2634,/files/media/product/FANTA BLACK CURRENT 1.25L.webp
WEB-ITM-0115,/files/media/product/DELMONTE PASSION 1LTR.webp,590,/files/media/product/DELMONTE PASSION 1LTR.webp
WEB-ITM-0114,/files/media/product/DAWA DRINK 500ML.jpeg,2493,/files/media/product/DAWA DRINK 500ML.jpeg
WEB-ITM-0113,/files/media/product/COKE 1LITRE.webp,2836,/files/media/product/COKE 1LITRE.webp
WEB-ITM-0112,/files/media/product/THREE MONKEYS RED 750ML.webp,1987,/files/media/product/THREE MONKEYS RED 750ML.webp
WEB-ITM-0111,/files/media/product/HAVANA CLUB RHUM ESPECIA LITRE.webp,2476,/files/media/product/HAVANA CLUB RHUM ESPECIA LITRE.webp
WEB-ITM-0110,/files/media/product/HAVANA CLUB RHUM ANEJO 3YRS LITRE.png,2475,/files/media/product/HAVANA CLUB RHUM ANEJO 3YRS LITRE.png
WEB-ITM-0109,/files/media/product/DON PAPA SINGLE ISLAND RUM 700ML.jpg,2813,/files/media/product/DON PAPA SINGLE ISLAND RUM 700ML.jpg
WEB-ITM-0108,/files/media/product/CAPTAIN MUCK PIT 250ML.webp,2652,/files/media/product/CAPTAIN MUCK PIT 250ML.webp
WEB-ITM-0107,/files/media/product/CAPTAIN MORGAN MUCKPIT 750ML.webp,2651,/files/media/product/CAPTAIN MORGAN MUCKPIT 750ML.webp
WEB-ITM-0106,/files/media/product/BUMBU XO 700ML.jpeg,2380,/files/media/product/BUMBU XO 700ML.jpeg
WEB-ITM-0105,/files/media/product/APPLETON ESTATE 12 YEARS LITRE.webp,2820,/files/media/product/APPLETON ESTATE 12 YEARS LITRE.webp
WEB-ITM-0104,/files/media/product/CRATES DEPOSIT.png,996,/files/media/product/CRATES DEPOSIT.png
WEB-ITM-0103,/files/media/product/BOTTLES DEPOSIT.jpg,995,/files/media/product/BOTTLES DEPOSIT.jpg
WEB-ITM-0102,/files/media/product/KO MUKHOMBERO 10% GIN COCTAIL 330ML CAN.jpg,2831,/files/media/product/KO MUKHOMBERO 10% GIN COCTAIL 330ML CAN.jpg
WEB-ITM-0101,/files/media/product/TORRERO 700ML.jpg,2854,/files/media/product/TORRERO 700ML.jpg
WEB-ITM-0100,/files/media/product/PERNOD LIQUEUR 700ML.png,1617,/files/media/product/PERNOD LIQUEUR 700ML.png
WEB-ITM-0099,/files/media/product/ORIJIN BITTERS 750ml.jpg,2855,/files/media/product/ORIJIN BITTERS 750ml.jpg
WEB-ITM-0098,/files/media/product/ORIJIN BITTERS 250ML.jpeg,2619,/files/media/product/ORIJIN BITTERS 250ML.jpeg
WEB-ITM-0097,/files/media/product/JAGERMEISTER WITH CORK 750ML.jpg,1051,/files/media/product/JAGERMEISTER WITH CORK 750ML.jpg
WEB-ITM-0096,/files/media/product/JAGERMEISTER COLD BREW 1LTR.jpg,2398,/files/media/product/JAGERMEISTER COLD BREW 1LTR.jpg
WEB-ITM-0095,/files/media/product/JAGERMEISTER 750ML.jpg,1048,/files/media/product/JAGERMEISTER 750ML.jpg
WEB-ITM-0094,/files/media/product/JAGERMEISTER 1.75ML.webp,2824,/files/media/product/JAGERMEISTER 1.75ML.webp
WEB-ITM-0093,/files/media/product/FERNET BRANCA LIQUEUR 1LTR.jpg,684,/files/media/product/FERNET BRANCA LIQUEUR 1LTR.jpg
WEB-ITM-0092,/files/media/product/BLUE CURACAO LIQUEUR 750ML.jpg,250,/files/media/product/BLUE CURACAO LIQUEUR 750ML.jpg
WEB-ITM-0091,/files/media/product/BARDINET TRIPLE SEC 750ML.jpg,2351,/files/media/product/BARDINET TRIPLE SEC 750ML.jpg
WEB-ITM-0090,/files/media/product/BARDINET CREME DE CAFE 750ML.jpg,2440,/files/media/product/BARDINET CREME DE CAFE 750ML.jpg
WEB-ITM-0089,/files/media/product/BARDINET CREME DE BANANA 750ML.png,2350,/files/media/product/BARDINET CREME DE BANANA 750ML.png
WEB-ITM-0088,/files/media/product/BARDINET CHERRY 750ML.jpg,2352,/files/media/product/BARDINET CHERRY 750ML.jpg
WEB-ITM-0087,/files/media/product/BARDINET BLUE CURACAO 750ML.jpeg,2353,/files/media/product/BARDINET BLUE CURACAO 750ML.jpeg
WEB-ITM-0086,/files/media/product/WHITLEY NEIL PARMA VIOLET 1LTR.jpg,2318,/files/media/product/WHITLEY NEIL PARMA VIOLET 1LTR.jpg
WEB-ITM-0085,/files/media/product/VICTORIA STAG GIN 750ML.jpg,2492,/files/media/product/VICTORIA STAG GIN 750ML.jpg
WEB-ITM-0084,/files/media/product/VALE PINK GIN 750ML.jpeg,2447,/files/media/product/VALE PINK GIN 750ML.jpeg
WEB-ITM-0083,/files/media/product/TANQUERAY STERLING 1LTR.webp,1935,/files/media/product/TANQUERAY STERLING 1LTR.webp
WEB-ITM-0082,/files/media/product/TANQUERAY SEVILLA GIN 1LTR.jpg,1934,/files/media/product/TANQUERAY SEVILLA GIN 1LTR.jpg
WEB-ITM-0081,/files/media/product/TANQUERAY MALACCA 700ML.webp,2317,/files/media/product/TANQUERAY MALACCA 700ML.webp
WEB-ITM-0080,/files/media/product/TANQUERAY - IMPORTED 1LT.jpg,1933,/files/media/product/TANQUERAY - IMPORTED 1LT.jpg
WEB-ITM-0079,/files/media/product/SIX DOGS KAROO 750ML.png,2570,/files/media/product/SIX DOGS KAROO 750ML.png
WEB-ITM-0078,/files/media/product/PERIGANS LONDON 700ML.jpeg,2549,/files/media/product/PERIGANS LONDON 700ML.jpeg
WEB-ITM-0077,/files/media/product/MUSGRAVE PINK GIN 750ML.jpeg,2279,/files/media/product/MUSGRAVE PINK GIN 750ML.jpeg
WEB-ITM-0076,/files/media/product/MR. BOSTON GIN 1ltr.jpeg,1481,/files/media/product/MR. BOSTON GIN 1ltr.jpeg
WEB-ITM-0075,/files/media/product/KO LEMON CELLO 10% GIN COCKTAIL 330ML CAN.jpg,2835,/files/media/product/KO LEMON CELLO 10% GIN COCKTAIL 330ML CAN.jpg
WEB-ITM-0074,/files/media/product/JJ WHITLEY NEIL PINK CHERRY GIN 750ML.jpg,1088,/files/media/product/JJ WHITLEY NEIL PINK CHERRY GIN 750ML.jpg
WEB-ITM-0073,/files/media/product/JJ WHITLEY NEIL LONDON DRY GIN 750ML.jpg,1087,/files/media/product/JJ WHITLEY NEIL LONDON DRY GIN 750ML.jpg
WEB-ITM-0072,/files/media/product/HENKES GIN 750ML.png,2576,/files/media/product/HENKES GIN 750ML.png
WEB-ITM-0071,/files/media/product/HAYMAN'S SLOE GIN 700ML.webp,2819,/files/media/product/HAYMAN'S SLOE GIN 700ML.webp
WEB-ITM-0070,/files/media/product/HAYMAN'S OLD TOM 700ML.png,2818,/files/media/product/HAYMAN'S OLD TOM 700ML.png
WEB-ITM-0069,/files/media/product/HAYMAN'S LONDON DRY GIN 700ML.jpg,2817,/files/media/product/HAYMAN'S LONDON DRY GIN 700ML.jpg
WEB-ITM-0068,/files/media/product/GORDONS LEMON 1LTR.jpeg,2192,/files/media/product/GORDONS LEMON 1LTR.jpeg
WEB-ITM-0067,/files/media/product/GILBEYS PINK 250ML.png,2223,/files/media/product/GILBEYS PINK 250ML.png
WEB-ITM-0066,/files/media/product/GILBEYS BERRY 750ML.webp,2867,/files/media/product/GILBEYS BERRY 750ML.webp
WEB-ITM-0065,/files/media/product/GIBSON ORANGE 700ml.webp,819,/files/media/product/GIBSON ORANGE 700ml.webp
WEB-ITM-0064,/files/media/product/DRUMSHANBO GUN POWDER SARDINIAN CITRUS 700ML.jpg,2839,/files/media/product/DRUMSHANBO GUN POWDER SARDINIAN CITRUS 700ML.jpg
WEB-ITM-0063,/files/media/product/DRUMSHANBO GUN POWDER ORIENTAL BOTANICAL 700ML.webp,2841,/files/media/product/DRUMSHANBO GUN POWDER ORIENTAL BOTANICAL 700ML.webp
WEB-ITM-0062,/files/media/product/DRUMSHANBO GUN POWDER ORANGE CITRUS 700ML.webp,2840,/files/media/product/DRUMSHANBO GUN POWDER ORANGE CITRUS 700ML.webp
WEB-ITM-0061,/files/media/product/CRUXLAND TUFFLE GIN 750ML.png,2404,/files/media/product/CRUXLAND TUFFLE GIN 750ML.png
WEB-ITM-0060,/files/media/product/CARIBIA GIN 750ML.jpg,2714,/files/media/product/CARIBIA GIN 750ML.jpg
WEB-ITM-0059,/files/media/product/CARIBIA GIN 250ML.jpeg,2713,/files/media/product/CARIBIA GIN 250ML.jpeg
WEB-ITM-0058,/files/media/product/BOMBAY SAPPHIRE SUNSET SPERCIAL 500ML.webp,2812,/files/media/product/BOMBAY SAPPHIRE SUNSET SPERCIAL 500ML.webp
WEB-ITM-0057,/files/media/product/BOMBAY SAPPHIRE PREMIER CRU 700ML.webp,2811,/files/media/product/BOMBAY SAPPHIRE PREMIER CRU 700ML.webp
WEB-ITM-0056,/files/media/product/AVALON GIN 750ML.avif,2876,/files/media/product/AVALON GIN 750ML.avif
WEB-ITM-0055,/files/media/product/AVALON GIN 250ML.jpg,2874,/files/media/product/AVALON GIN 250ML.jpg
WEB-ITM-0054,/files/media/product/FOUR COUSINS MARULA CREAM 500ML.webp,749,/files/media/product/FOUR COUSINS MARULA CREAM 500ML.webp
WEB-ITM-0053,/files/media/product/AMARULA RASPBERRY CHOCOLATE 750ML.webp,2843,/files/media/product/AMARULA RASPBERRY CHOCOLATE 750ML.webp
WEB-ITM-0052,/files/media/product/MOULLON VSOP 700ML.jpeg,2809,/files/media/product/MOULLON VSOP 700ML.jpeg
WEB-ITM-0051,/files/media/product/MONTIFAUD VSOP 700ML.jpg,2808,/files/media/product/MONTIFAUD VSOP 700ML.jpg
WEB-ITM-0050,/files/media/product/MENARD VSOP 700ML.webp,2810,/files/media/product/MENARD VSOP 700ML.webp
WEB-ITM-0049,/files/media/product/MARTEL XO 1LTR.jpeg,2455,/files/media/product/MARTEL XO 1LTR.jpeg
WEB-ITM-0048,/files/media/product/MARTEL NOBLIGE 1 LITRE.webp,2851,/files/media/product/MARTEL NOBLIGE 1 LITRE.webp
WEB-ITM-0047,/files/media/product/JACK DANIEL'S APPLE 350ML.webp,2847,/files/media/product/JACK DANIEL'S APPLE 350ML.webp
WEB-ITM-0046,/files/media/product/HENNESSY PURE WHITE 700ML.webp,2804,/files/media/product/HENNESSY PURE WHITE 700ML.webp
WEB-ITM-0045,/files/media/product/GLENMORANGIE 18YRS THE INFINITA 700ML.png,2848,/files/media/product/GLENMORANGIE 18YRS THE INFINITA 700ML.png
WEB-ITM-0044,/files/media/product/CHATEAU MONTIFAUD VSOP 700ML.jpeg,2846,/files/media/product/CHATEAU MONTIFAUD VSOP 700ML.jpeg
WEB-ITM-0043,/files/media/product/SPORTSMAN KING SIZE.jpeg,1864,/files/media/product/SPORTSMAN KING SIZE.jpeg
WEB-ITM-0042,/files/media/product/DUNHILL SINGLE SWITCH.jpg,2368,/files/media/product/DUNHILL SINGLE SWITCH.jpg
WEB-ITM-0041,/files/media/product/Snapp Dry Cider 330ml.png,2329,/files/media/product/Snapp Dry Cider 330ml.png
WEB-ITM-0040,/files/media/product/MANYATTA CAN PINEAPPLE & MINT 330ML.webp,2399,/files/media/product/MANYATTA CAN PINEAPPLE & MINT 330ML.webp
WEB-ITM-0039,/files/media/product/KO PINEAPPLE & MINT CAN 330ML.jpg,2405,/files/media/product/KO PINEAPPLE & MINT CAN 330ML.jpg
WEB-ITM-0038,/files/media/product/KO PASSION FRUIT & LIME CAN 330ML.png,2406,/files/media/product/KO PASSION FRUIT & LIME CAN 330ML.png
WEB-ITM-0037,/files/media/product/KO HONEY & LEMON 330ML.jpeg,2407,/files/media/product/KO HONEY & LEMON 330ML.jpeg
WEB-ITM-0036,/files/media/product/KO DRY CIDER 500ML.jpg,2580,/files/media/product/KO DRY CIDER 500ML.jpg
WEB-ITM-0035,/files/media/product/MOET & CHANDON ROSE IMPERIAL 750ml.jpg,1453,/files/media/product/MOET & CHANDON ROSE IMPERIAL 750ml.jpg
WEB-ITM-0034,/files/media/product/MOET & CHANDON NECTAR IMPERIAL ROSE 750ML.webp,1449,/files/media/product/MOET & CHANDON NECTAR IMPERIAL ROSE 750ML.webp
WEB-ITM-0033,/files/media/product/MOET & CHANDON NECTAR IMPERIAL 750ml.webp,1454,/files/media/product/MOET & CHANDON NECTAR IMPERIAL 750ml.webp
WEB-ITM-0032,/files/media/product/MOET & CHANDON ICE IMPERIAL 750ML.jpeg,1444,/files/media/product/MOET & CHANDON ICE IMPERIAL 750ML.jpeg
WEB-ITM-0031,/files/media/product/MOET & CHANDON BRUT IMPERIAL 750ML.jpeg,1450,/files/media/product/MOET & CHANDON BRUT IMPERIAL 750ML.jpeg
WEB-ITM-0030,/files/media/product/LUC BELAIRE ROSE 1.5LTR.jpg,2374,/files/media/product/LUC BELAIRE ROSE 1.5LTR.jpg
WEB-ITM-0029,/files/media/product/LUC BELAIRE RARE ROSE 750ML.jpeg,1323,/files/media/product/LUC BELAIRE RARE ROSE 750ML.jpeg
WEB-ITM-0028,/files/media/product/LUC BELAIRE RARE BRUT 750ML.jpg,2305,/files/media/product/LUC BELAIRE RARE BRUT 750ML.jpg
WEB-ITM-0027,/files/media/product/LAURENT- PERRIER ROSE CHAMPAGNE 750ML.jpg,1267,/files/media/product/LAURENT- PERRIER ROSE CHAMPAGNE 750ML.jpg
WEB-ITM-0026,/files/media/product/LIBERTY SPIRIT 250ML.webp,2415,/files/media/product/LIBERTY SPIRIT 250ML.webp
WEB-ITM-0025,/files/media/product/JP CHENET VS 700ML.jpeg,2477,/files/media/product/JP CHENET VS 700ML.jpeg
WEB-ITM-0024,/files/media/product/CICERO BRANDY 250ML.webp,2388,/files/media/product/CICERO BRANDY 250ML.webp
WEB-ITM-0023,/files/media/product/BARDINET BRANDY VSOP 1ltr.jpg,174,/files/media/product/BARDINET BRANDY VSOP 1ltr.jpg
WEB-ITM-0022,/files/media/product/WINDHOEK LAGER 33OML.jpg,2126,/files/media/product/WINDHOEK LAGER 33OML.jpg
WEB-ITM-0021,/files/media/product/TUBORG GREEN CAN 500ML.webp,2020,/files/media/product/TUBORG GREEN CAN 500ML.webp
WEB-ITM-0020,/files/media/product/TUBORG GREEN BOTTLE 330ML.jpg,2922,/files/media/product/TUBORG GREEN BOTTLE 330ML.jpg
WEB-ITM-0019,/files/media/product/SMIRNOFF ICE RASBERRY CAN 330ML.jpg,2845,/files/media/product/SMIRNOFF ICE RASBERRY CAN 330ML.jpg
WEB-ITM-0018,/files/media/product/SMIRNOFF - ICE GUARANA 330ML.webp,2430,/files/media/product/SMIRNOFF - ICE GUARANA 330ML.webp
WEB-ITM-0017,/files/media/product/ROYAL CIRCLE WHISKY COLA 330ML.avif,2911,/files/media/product/ROYAL CIRCLE WHISKY COLA 330ML.avif
WEB-ITM-0016,/files/media/product/OJ 20% BEER.webp,2482,/files/media/product/OJ 20% BEER.webp
WEB-ITM-0015,/files/media/product/KO LIME AND GINGER 330 ML CAN.jpg,2904,/files/media/product/KO LIME AND GINGER 330 ML CAN.jpg
WEB-ITM-0014,/files/media/product/JINRO STRAWBERRY 360ML.webp,2414,/files/media/product/JINRO STRAWBERRY 360ML.webp
WEB-ITM-0013,/files/media/product/JINRO PLUM SOJU 360ML.png,2412,/files/media/product/JINRO PLUM SOJU 360ML.png
WEB-ITM-0012,/files/media/product/JINRO PEACH 360ML.jpg,2411,/files/media/product/JINRO PEACH 360ML.jpg
WEB-ITM-0011,/files/media/product/JINRO LEMON SOJU 350ML.jpg,2900,/files/media/product/JINRO LEMON SOJU 350ML.jpg
WEB-ITM-0010,/files/media/product/JINRO GREEN GRAPE 360ML.jpg,2410,/files/media/product/JINRO GREEN GRAPE 360ML.jpg
WEB-ITM-0009,/files/media/product/JINRO GRAPE FRUIT SOJU 360.jpg,2413,/files/media/product/JINRO GRAPE FRUIT SOJU 360.jpg
WEB-ITM-0008,/files/media/product/JINRO CHAMISUL ORIGINAL SOJU 350 ML.jpg,2833,/files/media/product/JINRO CHAMISUL ORIGINAL SOJU 350 ML.jpg
WEB-ITM-0007,/files/media/product/JINRO CHAMISUL FRESH SOJU 360 ML.jpg,2832,/files/media/product/JINRO CHAMISUL FRESH SOJU 360 ML.jpg
WEB-ITM-0006,/files/media/product/JINRO BLUE SOJU 360ML.webp,2834,/files/media/product/JINRO BLUE SOJU 360ML.webp
WEB-ITM-0005,/files/media/product/GUINESS CAN SMOOTH 330ML CAN.webp,2408,/files/media/product/GUINESS CAN SMOOTH 330ML CAN.webp
WEB-ITM-0004,/files/media/product/EMBER PINE POA 750 ML.avif,2903,/files/media/product/EMBER PINE POA 750 ML.avif
WEB-ITM-0003,/files/media/product/EMBER PINE POA 250 ML.webp,2902,/files/media/product/EMBER PINE POA 250 ML.webp
WEB-ITM-0002,/files/media/product/BUDWEISER 500ML CAN.webp,2906,/files/media/product/BUDWEISER 500ML CAN.webp
WEB-ITM-0001,/files/media/product/BUDWEISER 330ML BOTTLE.webp,2905,/files/media/product/BUDWEISER 330ML BOTTLE.webp
